id,name,price,promotion_price,store_id,last_seen_time,category,active
1347776,"Kirkland Signature Wildflower Honey, 5 lbs",14.79,14.79,COSTCO_95616,2025-09-12T19:30:05Z,baking,True
1032932,"Kirkland Signature Organic Raw Honey Bear, 24 oz, 3 ct",18.09,18.09,COSTCO_95616,2025-09-12T19:30:05Z,baking,True
48431,"N'Joy Cane Sugar, 22 oz, 8 ct",18.39,18.39,COSTCO_95616,2025-09-12T19:30:05Z,baking,True
801465,"C&H Premium Pure Cane Sugar, Light Brown, 25 lbs",23.99,23.99,COSTCO_95616,2025-09-12T19:30:05Z,baking,True
2005,"Ardent Mills Harvest Hotel & Restaurant All-Purpose Flour, 25 lbs",9.19,9.19,COSTCO_95616,2025-09-12T19:30:05Z,baking,True
7874,"Krusteaz Buttermilk Complete Pancake Mix, 10 lbs",8.99,8.99,COSTCO_95616,2025-09-12T19:30:05Z,baking,True
118677,"Nestle Toll House Semi-Sweet Chocolate Chip Morsels, 4 lb 8 oz",16.79,16.79,COSTCO_95616,2025-09-12T19:30:05Z,baking,True
814602,"C&H Pure Cane Sugar, Granulated, 50 lbs",36.65,36.65,COSTCO_95616,2025-09-12T19:30:05Z,baking,True
2029,"Ardent Mills Harvest Hotel & Restaurant All-Purpose Flour, 50 lbs",17.99,17.99,COSTCO_95616,2025-09-12T19:30:05Z,baking,True
815248,"ReaLemon 100% Lemon Juice, 48 fl oz, 2 ct",6.59,6.59,COSTCO_95616,2025-09-12T19:30:05Z,baking,True
1147377,"Kirkland Signature Organic Blue Agave, 36 oz, 2 ct",10.79,10.79,COSTCO_95616,2025-09-12T19:30:05Z,baking,True
1218198,"Rodelle Pure Vanilla Extract, 32 fl oz",22.49,22.49,COSTCO_95616,2025-09-12T19:30:05Z,baking,True
1581546,"Sweetened Condensed Milk, 14 oz, 6 ct",10.59,10.59,COSTCO_95616,2025-09-12T19:30:05Z,baking,True
36285,"Kirkland Signature Walnuts, Baking Nuts, 3 lbs",16.49,16.49,COSTCO_95616,2025-09-12T19:30:05Z,baking,True
925991,"Clabber Girl Baking Powder, 4 lbs",13.59,13.59,COSTCO_95616,2025-09-12T19:30:05Z,baking,True
1752247,"Clabber Girl Corn Starch, 3 lbs",5.39,5.39,COSTCO_95616,2025-09-12T19:30:05Z,baking,True
1495072,"Sliced Raw Almonds, Baking Nuts, 5 lbs",27.39,27.39,COSTCO_95616,2025-09-12T19:30:05Z,baking,True
203444,"Kirkland Signature Pecan Halves, Baking Nuts, 2 lbs",14.79,14.79,COSTCO_95616,2025-09-12T19:30:05Z,baking,True
901991,"Kirkland Signature Organic Sugar, Fine Granulated, 10 lbs",11.99,11.99,COSTCO_95616,2025-09-12T19:30:05Z,baking,True
1179091,"Del Destino 100% Lemon Juice, 128 fl oz",9.59,9.59,COSTCO_95616,2025-09-12T19:30:05Z,baking,True
737901,"C&H Pure Cane Sugar, Golden Brown, 7 lbs",7.79,7.79,COSTCO_95616,2025-09-12T19:30:05Z,baking,True
426292,"Arm & Hammer Pure Baking Soda, 13.5 lbs",10.29,10.29,COSTCO_95616,2025-09-12T19:30:05Z,baking,True
7685,"Nestle La Lechera Sweetened Condensed Milk, 14 oz, 6 ct",13.59,13.59,COSTCO_95616,2025-09-12T19:30:05Z,baking,True
1904308,"Pure Cane Sugar, Granulated, 25 lbs",20.59,20.59,COSTCO_95616,2025-09-12T19:30:05Z,baking,True
284601,"Kirkland Signature Whole Almonds, Baking Nuts, 3 lbs",14.29,14.29,COSTCO_95616,2025-09-12T19:30:05Z,baking,True
847909,"Ghirardelli Triple Chocolate Premium Brownie Mix, 7.5 lbs",17.29,17.29,COSTCO_95616,2025-09-12T19:30:05Z,baking,True
97288,"C&H Pure Cane Sugar, Confectioners Powdered, 50 lbs",43.15,43.15,COSTCO_95616,2025-09-12T19:30:05Z,baking,True
9440,"Thai Kitchen Organic Coconut Milk, Unsweetened, 13.66 fl oz, 6 ct",10.59,10.59,COSTCO_95616,2025-09-12T19:30:05Z,baking,True
317946,"Sugar in the Raw Turbinado Cane Sugar, 6 lbs",9.29,9.29,COSTCO_95616,2025-09-12T19:30:05Z,baking,True
1327935,"Kirkland Signature Evaporated Milk, 12 fl oz, 12 ct",13.69,13.69,COSTCO_95616,2025-09-12T19:30:05Z,baking,True
1495134,"Pecan Pieces,  Baking Nuts, 5 lbs",32.99,32.99,COSTCO_95616,2025-09-12T19:30:05Z,baking,True
737675,"C&H Pure Cane Sugar, Confectioners Powdered, 7 lbs",8.49,8.49,COSTCO_95616,2025-09-12T19:30:05Z,baking,True
1904306,"Pure Cane Sugar, Granulated, 50 lbs",40.49,40.49,COSTCO_95616,2025-09-12T19:30:05Z,baking,True
1178969,"Kirkland Signature Almond Flour, 3 lbs",12.09,12.09,COSTCO_95616,2025-09-12T19:30:05Z,baking,True
1904043,"Pure Cane Sugar, Granulated, 10 lbs",8.29,8.29,COSTCO_95616,2025-09-12T19:30:05Z,baking,True
1495144,"Walnut Pieces, Baking Nuts, 5 lbs",28.59,28.59,COSTCO_95616,2025-09-12T19:30:05Z,baking,True
1179108,"Del Destino 100% Lime Juice, 128 fl oz",9.99,9.99,COSTCO_95616,2025-09-12T19:30:05Z,baking,True
532572,"Rodelle Imitation Vanilla, 128 fl oz",8.39,8.39,COSTCO_95616,2025-09-12T19:30:05Z,baking,True
2751,"Red Star Active Dry Yeast, 2 lbs",7.39,7.39,COSTCO_95616,2025-09-12T19:30:05Z,baking,True
614919,"SAF Red Label Instant Yeast, 1 lb",4.59,4.59,COSTCO_95616,2025-09-12T19:30:05Z,baking,True
118652,"Nestle Carnation Evaporated Milk, 12 fl oz, 12 ct",18.19,18.19,COSTCO_95616,2025-09-12T19:30:05Z,baking,True
1582259,"Organic Pure Cane Sugar, Brown, 7.5 lbs",8.79,8.79,COSTCO_95616,2025-09-12T19:30:05Z,baking,True
1485523,"All Purpose Flour, Unbleached, 10 lbs, 2 ct",18.49,18.49,COSTCO_95616,2025-09-12T19:30:05Z,baking,True
1089539,"Karo Red Label Light Corn Syrup, 1 Gallon",16.19,16.19,COSTCO_95616,2025-09-12T19:30:05Z,baking,True
482849,"Ardent Mills Kyrol Premium High Gluten Flour, 50 lbs",22.99,22.99,COSTCO_95616,2025-09-12T19:30:05Z,baking,True
941275,"Kirkland Signature Organic Pine Nuts, 1.5 lbs",27.39,27.39,COSTCO_95616,2025-09-12T19:30:05Z,baking,True
1878528,"Rodelle Natural Vanilla Paste, 32 fl oz",28.19,28.19,COSTCO_95616,2025-09-12T19:30:05Z,baking,True
405,"Ardent Mills Harvest Bread Flour, 50 lbs",17.19,17.19,COSTCO_95616,2025-09-12T19:30:05Z,baking,True
1750715,"Sioux Pure Honey, Light Amber, 60 lbs",119.99,119.99,COSTCO_95616,2025-09-12T19:30:05Z,baking,True
1495140,"Whole Almonds, Baking Nuts, 5 lbs",22.79,22.79,COSTCO_95616,2025-09-12T19:30:05Z,baking,True
2706,"Ardent Mills Hotel & Restaurant All-Purpose Unbleached Flour, 50 lbs",19.39,19.39,COSTCO_95616,2025-09-12T19:30:05Z,baking,True
150704,"Krusteaz Belgian Waffle Mix, 5 lbs",8.39,8.39,COSTCO_95616,2025-09-12T19:30:05Z,baking,True
652831,"Maseca Instant Corn Masa Flour, #1 Regular, 50 lbs",32.99,32.99,COSTCO_95616,2025-09-12T19:30:05Z,baking,True
45943,"Ardent Mills Fine Whole Wheat Flour, 50 lbs",19.59,19.59,COSTCO_95616,2025-09-12T19:30:05Z,baking,True
1034643,"Sue Bee Pure Honey, Raw Unfiltered NorCal Honey, 80 oz",22.59,22.59,COSTCO_95616,2025-09-12T19:30:05Z,baking,True
1065279,"Maseca Special Regular 0 Corn Flour, 50 lbs",33.49,33.49,COSTCO_95616,2025-09-12T19:30:05Z,baking,True
1966914,"Dawn Professional Hi-Ratio Cake Base, 25 lbs",40.59,40.59,COSTCO_95616,2025-09-12T19:30:05Z,baking,True
1027324,"Thomas' Bagels, Plain, 12 ct",7.29,7.29,COSTCO_95616,2025-09-12T19:30:08Z,breads-bakery,True
349338,"Thomas' Original Nooks and Crannies English Muffin, 24 ct",10.89,10.89,COSTCO_95616,2025-09-12T19:30:08Z,breads-bakery,True
882073,"Oroweat 100% Whole Wheat Bread, 32 oz, 2 ct",8.89,8.89,COSTCO_95616,2025-09-12T19:30:08Z,breads-bakery,True
668460,"Papa Pita 7"" Greek Flat Bread, 12 ct",5.29,5.29,COSTCO_95616,2025-09-12T19:30:08Z,breads-bakery,True
689917,"King's Hawaiian Sweet Rolls, Original, 32 ct",7.99,7.99,COSTCO_95616,2025-09-12T19:30:08Z,breads-bakery,True
1412777,"Universal Bakery Traditional Aussie Bites, 27 oz",11.09,11.09,COSTCO_95616,2025-09-12T19:30:08Z,breads-bakery,True
1027314,"Thomas' Bagels, Everything, 12 ct",7.29,7.29,COSTCO_95616,2025-09-12T19:30:08Z,breads-bakery,True
1343983,"Donsuemor Madeleines, Traditional, 1 oz, 28 ct",10.19,10.19,COSTCO_95616,2025-09-12T19:30:08Z,breads-bakery,True
1333848,"The Worthy Crumb Mini Muffins, Blueberry, 2.6 oz, 16 ct",14.19,14.19,COSTCO_95616,2025-09-12T19:30:08Z,breads-bakery,True
1873060,"Kirkland Signature Mini Muffin Bites, Chocolate Chip, 20 ct",10.59,10.59,COSTCO_95616,2025-09-12T19:30:08Z,breads-bakery,True
9751,"Sugar Bowl Bakery Brownie Bites, 2 lbs",8.29,8.29,COSTCO_95616,2025-09-12T19:30:08Z,breads-bakery,True
1291242,"Sun-Maid Raisin Bread, Cinnamon Swirl, 16 oz, 2 ct",7.99,7.99,COSTCO_95616,2025-09-12T19:30:08Z,breads-bakery,True
1650752,"Bon Appetit Gourmet Danish, Variety Pack, 3 oz, 18 ct",16.79,16.79,COSTCO_95616,2025-09-12T19:30:08Z,breads-bakery,True
922283,"Franz 100% Whole Wheat Bread, 32 oz, 2 ct",6.99,6.99,COSTCO_95616,2025-09-12T19:30:08Z,breads-bakery,True
512447,"Dave's Killer Bread, Organic 21 Whole Grains, 27 oz, 2 ct",10.39,10.39,COSTCO_95616,2025-09-12T19:30:08Z,breads-bakery,True
839654,"Oroweat Country Bread, Buttermilk, 32 oz, 2 ct",8.89,8.89,COSTCO_95616,2025-09-12T19:30:08Z,breads-bakery,True
15567,"Svenhard's Danish, Variety Pack, 30 ct",19.19,19.19,COSTCO_95616,2025-09-12T19:30:08Z,breads-bakery,True
208429,"Mission 10"" Flour Tortillas, 40 ct",9.09,9.09,COSTCO_95616,2025-09-12T19:30:08Z,breads-bakery,True
1649949,"Bon Appetit Mini Chocolate Donuts, 6-pack, 8 ct",13.59,13.59,COSTCO_95616,2025-09-12T19:30:08Z,breads-bakery,True
1333847,"The Worthy Crumb Mini Muffins, Chocolate Chip, 2.6 oz, 16 ct",14.19,14.19,COSTCO_95616,2025-09-12T19:30:08Z,breads-bakery,True
1305343,"Francisco International Deli Hot Dog Buns, 16 ct",4.59,4.59,COSTCO_95616,2025-09-12T19:30:08Z,breads-bakery,True
1305348,"Francisco Deli Hamburger Buns, 16 ct",4.59,4.59,COSTCO_95616,2025-09-12T19:30:08Z,breads-bakery,True
17351,"Guerrero 6"" Corn Tortillas, 100 ct",5.29,5.29,COSTCO_95616,2025-09-12T19:30:08Z,breads-bakery,True
906459,"Hostess Cupcakes and Twinkies, Variety Pack, 32 ct",10.39,10.39,COSTCO_95616,2025-09-12T19:30:08Z,breads-bakery,True
1714387,"The Worthy Crumb Muffins, Banana Nut, 3.6 oz, 12 ct",10.59,10.59,COSTCO_95616,2025-09-12T19:30:08Z,breads-bakery,True
1455309,"Bon Appetit Banana Bread Slice, 4 oz, 8 ct",13.59,13.59,COSTCO_95616,2025-09-12T19:30:08Z,breads-bakery,True
924488,"Cloverhill Bakery Big Texas Cinnamon Roll, 4 oz, 12 ct",9.09,9.09,COSTCO_95616,2025-09-12T19:30:08Z,breads-bakery,True
1685,"Guerrero 8"" Soft Taco Flour Tortillas, 40 ct",5.99,5.99,COSTCO_95616,2025-09-12T19:30:08Z,breads-bakery,True
1699638,"Cloverhill Bakery Jumbo Honey Bun, Glazed, 4 oz, 12 ct",9.99,9.99,COSTCO_95616,2025-09-12T19:30:08Z,breads-bakery,True
3315,"Bimbo Pan Blanco Grande, White Bread, 48 oz, 2 ct",6.19,6.19,COSTCO_95616,2025-09-12T19:30:08Z,breads-bakery,True
956170,"Franz Brioche Hamburger Buns, 12 ct",6.19,6.19,COSTCO_95616,2025-09-12T19:30:08Z,breads-bakery,True
1284410,"La Boulangere Pains au Chocolat Croissants, 16 ct",10.19,10.19,COSTCO_95616,2025-09-12T19:30:08Z,breads-bakery,True
563991,"Bimbo Mini Mantecadas, Vanilla, 2.21 oz, 8 ct",4.79,4.79,COSTCO_95616,2025-09-12T19:30:08Z,breads-bakery,True
103421,"Franz Gluten Free 7 Grain Bread, 20 oz, 2 ct",11.39,11.39,COSTCO_95616,2025-09-12T19:30:08Z,breads-bakery,True
1073095,"Sara Lee Artesano Style White Bread, 20 oz, 2 ct",6.79,6.79,COSTCO_95616,2025-09-12T19:30:08Z,breads-bakery,True
829729,"Aunt Hattie's 4-1/2"" Sesame Hamburger Buns, Restaurant Style, 12 ct",3.59,3.59,COSTCO_95616,2025-09-12T19:30:08Z,breads-bakery,True
937348,"Sugar Bowl Bakery Petite Palmiers, 32 oz",10.09,10.09,COSTCO_95616,2025-09-12T19:30:08Z,breads-bakery,True
1498057,"Entenmann’s Little Bites Party Cake Muffins, 1.65 oz, 20 ct",12.09,12.09,COSTCO_95616,2025-09-12T19:30:08Z,breads-bakery,True
1646907,"Bon Appetit Mini Powdered Donuts, 6-pack, 8 ct",13.59,13.59,COSTCO_95616,2025-09-12T19:30:08Z,breads-bakery,True
1455380,"Bon Appetit Cheese & Berries Danish, 5 oz, 8 ct",13.59,13.59,COSTCO_95616,2025-09-12T19:30:08Z,breads-bakery,True
861029,"Marinela Pastelito Gansito Snack Cakes, 1.76 oz, 24 ct",10.39,10.39,COSTCO_95616,2025-09-12T19:30:08Z,breads-bakery,True
120367,"Las Fortunitas 10"" Flour Tortillas, 30 ct",4.79,4.79,COSTCO_95616,2025-09-12T19:30:08Z,breads-bakery,True
1455401,"Bon Appetit Cheese Coffee Bar Cake, 4 oz, 8 ct",13.59,13.59,COSTCO_95616,2025-09-12T19:30:08Z,breads-bakery,True
322355,"Franz Sliders Mini Hamburger Buns, 24 ct",4.09,4.09,COSTCO_95616,2025-09-12T19:30:08Z,breads-bakery,True
1455366,"Bon Appetit Blueberry Cream Danish, 5 oz, 8 ct",13.59,13.59,COSTCO_95616,2025-09-12T19:30:08Z,breads-bakery,True
1552971,"Oroweat Oatnut Bread, 32 oz, 2 ct",8.89,8.89,COSTCO_95616,2025-09-12T19:30:08Z,breads-bakery,True
232473,"Las Fortunitas 12"" Flour Tortillas, 24 ct",6.19,6.19,COSTCO_95616,2025-09-12T19:30:08Z,breads-bakery,True
1781322,"Two Bite OREO Muffins, 2 oz, 12 ct",9.19,9.19,COSTCO_95616,2025-09-12T19:30:08Z,breads-bakery,True
1455319,"Bon Appetit Bear Claw, 5 oz, 8 ct",13.59,13.59,COSTCO_95616,2025-09-12T19:30:08Z,breads-bakery,True
713817,"La Fiesta 13.5"" Flour Tortillas, 48 oz, 10 ct",4.09,4.09,COSTCO_95616,2025-09-12T19:30:08Z,breads-bakery,True
1455279,"Bon Appetit Apple Danish, 5 oz, 8 ct",13.59,13.59,COSTCO_95616,2025-09-12T19:30:08Z,breads-bakery,True
1408143,"JJ's Bakery Apple Pie, Lightly Glazed, 4 oz, 16 ct",11.29,11.29,COSTCO_95616,2025-09-12T19:30:08Z,breads-bakery,True
841994,"Francisco 6"" French Rolls, 12 ct",5.69,5.69,COSTCO_95616,2025-09-12T19:30:08Z,breads-bakery,True
954303,"Francisco Gourmet Sesame Seed Hoagie Rolls, 12 ct",4.19,4.19,COSTCO_95616,2025-09-12T19:30:08Z,breads-bakery,True
15485,Sacramento Baking Co Sourdough Bread 2 ct,8.59,8.59,COSTCO_95616,2025-09-12T19:30:08Z,breads-bakery,True
1182511,"El Camino Real Bakery Organic Ultra Raisin Bread with Cinnamon Swirl, 28 oz, 2 ct",10.19,10.19,COSTCO_95616,2025-09-12T19:30:08Z,breads-bakery,True
186747,"Entenmann's Little Bites Chocolate Chip Muffins, 1.65 oz, 20 ct",12.09,12.09,COSTCO_95616,2025-09-12T19:30:08Z,breads-bakery,True
1455391,"Bon Appetit Cheese Croissant, 5 oz, 8 ct",13.59,13.59,COSTCO_95616,2025-09-12T19:30:08Z,breads-bakery,True
1343637,"Dave's Killer Bread Organic Bagels, Epic Everything, 5 ct",5.19,5.19,COSTCO_95616,2025-09-12T19:30:08Z,breads-bakery,True
1911246,"Universal Bakery Strawberry Lemon Delights, 30 oz",10.19,10.19,COSTCO_95616,2025-09-12T19:30:08Z,breads-bakery,True
33831,"Rainbo Ball Park 8"" Hot Dog Buns, 16 ct",5.79,5.79,COSTCO_95616,2025-09-12T19:30:08Z,breads-bakery,True
1783575,"Two Bite Chips Ahoy! Muffin, 2 oz, 12 ct",9.09,9.09,COSTCO_95616,2025-09-12T19:30:08Z,breads-bakery,True
1953937,"Bon Appetit Danish, Caramel Creme, 5 oz, 8 ct",13.59,13.59,COSTCO_95616,2025-09-12T19:30:08Z,breads-bakery,True
1889233,"La Boulangere Filled Pancakes, Chocolate Hazelnut, 1.3 oz, 20 ct",11.39,11.39,COSTCO_95616,2025-09-12T19:30:08Z,breads-bakery,True
856275,"Marinela Pingüinos Chocolate Crème-Filled Cupcakes, 1.41 oz,  24 ct",10.19,10.19,COSTCO_95616,2025-09-12T19:30:08Z,breads-bakery,True
1835386,"Bon Appetit Strawberry ‘N Creme Danish, 4.6 oz, 10 ct",16.79,16.79,COSTCO_95616,2025-09-12T19:30:08Z,breads-bakery,True
1455452,"Bon Appetit Concha, 5 oz, 8 ct",13.59,13.59,COSTCO_95616,2025-09-12T19:30:08Z,breads-bakery,True
5816,"Guerrero 4.5"" Corn Tortillas, 60 ct",3.69,3.69,COSTCO_95616,2025-09-12T19:30:08Z,breads-bakery,True
1954822,"Bon Appetit Mantecada Grande Cake, 4.5 oz, 8 ct",13.59,13.59,COSTCO_95616,2025-09-12T19:30:08Z,breads-bakery,True
1408144,"JJ's Bakery Cherry Pie, Lightly Glazed, 4 oz, 16 ct",11.29,11.29,COSTCO_95616,2025-09-12T19:30:08Z,breads-bakery,True
1954813,"Bon Appetit Strawberry Concha, 5 oz, 8 ct",13.59,13.59,COSTCO_95616,2025-09-12T19:30:08Z,breads-bakery,True
1954665,"Bon Appetit Danish, Caramel Chocolatier, 5 oz, 8 ct",13.59,13.59,COSTCO_95616,2025-09-12T19:30:08Z,breads-bakery,True
1959305,"Nongshim Ppang Bujang Salted Butter Roll Snack, 1.94 oz, 12 ct",16.89,16.89,COSTCO_95616,2025-09-12T19:30:08Z,breads-bakery,True
1096103,"Food Service Texas Toast Bread, 20 oz loaf",3.09,3.09,COSTCO_95616,2025-09-12T19:30:08Z,breads-bakery,True
1903884,"7Days Soft Baked Croissant, Vanilla Filling, 2.65 oz, 12 ct",11.39,11.39,COSTCO_95616,2025-09-12T19:30:08Z,breads-bakery,True
1903879,"7 Days Soft Baked Croissant, Chocolate Filling, 2.65 oz, 12 ct",11.39,11.39,COSTCO_95616,2025-09-12T19:30:08Z,breads-bakery,True
31812,"Oroweat 12 Grain Bread, 24 oz, 2 ct",6.99,6.99,COSTCO_95616,2025-09-12T19:30:08Z,breads-bakery,True
1407686,"Mission Carb Balance 8"" Flour Tortilla Wraps, 24 oz, 16 ct",7.99,7.99,COSTCO_95616,2025-09-12T19:30:08Z,breads-bakery,True
1365198,"El Camino Real Bakery Petite Cinnamon Rolls, 30 oz",8.99,8.99,COSTCO_95616,2025-09-12T19:30:08Z,breads-bakery,True
300174,"Las Fortunitas 8"" Whole Wheat Tortillas, 40 ct",5.19,5.19,COSTCO_95616,2025-09-12T19:30:08Z,breads-bakery,True
1240921,"Oroweat Sandwich Thins, Multigrain, 18 ct",10.19,10.19,COSTCO_95616,2025-09-12T19:30:08Z,breads-bakery,True
44871,"Alfaro’s Micro-Bakery Santa Cruz Sourdough Bread, 24 oz, 2 ct",7.69,7.69,COSTCO_95616,2025-09-12T19:30:08Z,breads-bakery,True
576692,"La Fiesta 4.5"" Corn Tortillas, 34 oz, 60 ct",3.09,3.09,COSTCO_95616,2025-09-12T19:30:08Z,breads-bakery,True
1794356,"Franz Brown and Serve Torta Rolls, 12 ct",7.39,7.39,COSTCO_95616,2025-09-12T19:30:08Z,breads-bakery,True
1845154,"Le Boulanger The Baker Dutch Crunch Sandwich Roll, 8 oz, 6 ct",5.89,5.89,COSTCO_95616,2025-09-12T19:30:08Z,breads-bakery,True
280716,"Las Fortunitas 6"" White Corn Tortillas, 120 ct",4.29,4.29,COSTCO_95616,2025-09-12T19:30:08Z,breads-bakery,True
698091,"Tortilla Fresca Uncooked Flour Tortillas, 44 ct",8.99,8.99,COSTCO_95616,2025-09-12T19:30:08Z,breads-bakery,True
1845197,"Le Boulanger Sweet French Sandwich Rolls, 6 ct",5.59,5.59,COSTCO_95616,2025-09-12T19:30:08Z,breads-bakery,True
186750,"Entenmann’s Little Bites Fudge Brownies, 1.95 oz, 20 ct",12.09,12.09,COSTCO_95616,2025-09-12T19:30:08Z,breads-bakery,True
1845201,"Le Boulanger The Baker Sourdough Bread, Thick Sliced, 34 oz",5.69,5.69,COSTCO_95616,2025-09-12T19:30:08Z,breads-bakery,True
1557773,"Imuraya Castella Japanese Style Baked Sponge Cake, Original, 5 pieces, 3 ct",14.79,14.79,COSTCO_95616,2025-09-12T19:30:08Z,breads-bakery,True
1828987,"Youchen Cake Seasoned with Chicken Meat Floss, 1.16 oz, 15 ct",7.99,7.99,COSTCO_95616,2025-09-12T19:30:08Z,breads-bakery,True
1794376,"Franz Banh Mi Rolls, 6 ct",4.59,4.59,COSTCO_95616,2025-09-12T19:30:08Z,breads-bakery,True
1845185,"Le Boulanger The Baker Sourdough Sandwich Roll, 6 ct",5.59,5.59,COSTCO_95616,2025-09-12T19:30:08Z,breads-bakery,True
112266,"Madi Gran Panettone Italian Oven Baked Cake, Original, 2.2 lbs",10.19,10.19,COSTCO_95616,2025-09-12T19:30:08Z,breads-bakery,True
679131,"Kirkland Signature Organic Pure Maple Syrup, 33.8 oz",14.19,14.19,COSTCO_95616,2025-09-12T19:30:10Z,cereal-breakfast,True
522107,"Cheerios Cereal, 20.35 oz, 2 ct",8.59,8.59,COSTCO_95616,2025-09-12T19:30:10Z,cereal-breakfast,True
1365486,"Quaker Instant Oatmeal, Variety Pack, 1.51 oz, 52 ct",12.79,12.79,COSTCO_95616,2025-09-12T19:30:10Z,cereal-breakfast,True
1618514,"Pop-Tarts, Frosted Strawberry, 48 ct",12.49,12.49,COSTCO_95616,2025-09-12T19:30:10Z,cereal-breakfast,True
446586,"Quaker Oats Old Fashioned Oatmeal, 10 lbs",9.89,9.89,COSTCO_95616,2025-09-12T19:30:10Z,cereal-breakfast,True
868671,"Log Cabin Original Syrup, 1 Gallon",11.19,11.19,COSTCO_95616,2025-09-12T19:30:10Z,cereal-breakfast,True
1686182,"Quaker Instant Oatmeal, Variety Pack, 19.8 oz, 12 ct",12.39,12.39,COSTCO_95616,2025-09-12T19:30:10Z,cereal-breakfast,True
945452,"Kellogg's Special K Red Berries Cereal, 43 oz",11.39,11.39,COSTCO_95616,2025-09-12T19:30:10Z,cereal-breakfast,True
797554,"General Mills Cereal Cup, Variety Pack, 12 ct",10.19,10.19,COSTCO_95616,2025-09-12T19:30:10Z,cereal-breakfast,True
1618528,"Kellogg’s Pop-Tarts, Frosted Brown Sugar Cinnamon, 48 ct",12.69,12.69,COSTCO_95616,2025-09-12T19:30:10Z,cereal-breakfast,True
1321580,"Kellogg's Cereal Cups, Family Variety Pack, 12 ct",12.39,12.39,COSTCO_95616,2025-09-12T19:30:10Z,cereal-breakfast,True
664927,"General Mills Cinnamon Toast Crunch Cereal, 49.5 oz",9.59,7.59,COSTCO_95616,2025-09-12T19:30:10Z,cereal-breakfast,True
734786,"Cheerios Cereal, Honey Nut, 27.5 oz, 2 ct",10.49,10.49,COSTCO_95616,2025-09-12T19:30:10Z,cereal-breakfast,True
2222019,"Kirkland Signature Ancient Grains Probiotic Granola, 35.3 oz",9.79,9.79,COSTCO_95616,2025-09-12T19:30:10Z,cereal-breakfast,True
1462402,"Post Honey Bunches of Oats Cereal, with Almonds, 50 oz",9.59,9.59,COSTCO_95616,2025-09-12T19:30:10Z,cereal-breakfast,True
1930092,"MUSH Overnight Oats, Variety Pack, 5 oz, 12 ct",14.79,14.79,COSTCO_95616,2025-09-12T19:30:10Z,cereal-breakfast,True
43607,"Quaker Simply Granola Cereal, 34.5 oz, 2 ct",11.69,11.69,COSTCO_95616,2025-09-12T19:30:10Z,cereal-breakfast,True
1753046,"Kellogg's Cereal Mini Boxes, Variety Pack, 25 ct",10.79,10.79,COSTCO_95616,2025-09-12T19:30:10Z,cereal-breakfast,True
91610,"Kellogg's Frosted Flakes Cereal, 61.9 oz",10.59,10.59,COSTCO_95616,2025-09-12T19:30:10Z,cereal-breakfast,True
1449725,"NuTrail Nut Granola, Blueberry Cinnamon, 22 oz",15.79,15.79,COSTCO_95616,2025-09-12T19:30:10Z,cereal-breakfast,True
1930250,"Fruit Harvest Triple Berry Blend Cereal, 30.6 oz",12.59,12.59,COSTCO_95616,2025-09-12T19:30:10Z,cereal-breakfast,True
731962,"Bob's Red Mill Quick Cooking 100% Whole Grain Oats, 112 oz",14.19,14.19,COSTCO_95616,2025-09-12T19:30:10Z,cereal-breakfast,True
843142,"Log Cabin Original Syrup, 64 fl oz, 2 ct",11.19,11.19,COSTCO_95616,2025-09-12T19:30:10Z,cereal-breakfast,True
2,"Kirkland Signature Whole Milk, 1 Gallon, 2 ct",8.79,8.79,COSTCO_95616,2025-09-12T19:30:13Z,dairy-eggs,True
843323,"Frigo Cheese Heads String Cheese Sticks, Original, 1 oz, 60 ct",14.19,14.19,COSTCO_95616,2025-09-12T19:30:13Z,dairy-eggs,True
1,"Kirkland Signature 2% Reduced Fat Milk, 1 Gallon, 2 ct",8.19,8.19,COSTCO_95616,2025-09-12T19:30:13Z,dairy-eggs,True
1025795,"Kirkland Signature Large Eggs, Cage Free, 5 Dozen",12.99,12.99,COSTCO_95616,2025-09-12T19:30:13Z,dairy-eggs,True
1005641,"Chobani Nonfat Greek Yogurt, Variety Pack, 5.3 oz, 20 ct",20.09,20.09,COSTCO_95616,2025-09-12T19:30:13Z,dairy-eggs,True
516452,"Land O'Lakes Mini Moos Liquid Coffee Creamer Singles, Half and Half, 0.30 fl oz, 192 ct",15.29,15.29,COSTCO_95616,2025-09-12T19:30:13Z,dairy-eggs,True
189354,"Tillamook Medium Cheddar Snacking Cheese, 0.75 oz, 52 ct",17.39,17.39,COSTCO_95616,2025-09-12T19:30:13Z,dairy-eggs,True
35975,"Half & Half, Half Gallon",5.69,5.69,COSTCO_95616,2025-09-12T19:30:13Z,dairy-eggs,True
1503826,"Califia Farms Cafe Oatmilk, Dairy Free, 32 fl oz, 6 ct",18.79,18.79,COSTCO_95616,2025-09-12T19:30:13Z,dairy-eggs,True
1719185,"Babybel Mini Snack Cheese, Original, 0.71 oz, 36 ct",15.99,10.79,COSTCO_95616,2025-09-12T19:30:13Z,dairy-eggs,True
1271446,"Oikos Triple Zero Blended Greek Yogurt, Variety Pack, 5.3 oz, 18 ct",15.79,15.79,COSTCO_95616,2025-09-12T19:30:13Z,dairy-eggs,True
7805,"Coffee mate Liquid Coffee Creamer Singles, Non-Dairy, French Vanilla, 0.38 fl oz, 180 ct",14.59,14.59,COSTCO_95616,2025-09-12T19:30:13Z,dairy-eggs,True
478617,"Coffee mate Liquid Coffee Creamer, Non-Dairy, French Vanilla, 56 fl oz, 2 ct",10.39,10.39,COSTCO_95616,2025-09-12T19:30:13Z,dairy-eggs,True
972103,"International Delight Liquid Coffee Creamer Singles, Non-Dairy, French Vanilla, 0.44 fl oz, 192 ct",16.09,16.09,COSTCO_95616,2025-09-12T19:30:13Z,dairy-eggs,True
1272413,"Organic Non-Dairy Oat Beverage, 32 fl oz, 6 ct",12.59,12.59,COSTCO_95616,2025-09-12T19:30:13Z,dairy-eggs,True
40532,"PHILADELPHIA Cream Cheese Spread, Original, 48 oz",11.89,11.89,COSTCO_95616,2025-09-12T19:30:13Z,dairy-eggs,True
620850,"Coffee mate Liquid Coffee Creamer Singles, Non-Dairy, Original, 0.38 fl oz, 180 ct",13.49,13.49,COSTCO_95616,2025-09-12T19:30:13Z,dairy-eggs,True
213520,"International Delight Liquid Coffee Creamer Singles, Non-Dairy, Hazelnut, 0.44 fl oz, 192 ct",16.09,16.09,COSTCO_95616,2025-09-12T19:30:13Z,dairy-eggs,True
41486,"PHILADELPHIA Cream Cheese Spread, Original, 1 oz, 50 ct",14.79,14.79,COSTCO_95616,2025-09-12T19:30:13Z,dairy-eggs,True
12,"Kirkland Signature Fat Free Milk, 1 Gallon, 2 ct",6.69,6.69,COSTCO_95616,2025-09-12T19:30:13Z,dairy-eggs,True
1005204,"Califia Farms Cafe Almond Milk, Dairy Free, 32 fl oz, 6 ct",17.59,17.59,COSTCO_95616,2025-09-12T19:30:13Z,dairy-eggs,True
524589,"CA Select Farms Mild Cheddar Cheese, 30 Slices, 1.5 lbs",5.29,5.29,COSTCO_95616,2025-09-12T19:30:13Z,dairy-eggs,True
171335,"Butter, Unsalted, Block, 1 lb, 30 ct",98.99,98.99,COSTCO_95616,2025-09-12T19:30:13Z,dairy-eggs,True
574687,"Cheswick Mozzarella Cheese, Feather Shredded, 5 lbs",13.99,13.99,COSTCO_95616,2025-09-12T19:30:13Z,dairy-eggs,True
1014936,"International Delight Liquid Coffee Creamer Singles, Non-Dairy, Caramel Macchiato, 0.44 fl oz, 192 ct",16.09,16.09,COSTCO_95616,2025-09-12T19:30:13Z,dairy-eggs,True
1415774,"Chobani Blended Greek Yogurt, Vanilla, 40 oz",6.69,6.69,COSTCO_95616,2025-09-12T19:30:13Z,dairy-eggs,True
1920008,"Chobani High Protein Lowfat Greek Yogurt, Variety Pack, 6.7 oz, 16 ct",20.19,20.19,COSTCO_95616,2025-09-12T19:30:13Z,dairy-eggs,True
1406826,"Yoplait Original Low Fat Yogurt, Variety Pack, 6 oz, 24 ct",12.39,12.39,COSTCO_95616,2025-09-12T19:30:13Z,dairy-eggs,True
671778,"Schreiber American Cheese, 160 Slices, 5 lbs",15.79,15.79,COSTCO_95616,2025-09-12T19:30:13Z,dairy-eggs,True
9002,"Low Fat Buttermilk, Half Gallon",3.29,3.29,COSTCO_95616,2025-09-12T19:30:13Z,dairy-eggs,True
237686,"Yoplait Go-Gurt Simple Low Fat Yogurt, Variety Pack, 2.25 oz, 32 ct",8.59,8.59,COSTCO_95616,2025-09-12T19:30:13Z,dairy-eggs,True
41114,"Kirkland Signature Butter, Salted, Stick, 1 lb, 4 ct",13.78,13.78,COSTCO_95616,2025-09-12T19:30:13Z,dairy-eggs,True
877896,"Coffee mate Liquid Coffee Creamer, Non-Dairy, French Vanilla, 50.7 fl oz, Pump Bottle",15.79,15.79,COSTCO_95616,2025-09-12T19:30:13Z,dairy-eggs,True
1242342,"Kirkland Signature Almond Non-Dairy Beverage, Unsweetened, 32 fl oz, 12 ct",16.19,16.19,COSTCO_95616,2025-09-12T19:30:13Z,dairy-eggs,True
3284,"Raskas Cream Cheese, 3 lbs",9.49,7.89,COSTCO_95616,2025-09-12T19:30:13Z,dairy-eggs,True
48445,"N'Joy Powdered Coffee Creamer, Non-Dairy, 16 oz, 8 ct",18.59,18.59,COSTCO_95616,2025-09-12T19:30:13Z,dairy-eggs,True
6245,"Cheswick Mild Cheddar & Monterey Jack Cheese, Shredded, 5 lbs",15.09,15.09,COSTCO_95616,2025-09-12T19:30:13Z,dairy-eggs,True
1888000,"Kirkland Signature Heavy Whipped Cream, 15 fl oz, 3 ct",12.09,12.09,COSTCO_95616,2025-09-12T19:30:13Z,dairy-eggs,True
541334,"Coffee mate Powdered Coffee Creamer, Non-Dairy, Original, 56 oz",9.59,9.59,COSTCO_95616,2025-09-12T19:30:13Z,dairy-eggs,True
1538864,"Starbucks Liquid Coffee Creamer, Caramel, 58 fl oz",8.99,6.49,COSTCO_95616,2025-09-12T19:30:13Z,dairy-eggs,True
1048072,"Kirkland Signature Organic Greek Nonfat Yogurt, Plain, 3 lbs",7.89,7.89,COSTCO_95616,2025-09-12T19:30:13Z,dairy-eggs,True
1388472,"Activia Lowfat Yogurt, Variety Pack, 4 oz, 24 ct",12.29,7.79,COSTCO_95616,2025-09-12T19:30:13Z,dairy-eggs,True
1366475,"Daisy Sour Cream, 5 lbs",9.69,9.69,COSTCO_95616,2025-09-12T19:30:13Z,dairy-eggs,True
1364689,"Kirkland Signature Organic Whole Milk, Half Gallon, 3 ct",13.19,13.19,COSTCO_95616,2025-09-12T19:30:13Z,dairy-eggs,True
662124,"Tillamook Medium Cheddar Cheese, 52 Slices, 2.5 lbs",13.49,13.49,COSTCO_95616,2025-09-12T19:30:13Z,dairy-eggs,True
1756704,"Chobani Complete Lowfat Greek Yogurt Drink, Variety Pack, 10 fl oz, 8 ct",15.79,15.79,COSTCO_95616,2025-09-12T19:30:13Z,dairy-eggs,True
1874121,"Oatly Oatmilk, Original, 64 fl oz, 3 ct",13.39,13.39,COSTCO_95616,2025-09-12T19:30:13Z,dairy-eggs,True
1140704,"Kirkland Signature Organic Lactose Free 2% Reduced Fat Milk, Half Gallon, 3 ct",15.69,15.69,COSTCO_95616,2025-09-12T19:30:13Z,dairy-eggs,True
654320,"Silk Almond Milk, Original, 64 fl oz, 3 ct",9.79,9.79,COSTCO_95616,2025-09-12T19:30:13Z,dairy-eggs,True
6249,"North Beach Aged Parmesan Cheese, Shredded, 5 lbs",22.49,22.49,COSTCO_95616,2025-09-12T19:30:13Z,dairy-eggs,True
1438986,"Coffee mate Liquid Coffee Creamer, Non-Dairy, Hazelnut, 66 fl oz",6.69,6.69,COSTCO_95616,2025-09-12T19:30:13Z,dairy-eggs,True
805925,"PHILADELPHIA Cream Cheese, Original, 48 oz",10.69,10.69,COSTCO_95616,2025-09-12T19:30:13Z,dairy-eggs,True
532608,"CA Select Farms Swiss Cheese, 30 Slices, 1.5 lbs",7.19,7.19,COSTCO_95616,2025-09-12T19:30:13Z,dairy-eggs,True
6411,"Cascade Dairy Mexican Four Cheese Blend, Shredded, 5 lbs",15.49,15.49,COSTCO_95616,2025-09-12T19:30:13Z,dairy-eggs,True
671764,"Schreiber American Cheese, 120 Slices, 5 lbs",15.39,15.39,COSTCO_95616,2025-09-12T19:30:13Z,dairy-eggs,True
532602,"CA Select Farms Provolone Cheese, 30 Slices, 1.5 lbs",5.99,5.99,COSTCO_95616,2025-09-12T19:30:13Z,dairy-eggs,True
790652,"So Delicious Dairy Free Organic Coconutmilk, Unsweetened, 32 fl oz, 6 ct",13.79,13.79,COSTCO_95616,2025-09-12T19:30:13Z,dairy-eggs,True
524553,"CA Select Farms Pepper Jack Cheese, 30 Slices, 1.5 lbs",5.49,5.49,COSTCO_95616,2025-09-12T19:30:13Z,dairy-eggs,True
26545,"Producers Heavy Whipping Cream, Half Gallon",11.39,11.39,COSTCO_95616,2025-09-12T19:30:13Z,dairy-eggs,True
41400,"Kirkland Signature Butter, Unsalted, Sticks, 1 lb, 4 ct",13.78,13.78,COSTCO_95616,2025-09-12T19:30:13Z,dairy-eggs,True
206364,"BelGioioso Fresh Mozzarella Cheese Slices, 16 oz, 2 ct",9.89,9.89,COSTCO_95616,2025-09-12T19:30:13Z,dairy-eggs,True
438143,"Cheswick Mild Cheddar Cheese, Fancy Shredded, 5 lbs",14.99,14.99,COSTCO_95616,2025-09-12T19:30:13Z,dairy-eggs,True
28978,"Mountain High Original Style Plain Yogurt, 64 oz",6.69,6.69,COSTCO_95616,2025-09-12T19:30:13Z,dairy-eggs,True
1837445,"Coffee mate Liquid Coffee Creamer, Non-Dairy, Italian Sweet Crème, 66 fl oz",6.69,6.69,COSTCO_95616,2025-09-12T19:30:13Z,dairy-eggs,True
6244,"North Beach Mozzarella, Shredded, 5 lbs",13.99,13.99,COSTCO_95616,2025-09-12T19:30:13Z,dairy-eggs,True
1518023,"Kirkland Signature Organic Hard-Boiled Eggs, Cage Free, Peeled, 2 pk, 16 ct",15.39,15.39,COSTCO_95616,2025-09-12T19:30:13Z,dairy-eggs,True
1472712,"Darigold Low Fat Chocolate Milk, 14 fl oz, 12 ct",19.69,19.69,COSTCO_95616,2025-09-12T19:30:13Z,dairy-eggs,True
1002373,"Kirkland Signature Organic Unsweetened Almond Beverage, Vanilla, 32 fl oz, 6 ct",9.99,9.99,COSTCO_95616,2025-09-12T19:30:13Z,dairy-eggs,True
877942,"Coffee mate Liquid Coffee Creamer, Non-Dairy, Hazelnut, 50.7 fl oz, Pump Bottle",15.79,15.79,COSTCO_95616,2025-09-12T19:30:13Z,dairy-eggs,True
741111,"Nesquik Low-Fat Milk, Chocolate, 14 fl oz, 12 ct",19.89,19.89,COSTCO_95616,2025-09-12T19:30:13Z,dairy-eggs,True
601593,"CA Select Farms Mild Cheddar & Monterey Jack Cheese, Shredded, 5 lbs",15.09,15.09,COSTCO_95616,2025-09-12T19:30:13Z,dairy-eggs,True
1837468,"Coffee mate Liquid Coffee Creamer, Non-Dairy, Zero Sugar, French Vanilla, 66 fl oz",6.69,6.69,COSTCO_95616,2025-09-12T19:30:13Z,dairy-eggs,True
1871776,"Coffee mate Natural Bliss Liquid Coffee Creamer, Sweet Cream, 56 fl oz",6.99,6.99,COSTCO_95616,2025-09-12T19:30:13Z,dairy-eggs,True
967892,"BelGioioso Fresh Mozzarella Snacking Cheese, 1 oz, 24 ct",12.09,12.09,COSTCO_95616,2025-09-12T19:30:13Z,dairy-eggs,True
96928,"Kraft Singles American Cheese, 96 Slices, 4 lbs",14.09,14.09,COSTCO_95616,2025-09-12T19:30:13Z,dairy-eggs,True
637598,"Kirkland Signature Large Eggs, Cage Free, 2 Dozen",5.39,5.39,COSTCO_95616,2025-09-12T19:30:13Z,dairy-eggs,True
1603934,"Darigold 2% Reduced Fat Milk, 14 fl oz, 12 ct",19.69,19.69,COSTCO_95616,2025-09-12T19:30:13Z,dairy-eggs,True
4759,"Butter, Salted, Block, 1 lb, 30 ct",98.99,98.99,COSTCO_95616,2025-09-12T19:30:13Z,dairy-eggs,True
1063232,"Kirkland Signature Liquid Egg Whites, Cage Free, 16 oz, 6 ct",15.09,15.09,COSTCO_95616,2025-09-12T19:30:13Z,dairy-eggs,True
885493,"Cheswick Sharp Cheddar Cheese, Shredded, 5 lbs",16.39,16.39,COSTCO_95616,2025-09-12T19:30:13Z,dairy-eggs,True
671762,"Schreiber Swiss-American Cheese, 120 Slices, 5 lbs",15.69,15.69,COSTCO_95616,2025-09-12T19:30:13Z,dairy-eggs,True
1653649,"Extra Large Eggs, Cage Free, 15 Dozen",50.29,50.29,COSTCO_95616,2025-09-12T19:30:13Z,dairy-eggs,True
1653656,"Nest Medium Eggs, Cage Free, 15 Dozen",32.79,32.79,COSTCO_95616,2025-09-12T19:30:13Z,dairy-eggs,True
1939133,"Silk Soymilk, Original, 32 fl oz, 12 ct",25.79,25.79,COSTCO_95616,2025-09-12T19:30:13Z,dairy-eggs,True
528919,"North Beach 3 Cheese Blend, Shredded, 5 lbs",14.89,14.89,COSTCO_95616,2025-09-12T19:30:13Z,dairy-eggs,True
6248,"Cheswick Mild Cheddar Cheese, Shredded, 5 lbs",14.99,14.99,COSTCO_95616,2025-09-12T19:30:13Z,dairy-eggs,True
1603928,"Darigold Whole Milk, 14 fl oz, 12 ct",19.69,19.69,COSTCO_95616,2025-09-12T19:30:13Z,dairy-eggs,True
998734,"Country Crock Spread, Original, 5 lbs",8.39,8.39,COSTCO_95616,2025-09-12T19:30:13Z,dairy-eggs,True
19490,"Grassland Salted Butter Chips, 0.28 oz, 200 ct",17.59,17.59,COSTCO_95616,2025-09-12T19:30:13Z,dairy-eggs,True
741132,"Nesquik Low-Fat Milk, Strawberry, 14 fl oz, 12 ct",19.89,19.89,COSTCO_95616,2025-09-12T19:30:13Z,dairy-eggs,True
1308811,"Horizon Organic Whole Milk, 8 fl oz, 18 ct",21.99,21.99,COSTCO_95616,2025-09-12T19:30:13Z,dairy-eggs,True
6252,"Cheswick Mild Cheddar Cheese, 5 lbs",15.09,15.09,COSTCO_95616,2025-09-12T19:30:13Z,dairy-eggs,True
641332,"Galbani Professionale Ricotta Cheese, Classic, 5 lbs",12.09,12.09,COSTCO_95616,2025-09-12T19:30:13Z,dairy-eggs,True
42503,"Kraft Grated Parmesan Cheese, 4.5 lbs",25.99,25.99,COSTCO_95616,2025-09-12T19:30:13Z,dairy-eggs,True
40222,"Pacific Cheese Swiss Cheese, 4 lb avg wt",4.19,4.19,COSTCO_95616,2025-09-12T19:30:13Z,dairy-eggs,True
6254,"Cheswick Pepper Jack Cheese, 5 lbs",15.39,15.39,COSTCO_95616,2025-09-12T19:30:13Z,dairy-eggs,True
699840,"Reddi-wip Whipped Light Cream, Original, 15 oz, 3 ct",12.19,12.19,COSTCO_95616,2025-09-12T19:30:13Z,dairy-eggs,True
532612,"Grand European Havarti Cheese, 30 Slices, 1.5 lbs",7.69,7.69,COSTCO_95616,2025-09-12T19:30:13Z,dairy-eggs,True
1896009,"Gold Circle Farms Liquid Whole Eggs with Citric Acid, Cage Free, 20 lbs",56.69,56.69,COSTCO_95616,2025-09-12T19:30:13Z,dairy-eggs,True
6253,"Cheswick Sharp Cheddar Cheese, 5 lbs",16.29,16.29,COSTCO_95616,2025-09-12T19:30:13Z,dairy-eggs,True
1653647,"Nest Large Eggs, Cage Free, 15 Dozen",49.49,49.49,COSTCO_95616,2025-09-12T19:30:13Z,dairy-eggs,True
192652,"El Mexicano Cotija Polvo Granulado Cheese, 5 lbs",29.89,29.89,COSTCO_95616,2025-09-12T19:30:13Z,dairy-eggs,True
528920,"Cheswick Monterey Jack Cheese, Shredded 5 lbs",15.29,15.29,COSTCO_95616,2025-09-12T19:30:13Z,dairy-eggs,True
1743030,"Kirkland Signature Organic Whole Milk, 8 fl oz, 18 ct",17.79,17.79,COSTCO_95616,2025-09-12T19:30:13Z,dairy-eggs,True
289480,"El Mexicano Queso Fresco Casero Crumbling Cheese, 4 lbs",16.79,16.79,COSTCO_95616,2025-09-12T19:30:13Z,dairy-eggs,True
237194,"BelGioioso Fresh Mascarpone Cheese, 5 lbs",27.19,27.19,COSTCO_95616,2025-09-12T19:30:13Z,dairy-eggs,True
44110,"Kirkland Signature Butter, Unsalted, Block, 1 lb, 4 ct",13.68,13.68,COSTCO_95616,2025-09-12T19:30:13Z,dairy-eggs,True
1239153,"Dairy Star Whipped Light Cream, 15 oz, 12 ct",34.99,34.99,COSTCO_95616,2025-09-12T19:30:13Z,dairy-eggs,True
40219,"CA Select Farms Mild Provolone, 6 lb avg wt",2.69,2.69,COSTCO_95616,2025-09-12T19:30:13Z,dairy-eggs,True
684520,"Karoun Dairies Plain Yogurt, 32 lbs",39.39,39.39,COSTCO_95616,2025-09-12T19:30:13Z,dairy-eggs,True
574582,"Schreiber White American Cheese, 160 Slices, 5 lbs",15.79,15.79,COSTCO_95616,2025-09-12T19:30:13Z,dairy-eggs,True
729441,"Cool Plus Probiotic Cultured Dairy Beverage, Plain, 2.1 fl oz, 50 ct",9.19,9.19,COSTCO_95616,2025-09-12T19:30:13Z,dairy-eggs,True
4893,"Kraft Philadelphia Cream Cheese, Original, 8 oz, 6 ct",12.39,12.39,COSTCO_95616,2025-09-12T19:30:13Z,dairy-eggs,True
1484855,"Cello Variety Pack, Cracker Cut, Premium Sliced Cheeses, 2 lbs",14.79,14.79,COSTCO_95616,2025-09-12T19:30:13Z,dairy-eggs,True
1291200,"Coffee mate Liquid Coffee Creamer Singles, Non-Dairy, Salted Caramel Chocolate, 0.38 fl oz, 50 ct",8.49,8.49,COSTCO_95616,2025-09-12T19:30:13Z,dairy-eggs,True
19778,"El Mexicano Crema Mexicana Sour Cream, 48 oz",10.59,10.59,COSTCO_95616,2025-09-12T19:30:13Z,dairy-eggs,True
242541,"Kirkland Signature Organic 2% Reduced Fat Milk, Chocolate, 8.25 fl oz, 24 ct",23.79,23.79,COSTCO_95616,2025-09-12T19:30:13Z,dairy-eggs,True
1068080,"Kirkland Signature Organic Large Eggs, Pasture-Raised, 2 Dozen",8.99,8.99,COSTCO_95616,2025-09-12T19:30:13Z,dairy-eggs,True
17846,"Whipped Butter, Salted, 5 lbs",19.69,19.69,COSTCO_95616,2025-09-12T19:30:13Z,dairy-eggs,True
1172471,"Kerrygold Pure Irish Butter, Salted, 8 oz, 4 ct",18.49,18.49,COSTCO_95616,2025-09-12T19:30:13Z,dairy-eggs,True
233002,"Horizon Organic Lowfat Milk, 8 fl oz, 18 ct",21.99,21.99,COSTCO_95616,2025-09-12T19:30:13Z,dairy-eggs,True
44111,"Kirkland Signature Butter, Salted, Block, 1 lb, 4 ct",13.68,13.68,COSTCO_95616,2025-09-12T19:30:13Z,dairy-eggs,True
659422,"CA Select Farms Monterey Jack, Shredded 5 lbs",14.99,14.99,COSTCO_95616,2025-09-12T19:30:13Z,dairy-eggs,True
626943,"Bella Rosano Premium Blend Pizza Cheese, Shredded 5 lbs",15.99,15.99,COSTCO_95616,2025-09-12T19:30:13Z,dairy-eggs,True
406340,"Arla Havarti Cheese Slices, 2 lbs",11.09,11.09,COSTCO_95616,2025-09-12T19:30:13Z,dairy-eggs,True
532597,"CA Select Farms Colby Jack Cheese, 30 Slices, 1.5 lbs",5.49,5.49,COSTCO_95616,2025-09-12T19:30:13Z,dairy-eggs,True
42644,"Bella Rosano Mozzarella Cheese, 6 lb avg wt",2.2,2.2,COSTCO_95616,2025-09-12T19:30:13Z,dairy-eggs,True
40226,"North Beach Mozzarella Cheese, 6 lb avg wt",2.2,2.2,COSTCO_95616,2025-09-12T19:30:13Z,dairy-eggs,True
186626,"Kirkland Signature Aged Parmigiano Reggiano Cheese, Shredded, 1 lb",20.19,20.19,COSTCO_95616,2025-09-12T19:30:13Z,dairy-eggs,True
1832329,"Jumbo Eggs, Cage Free, 40 ct",12.89,12.89,COSTCO_95616,2025-09-12T19:30:13Z,dairy-eggs,True
532605,"Cascade Dairy Medium Cheddar Cheese, 30 Slices, 1.5 lbs",5.89,5.89,COSTCO_95616,2025-09-12T19:30:13Z,dairy-eggs,True
65568,"Knudsen Lowfat Cottage Cheese, Small Curd, 3 lbs",6.09,6.09,COSTCO_95616,2025-09-12T19:30:13Z,dairy-eggs,True
1834042,"Large Eggs, Cage Free, 15 Dozen",50.29,50.29,COSTCO_95616,2025-09-12T19:30:13Z,dairy-eggs,True
1207907,"Kerrygold Pure Irish Butter, Unsalted, 8 oz, 4 ct",18.49,18.49,COSTCO_95616,2025-09-12T19:30:13Z,dairy-eggs,True
1939138,"Silk Soymilk, Vanilla, 32 fl oz, 12 ct",25.79,25.79,COSTCO_95616,2025-09-12T19:30:13Z,dairy-eggs,True
524837,"CA Select Farms Monterey Jack Cheese, 30 Slices, 1.5 lbs",5.29,5.29,COSTCO_95616,2025-09-12T19:30:13Z,dairy-eggs,True
16620,"El Mexicano Queso Fresco Casero Cheese, 20 oz, 2 ct",10.19,10.19,COSTCO_95616,2025-09-12T19:30:13Z,dairy-eggs,True
11438,"BelGioioso Parmesan Cheese, 2 lb avg wt",6.69,6.69,COSTCO_95616,2025-09-12T19:30:13Z,dairy-eggs,True
1424237,"Kirkland Signature Grass-Fed Butter, Salted, 8 oz, 4 ct",13.59,13.59,COSTCO_95616,2025-09-12T19:30:13Z,dairy-eggs,True
532594,"CA Select Farms Muenster Cheese, 30 Slices, 1.5 lbs",6.39,6.39,COSTCO_95616,2025-09-12T19:30:13Z,dairy-eggs,True
7431,"Zev'z Feta Cheese in Brine, 9 lbs",33.79,33.79,COSTCO_95616,2025-09-12T19:30:13Z,dairy-eggs,True
17315,"El Mexicano Queso Cotija Cheese, 3.5 lbs",21.59,21.59,COSTCO_95616,2025-09-12T19:30:13Z,dairy-eggs,True
36496,"Kerrygold Dubliner Cheese, 100% Natural, 2 lb avg wt",7.69,7.69,COSTCO_95616,2025-09-12T19:30:13Z,dairy-eggs,True
6251,"Cheswick Monterey Jack Cheese, 5 lbs",15.99,15.99,COSTCO_95616,2025-09-12T19:30:13Z,dairy-eggs,True
99006,"Jarlsberg Norwegian Cheese Wedge, 3 lb avg wt",7.09,7.09,COSTCO_95616,2025-09-12T19:30:13Z,dairy-eggs,True
44877,"Kirkland Signature Manchego Cheese, 2 lb avg wt",12.09,12.09,COSTCO_95616,2025-09-12T19:30:13Z,dairy-eggs,True
521942,"Karoun Labne Kefir Cheese, 48 oz",7.89,7.89,COSTCO_95616,2025-09-12T19:30:13Z,dairy-eggs,True
17316,"El Mexicano Queso Oaxaca Melting Cheese, 3.5 lbs",21.59,21.59,COSTCO_95616,2025-09-12T19:30:13Z,dairy-eggs,True
66673,"BelGioioso Parmesan Cheese, 3 lb avg wt",5.89,5.89,COSTCO_95616,2025-09-12T19:30:13Z,dairy-eggs,True
289476,"El Mexicano Queso Panela Cheese, 3 lbs",16.29,16.29,COSTCO_95616,2025-09-12T19:30:13Z,dairy-eggs,True
861901,"Coffee mate Powdered Coffee Creamer, Non-Dairy, French Vanilla, 15 oz, 3 ct",14.49,14.49,COSTCO_95616,2025-09-12T19:30:13Z,dairy-eggs,True
34777,"Kirkland Signature Parmigiano Reggiano, 2 lb avg wt",14.89,14.89,COSTCO_95616,2025-09-12T19:30:13Z,dairy-eggs,True
1225210,"Gopi Paneer Whole Milk Cheese, 2.5 lbs",11.89,11.89,COSTCO_95616,2025-09-12T19:30:13Z,dairy-eggs,True
1159333,"Kirkland Signature Organic Large Eggs, 5 Dozen",20.89,20.89,COSTCO_95616,2025-09-12T19:30:13Z,dairy-eggs,True
1761422,"Kirkland Signature Ghee Clarified Butter, 27 oz",15.79,15.79,COSTCO_95616,2025-09-12T19:30:13Z,dairy-eggs,True
1114753,"Yoo-hoo Flavored Drink, Cookies & Cream, 6.5 fl oz, 40 ct",14.99,14.99,COSTCO_95616,2025-09-12T19:30:13Z,dairy-eggs,True
1674806,"Gopi Indian Style Whole Milk Yogurt, Plain, 64 oz",5.99,5.99,COSTCO_95616,2025-09-12T19:30:13Z,dairy-eggs,True
34779,"Kirkland Signature Pecorino Romano Cheese, 2 lb avg wt",11.79,11.79,COSTCO_95616,2025-09-12T19:30:13Z,dairy-eggs,True
1023122,"Karoun Dairies Yogurt Drink, Original, 64 fl oz",5.69,5.69,COSTCO_95616,2025-09-12T19:30:13Z,dairy-eggs,True
1582225,"Nordex Piknik White Cheese, 35 oz",17.69,17.69,COSTCO_95616,2025-09-12T19:30:13Z,dairy-eggs,True
1700749,"Manchester Farms Fresh Quail Eggs, 36 ct",10.19,10.19,COSTCO_95616,2025-09-12T19:30:13Z,dairy-eggs,True
1674804,"Gopi Lassi Yogurt Drink, Mango, 64 fl oz",7.99,7.99,COSTCO_95616,2025-09-12T19:30:13Z,dairy-eggs,True
1800308,"Karoun Dairies Yogurt Drink, Mint Flavor, 64 fl oz",5.69,5.69,COSTCO_95616,2025-09-12T19:30:13Z,dairy-eggs,True
1513169,"Sargento Balanced Breaks Cheese & Crackers, Variety Pack, 1.5 oz, 12 ct",11.39,11.39,COSTCO_95616,2025-09-12T19:30:18Z,deli,True
1222508,"Kirkland Signature Cheese, Fruit & Nut Snack Packs, Variety Pack, 1.5 oz, 16 ct",12.19,12.19,COSTCO_95616,2025-09-12T19:30:18Z,deli,True
8443334,"Kirkland Signature Roasted Turkey Breast, 20 oz, 2 ct",15.79,15.79,COSTCO_95616,2025-09-12T19:30:18Z,deli,True
1577755,"Kirkland Signature Uncured Extra Lean Ham, Sliced, 1.5 lbs, 2 ct",11.39,11.39,COSTCO_95616,2025-09-12T19:30:18Z,deli,True
1356371,"Sabra Hummus with Pretzels Cup, Classic, 4.56 oz, 12 ct",19.19,19.19,COSTCO_95616,2025-09-12T19:30:18Z,deli,True
1162972,"BelGioioso Snacking Rolls, Provolone Cheese & Genoa Salame, 1.5 oz, 12 ct",14.09,14.09,COSTCO_95616,2025-09-12T19:30:18Z,deli,True
1094653,"Hillshire Snacking Plates, White Cheddar and Genoa Salame, 4 ct",9.99,9.99,COSTCO_95616,2025-09-12T19:30:18Z,deli,True
898175,"Wholly Guacamole Classic Guacamole Mini Cup, 2 oz, 20 ct",13.59,13.59,COSTCO_95616,2025-09-12T19:30:18Z,deli,True
941734,"Lunchables Cracker Stackers, Ham and Turkey Variety Pack, 6 ct",10.19,7.99,COSTCO_95616,2025-09-12T19:30:18Z,deli,True
1036471,"Three Bridges Egg White Bites, Spinach & Bell Pepper, 4.6 oz, 7 ct",22.59,22.59,COSTCO_95616,2025-09-12T19:30:18Z,deli,True
1204135,"House Foods Organic Tofu, Firm, 16 oz, 4 ct",7.99,7.99,COSTCO_95616,2025-09-12T19:30:18Z,deli,True
968452,"Reser's Potato Salad, 5 lbs",8.29,8.29,COSTCO_95616,2025-09-12T19:30:18Z,deli,True
47500,"Kirkland Signature Turkey Breast, Oven Browned, 4 lb avg wt",4.89,4.89,COSTCO_95616,2025-09-12T19:30:18Z,deli,True
112042,"Hormel Bread Ready Browned Turkey Breast, Sliced, 2 lbs",16.29,16.29,COSTCO_95616,2025-09-12T19:30:18Z,deli,True
33725,"Salad Bowls, Chicken Caesar, 6.25 oz, 4 ct",12.99,12.99,COSTCO_95616,2025-09-12T19:30:18Z,deli,True
1465530,"Three Bridges Egg Bites, Uncured Bacon & Cheese, 7 ct",22.59,22.59,COSTCO_95616,2025-09-12T19:30:18Z,deli,True
1830081,"Kirkland Signature Sous Vide Egg Bites, Uncured Bacon & Gouda, 5 ct",14.59,14.59,COSTCO_95616,2025-09-12T19:30:18Z,deli,True
1385029,"Kirkland Signature Organic Salsa, Medium, 38 oz, 2 ct",11.29,11.29,COSTCO_95616,2025-09-12T19:30:18Z,deli,True
820590,"Columbus Italian Dry Salame, Reduced Sodium, Sliced, 16 oz, 2 ct",15.59,15.59,COSTCO_95616,2025-09-12T19:30:18Z,deli,True
47652,"Bar M Black Forest Ham, 9 lb avg wt",2.89,2.89,COSTCO_95616,2025-09-12T19:30:18Z,deli,True
32003,"Bar M Roast Beef, 6 lb avg wt",5.89,5.89,COSTCO_95616,2025-09-12T19:30:18Z,deli,True
12871,"Foster Farms Turkey Breast, Oil Browned, 8 lb avg wt",5.39,5.39,COSTCO_95616,2025-09-12T19:30:18Z,deli,True
1322805,"Fratelli Beretta All Natural Prosciutto, Sliced, 16 oz",12.39,12.39,COSTCO_95616,2025-09-12T19:30:18Z,deli,True
947880,"Hillshire Farm Naturals Slow Roasted Turkey Breast, 11 oz, 3 ct",14.69,14.69,COSTCO_95616,2025-09-12T19:30:18Z,deli,True
1619863,"Margherita Hard Salami, Sliced, 2 lbs",10.19,10.19,COSTCO_95616,2025-09-12T19:30:18Z,deli,True
32008,"Bar M Deli Pastrami, 6 lb avg wt",5.59,5.59,COSTCO_95616,2025-09-12T19:30:18Z,deli,True
1651759,"Fresh & Ready Turkey & Cheese Croissant Sandwich, 7 oz, 4 ct",17.99,17.99,COSTCO_95616,2025-09-12T19:30:18Z,deli,True
568675,"Hormel BREAD READY Buffet Ham, Sliced, 3 lbs",18.69,18.69,COSTCO_95616,2025-09-12T19:30:18Z,deli,True
1013849,"Fresh & Ready Turkey & Cheese Sandwich on Multigrain, 8.5 oz, 4 ct",15.79,15.79,COSTCO_95616,2025-09-12T19:30:18Z,deli,True
568683,"Hormel Bread Ready Hickory Smoked Turkey Breast, Sliced, 2 lbs",14.79,14.79,COSTCO_95616,2025-09-12T19:30:18Z,deli,True
1013852,"Fresh & Ready Ham & Cheese Sandwich on Multigrain, 8.5 oz, 4 ct",15.59,15.59,COSTCO_95616,2025-09-12T19:30:18Z,deli,True
3780,"Mount Olive Italian Small Plate, 2.5 oz, 5 ct",14.09,14.09,COSTCO_95616,2025-09-12T19:30:18Z,deli,True
1208974,"Hillshire Farm Lunchmeat, Sliced, Club Sandwich Variety Pack, 1 lb, 3 ct",16.79,16.79,COSTCO_95616,2025-09-12T19:30:18Z,deli,True
568676,"Hormel BREAD READY Roast Beef, Sliced, 2 lbs",22.59,22.59,COSTCO_95616,2025-09-12T19:30:18Z,deli,True
23693,"Farmland Smoked Flat Ham, Hickory Smoked, 11 lb avg wt",3.09,3.09,COSTCO_95616,2025-09-12T19:30:18Z,deli,True
906331,"Rotisserie Chicken Breast Meat, 46 oz",14.79,14.79,COSTCO_95616,2025-09-12T19:30:18Z,deli,True
1636638,"Taylor Farms Salad Bowl, Fiesta Salad with Chicken, 6.35 oz, 4 ct",13.09,13.09,COSTCO_95616,2025-09-12T19:30:18Z,deli,True
1619893,"Bar M Smoked Canadian Bacon, Sliced, 40 oz",10.19,10.19,COSTCO_95616,2025-09-12T19:30:18Z,deli,True
1651757,"Fresh & Ready Turkey & Bacon Club Multigrain Sandwich, 7.5 oz, 4 ct",17.99,17.99,COSTCO_95616,2025-09-12T19:30:18Z,deli,True
47659,"Bar M Honey Ham, 9 lb avg wt",2.89,2.89,COSTCO_95616,2025-09-12T19:30:18Z,deli,True
1570571,"Jongga Kimchi, Sliced Napa Cabbage, 88.1 oz",14.29,14.29,COSTCO_95616,2025-09-12T19:30:18Z,deli,True
33282,"Claussen Kosher Dill Pickle Spears, Deli-Style, 80 oz",7.99,7.99,COSTCO_95616,2025-09-12T19:30:18Z,deli,True
1013844,"Fresh & Ready Garlic Pesto Penne Pasta Salad, 9.5 oz, 6 ct",19.19,19.19,COSTCO_95616,2025-09-12T19:30:18Z,deli,True
1653781,"Fresh & Ready Egg Salad on Wheat Sandwich, 5 oz, 6 ct",19.19,19.19,COSTCO_95616,2025-09-12T19:30:18Z,deli,True
12856,"Foster Farms Turkey Breast, Oven Roasted, 9 lb avg wt",4.09,4.09,COSTCO_95616,2025-09-12T19:30:18Z,deli,True
34280,"Bar M Cooked Corned Beef, 6 lb avg wt",5.59,5.59,COSTCO_95616,2025-09-12T19:30:18Z,deli,True
95558,"Foster Farms Turkey Breast, Hickory Smoked, 8 lb avg wt",5.09,5.09,COSTCO_95616,2025-09-12T19:30:18Z,deli,True
568686,"Hormel BREAD READY Pastrami, Sliced, 2 lbs",22.59,22.59,COSTCO_95616,2025-09-12T19:30:18Z,deli,True
46655,"Kirkland Signature Master Carve Half Ham, Applewood Smoked, 4 lb avg wt",3.09,3.09,COSTCO_95616,2025-09-12T19:30:18Z,deli,True
554377,"Hormel Cooked Ham, 13 lbs",43.99,43.99,COSTCO_95616,2025-09-12T19:30:18Z,deli,True
549137,"Azuma Gourmet Seaweed Salad, 28 oz",12.39,12.39,COSTCO_95616,2025-09-12T19:30:18Z,deli,True
43217,"Cuisine Solutions Sliced Grass-Fed Beef Sirloin, 2 lb avg wt",13.09,13.09,COSTCO_95616,2025-09-12T19:30:18Z,deli,True
1614566,"Margherita Pepperoni, Sliced, 12.5 lbs, 2 ct",84.99,84.99,COSTCO_95616,2025-09-12T19:30:18Z,deli,True
27209,"Foster Farms Turkey Pastrami, Hickory Smoked, 4 lb avg wt",3.79,3.79,COSTCO_95616,2025-09-12T19:30:18Z,deli,True
91906,"Molinari Italian Dry Salami, 3 lb chub",30.19,30.19,COSTCO_95616,2025-09-12T19:30:18Z,deli,True
30669,"Bananas, 3 lbs",1.89,1.89,COSTCO_95616,2025-09-12T19:30:21Z,fresh-produce,True
27003,"Premium Strawberries, 2 lbs",6.29,6.29,COSTCO_95616,2025-09-12T19:30:21Z,fresh-produce,True
18600,"Clementines, 5 lbs",8.19,8.19,COSTCO_95616,2025-09-12T19:30:21Z,fresh-produce,True
57554,"Premium Blueberries, 18 oz",6.29,6.29,COSTCO_95616,2025-09-12T19:30:21Z,fresh-produce,True
1506349,"Cosmic Crisp Apples, 5 lbs",9.29,9.29,COSTCO_95616,2025-09-12T19:30:21Z,fresh-produce,True
1327671,"Fuji Apples, 5 lbs",7.59,7.59,COSTCO_95616,2025-09-12T19:30:21Z,fresh-produce,True
412,"Organic Baby Carrots, Cut & Peeled, 2 lbs, 2 ct",7.59,7.59,COSTCO_95616,2025-09-12T19:30:21Z,fresh-produce,True
4032,Jumbo Seedless Watermelon,7.39,7.39,COSTCO_95616,2025-09-12T19:30:21Z,fresh-produce,True
39036,"Romaine Lettuce Hearts, 6 ct",4.99,4.99,COSTCO_95616,2025-09-12T19:30:21Z,fresh-produce,True
1637227,"Pink Lady Apples, 4 lbs",5.89,5.89,COSTCO_95616,2025-09-12T19:30:21Z,fresh-produce,True
197555,"Oranges, 10 lbs",15.29,15.29,COSTCO_95616,2025-09-12T19:30:21Z,fresh-produce,True
1249106,"Lemons, 5 lbs",5.99,5.99,COSTCO_95616,2025-09-12T19:30:21Z,fresh-produce,True
96716,"Organic Baby Spinach, 1 lb",4.89,4.89,COSTCO_95616,2025-09-12T19:30:21Z,fresh-produce,True
60357,"Mixed Bell Peppers, 6 ct",7.89,7.89,COSTCO_95616,2025-09-12T19:30:21Z,fresh-produce,True
77053,"Grape Tomatoes, Clamshell, 2 lbs",6.89,6.89,COSTCO_95616,2025-09-12T19:30:21Z,fresh-produce,True
38175,"Cara Cara Oranges, 5 lbs",10.99,10.99,COSTCO_95616,2025-09-12T19:30:21Z,fresh-produce,True
568915,"Organic Long English Cucumber, 3 ct",7.69,7.69,COSTCO_95616,2025-09-12T19:30:21Z,fresh-produce,True
5855,"Christopher Ranch Monviso Peeled Garlic, 3 lbs",14.09,14.09,COSTCO_95616,2025-09-12T19:30:21Z,fresh-produce,True
56366,"Raspberries, 12 oz",5.39,5.39,COSTCO_95616,2025-09-12T19:30:21Z,fresh-produce,True
3923,"Limes, 3 lbs",4.99,4.99,COSTCO_95616,2025-09-12T19:30:21Z,fresh-produce,True
1059995,"Organic Green Grapes, Seedless, 3 lbs",8.89,8.89,COSTCO_95616,2025-09-12T19:30:21Z,fresh-produce,True
1014484,"Cantaloupe, 2 ct",6.09,6.09,COSTCO_95616,2025-09-12T19:30:21Z,fresh-produce,True
171067,"Cucumbers, 6 ct",8.89,8.89,COSTCO_95616,2025-09-12T19:30:21Z,fresh-produce,True
1036732,"Organic Celery Sticks, 2.5 lbs",7.19,7.19,COSTCO_95616,2025-09-12T19:30:21Z,fresh-produce,True
1136340,"Organic Gala Apples, 3 lbs",5.99,5.99,COSTCO_95616,2025-09-12T19:30:21Z,fresh-produce,True
89607,Crownless Pineapple,3.59,3.59,COSTCO_95616,2025-09-12T19:30:21Z,fresh-produce,True
343100,"Oranges, 40 lb case",37.99,37.99,COSTCO_95616,2025-09-12T19:30:21Z,fresh-produce,True
21020,"Tomatoes On The Vine, 4 lbs",7.89,7.89,COSTCO_95616,2025-09-12T19:30:21Z,fresh-produce,True
123614,"Foodservice Green Onions, 2 lbs",5.49,5.49,COSTCO_95616,2025-09-12T19:30:21Z,fresh-produce,True
647465,Avocados 6 ct,6.19,6.19,COSTCO_95616,2025-09-12T19:30:21Z,fresh-produce,True
31367,"Jumbo Yellow Onions, 50 lbs",14.39,14.39,COSTCO_95616,2025-09-12T19:30:21Z,fresh-produce,True
865343,"Loose Large Tomatoes, 25 lbs",26.99,26.99,COSTCO_95616,2025-09-12T19:30:21Z,fresh-produce,True
2475,"Peaches, Yellow, 4 lbs",11.99,11.99,COSTCO_95616,2025-09-12T19:30:21Z,fresh-produce,True
48757,"Organic Spring Salad Mix, 1 lb",4.89,4.89,COSTCO_95616,2025-09-12T19:30:21Z,fresh-produce,True
699753,"Yellow Onions, 10 lbs",5.29,5.29,COSTCO_95616,2025-09-12T19:30:21Z,fresh-produce,True
652396,"Cilantro, 1 lb",4.09,4.09,COSTCO_95616,2025-09-12T19:30:21Z,fresh-produce,True
1327673,"Honeycrisp Apples, 5 lbs",10.79,10.79,COSTCO_95616,2025-09-12T19:30:21Z,fresh-produce,True
21046,"Symphony Gourmet Tomato Ensemble Medley, 2 lbs",6.99,6.99,COSTCO_95616,2025-09-12T19:30:21Z,fresh-produce,True
6838,"Iceberg Lettuce, 2 ct",2.89,2.89,COSTCO_95616,2025-09-12T19:30:21Z,fresh-produce,True
1059994,"Organic Red Grapes, 3 lbs",8.39,8.39,COSTCO_95616,2025-09-12T19:30:21Z,fresh-produce,True
3013,"Nectarines, Yellow, 4 lbs",9.79,9.79,COSTCO_95616,2025-09-12T19:30:21Z,fresh-produce,True
17902,"Cabbage Coleslaw, 5 lbs",4.99,4.99,COSTCO_95616,2025-09-12T19:30:21Z,fresh-produce,True
6021,"Premium Plums, 3 lbs",7.59,7.59,COSTCO_95616,2025-09-12T19:30:21Z,fresh-produce,True
514606,"Jalapeno Peppers, 5 lbs",8.09,8.09,COSTCO_95616,2025-09-12T19:30:21Z,fresh-produce,True
694975,"Lemons, 165 Average ct",37.49,37.49,COSTCO_95616,2025-09-12T19:30:21Z,fresh-produce,True
5623,"Broccoli Florets, 3 lbs",6.19,6.19,COSTCO_95616,2025-09-12T19:30:21Z,fresh-produce,True
9158,Golden Hami Melon,4.99,4.99,COSTCO_95616,2025-09-12T19:30:21Z,fresh-produce,True
10858,"Zucchini, 6 ct",9.99,9.99,COSTCO_95616,2025-09-12T19:30:21Z,fresh-produce,True
62752,"Red Onions, 10 lbs",9.09,9.09,COSTCO_95616,2025-09-12T19:30:21Z,fresh-produce,True
519638,"Blueberries Organic, 18 oz",6.79,6.79,COSTCO_95616,2025-09-12T19:30:21Z,fresh-produce,True
278138,"Avocados, Stage 2 Ripened, Flat, 35 avg ct",26.99,26.99,COSTCO_95616,2025-09-12T19:30:21Z,fresh-produce,True
720650,"Cocktail Cucumbers, 1.5 lbs",6.79,6.79,COSTCO_95616,2025-09-12T19:30:21Z,fresh-produce,True
512515,"Strawberries Organic, 2 lbs",9.19,9.19,COSTCO_95616,2025-09-12T19:30:21Z,fresh-produce,True
1249373,"Red Bell Peppers, 5 lbs",13.09,13.09,COSTCO_95616,2025-09-12T19:30:21Z,fresh-produce,True
113523,"Organic Premium Mushrooms, Large White, 24 oz",5.99,5.99,COSTCO_95616,2025-09-12T19:30:21Z,fresh-produce,True
408598,"Baking Potatoes, 50 lbs",15.99,15.99,COSTCO_95616,2025-09-12T19:30:21Z,fresh-produce,True
7445,"Baking Potatoes, 10 lbs",5.79,5.79,COSTCO_95616,2025-09-12T19:30:21Z,fresh-produce,True
1249368,"Green Bell Peppers, 5 lbs",10.09,10.09,COSTCO_95616,2025-09-12T19:30:21Z,fresh-produce,True
26281,"Mini Seedless Watermelon, 2 ct",7.59,7.59,COSTCO_95616,2025-09-12T19:30:21Z,fresh-produce,True
17901,"Salad Mix, 5 lbs",8.09,8.09,COSTCO_95616,2025-09-12T19:30:21Z,fresh-produce,True
335694,"Roma Tomatoes, 25 lbs",26.79,26.79,COSTCO_95616,2025-09-12T19:30:21Z,fresh-produce,True
22797,"Mushrooms Sliced White, 2.5 lbs",9.69,9.69,COSTCO_95616,2025-09-12T19:30:21Z,fresh-produce,True
121288,"Organic Baby Bella Mushrooms, 24 oz",6.79,6.79,COSTCO_95616,2025-09-12T19:30:21Z,fresh-produce,True
17900,"Shredded Lettuce, 5 lbs",7.59,7.59,COSTCO_95616,2025-09-12T19:30:21Z,fresh-produce,True
842994,"Organic Mangos, 6 lbs",9.99,9.99,COSTCO_95616,2025-09-12T19:30:21Z,fresh-produce,True
2534,"Cherries, Clamshell, 2 lbs",8.79,8.79,COSTCO_95616,2025-09-12T19:30:21Z,fresh-produce,True
335620,"Juicer Carrots, 25 lbs",19.49,19.49,COSTCO_95616,2025-09-12T19:30:21Z,fresh-produce,True
142819,"Tuscan Melon, Red Moon",8.79,7.29,COSTCO_95616,2025-09-12T19:30:21Z,fresh-produce,True
7913,"Green Kiwi, 3 lbs",9.09,9.09,COSTCO_95616,2025-09-12T19:30:21Z,fresh-produce,True
791185,"Blackberries Organic, 12 oz",6.79,6.79,COSTCO_95616,2025-09-12T19:30:21Z,fresh-produce,True
3987,"Grapefruit, 5 lbs",5.29,5.29,COSTCO_95616,2025-09-12T19:30:21Z,fresh-produce,True
131,"Organic Brussels Sprouts, 2 lbs",6.89,6.89,COSTCO_95616,2025-09-12T19:30:21Z,fresh-produce,True
39478,"Green Cabbage Whole, 3 ct",8.79,8.79,COSTCO_95616,2025-09-12T19:30:21Z,fresh-produce,True
228233,"Sweet Onion, 10 lbs",6.19,6.19,COSTCO_95616,2025-09-12T19:30:21Z,fresh-produce,True
25595,"Campari Tomatoes, 2 lbs",6.39,6.39,COSTCO_95616,2025-09-12T19:30:21Z,fresh-produce,True
331100,"The Little Potato Company Fresh Creamer Potatoes, Variety Pack, 5 lbs",7.29,7.29,COSTCO_95616,2025-09-12T19:30:21Z,fresh-produce,True
38742,"Super Sweet Corn, Fully Husked, 8 ct",8.29,8.29,COSTCO_95616,2025-09-12T19:30:21Z,fresh-produce,True
6995,"Gold Kiwi, 3 lbs",11.79,11.79,COSTCO_95616,2025-09-12T19:30:21Z,fresh-produce,True
2003,"Organic Sweet Potatoes, 5 lbs",9.79,9.79,COSTCO_95616,2025-09-12T19:30:21Z,fresh-produce,True
25949,Colossal Garlic 2 lbs,5.89,5.89,COSTCO_95616,2025-09-12T19:30:21Z,fresh-produce,True
31255,"Organic Cauliflower Florets, 2 lbs",8.59,8.59,COSTCO_95616,2025-09-12T19:30:21Z,fresh-produce,True
202193,"Mini Peppers, 1.5 lbs",6.09,6.09,COSTCO_95616,2025-09-12T19:30:21Z,fresh-produce,True
83505,"Small Red Potatoes US #1, 10 lbs",8.09,8.09,COSTCO_95616,2025-09-12T19:30:21Z,fresh-produce,True
746850,"Ginger Root, 3 lbs",11.79,11.79,COSTCO_95616,2025-09-12T19:30:21Z,fresh-produce,True
910270,"Organic Green Beans, 2 lbs",6.99,6.99,COSTCO_95616,2025-09-12T19:30:21Z,fresh-produce,True
55851,"Baby Bok Choy, 2 lbs",8.49,8.49,COSTCO_95616,2025-09-12T19:30:21Z,fresh-produce,True
7099,"Organic Pitted Medjool Dates, 24 oz",13.59,13.59,COSTCO_95616,2025-09-12T19:30:21Z,fresh-produce,True
1078374,"Tomatillo, 5 lbs",9.09,9.09,COSTCO_95616,2025-09-12T19:30:21Z,fresh-produce,True
970623,"Organic Asparagus, 2.25 lbs",11.39,11.39,COSTCO_95616,2025-09-12T19:30:21Z,fresh-produce,True
1895,"Cherry Tomatoes on the Vine, 1.5 lbs",9.09,9.09,COSTCO_95616,2025-09-12T19:30:21Z,fresh-produce,True
1158,"Organic Arugula, 10 oz",4.99,4.99,COSTCO_95616,2025-09-12T19:30:21Z,fresh-produce,True
29690,"Serrano Chile Peppers, 5 lbs",17.29,17.29,COSTCO_95616,2025-09-12T19:30:21Z,fresh-produce,True
782294,"Power Greens Organic, 1.5 lbs",7.39,7.39,COSTCO_95616,2025-09-12T19:30:21Z,fresh-produce,True
936430,"Honey Gold Plums, 3.5 lbs",6.19,6.19,COSTCO_95616,2025-09-12T19:30:21Z,fresh-produce,True
6537,"Fresh Guava, 2 lbs",7.49,7.49,COSTCO_95616,2025-09-12T19:30:21Z,fresh-produce,True
30961,"Apple Pears, 3.5 lbs",12.59,12.59,COSTCO_95616,2025-09-12T19:30:21Z,fresh-produce,True
5878,"Hawaiian Papaya, 2 ct",8.19,8.19,COSTCO_95616,2025-09-12T19:30:21Z,fresh-produce,True
670849,"Corona Real California Whole Chile Pods, 16 oz, 2 ct",10.29,10.29,COSTCO_95616,2025-09-12T19:30:21Z,fresh-produce,True
358797,"Corona Real Whole Guajillo Hot Chile Pods, 16 oz, 2 ct",12.29,12.29,COSTCO_95616,2025-09-12T19:30:21Z,fresh-produce,True
1078376,"Poblano Peppers, 5 lbs",12.39,12.39,COSTCO_95616,2025-09-12T19:30:21Z,fresh-produce,True
92236,"Anaheim Chile Pepper, 3 lbs",13.59,13.59,COSTCO_95616,2025-09-12T19:30:21Z,fresh-produce,True
1078373,"Napa Cabbage, 3 ct",10.09,10.09,COSTCO_95616,2025-09-12T19:30:21Z,fresh-produce,True
45579,"Candy Heart Red Grapes, Seedless, 3 lbs",7.99,7.99,COSTCO_95616,2025-09-12T19:30:21Z,fresh-produce,True
80085,Jumbo Pumpkin,9.99,9.99,COSTCO_95616,2025-09-12T19:30:21Z,fresh-produce,True
1942117,"Smucker's Uncrustables, Peanut Butter & Grape Jelly Sandwich, 2.4 oz, 24 ct",18.19,18.19,COSTCO_95616,2025-09-12T19:30:26Z,frozen-foods,True
1312303,"Jimmy Dean Croissant Sandwich, Sausage, Cage Free Egg & Cheese, 12 ct",16.59,12.29,COSTCO_95616,2025-09-12T19:30:26Z,frozen-foods,True
1944486,"Smucker's Uncrustables, Peanut Butter & Strawberry Jam Sandwich, 2.4 oz, 24 ct",18.19,18.19,COSTCO_95616,2025-09-12T19:30:26Z,frozen-foods,True
904984,"Kirkland Signature Organic Strawberries, 4 lbs",13.59,13.59,COSTCO_95616,2025-09-12T19:30:26Z,frozen-foods,True
759072,"Eggo Waffles, Homestyle, 72 ct",12.69,12.69,COSTCO_95616,2025-09-12T19:30:26Z,frozen-foods,True
1010598,"Kirkland Signature Three Berry Blend, 4 lbs",12.49,12.49,COSTCO_95616,2025-09-12T19:30:26Z,frozen-foods,True
1704516,"Hot Pockets Premium Pepperoni Pizza, 4.5 oz, 20 ct",17.99,13.99,COSTCO_95616,2025-09-12T19:30:26Z,frozen-foods,True
258966,"Flav-R-Pac Broccoli Florets, 3.5 lbs",7.39,7.39,COSTCO_95616,2025-09-12T19:30:26Z,frozen-foods,True
42203,"Flav-R-Pac Whole Kernel Corn, 5 lbs",7.99,7.99,COSTCO_95616,2025-09-12T19:30:26Z,frozen-foods,True
297889,"Flav-R-Pac Classic Mixed Vegetables, 5 lbs",7.99,7.99,COSTCO_95616,2025-09-12T19:30:26Z,frozen-foods,True
692753,"Wawona Mango Chunks, 10 lbs",31.09,31.09,COSTCO_95616,2025-09-12T19:30:26Z,frozen-foods,True
134552,"Tyson 100% All Natural Sausage Patties, 4 lbs",16.79,16.79,COSTCO_95616,2025-09-12T19:30:26Z,frozen-foods,True
88566,"Ore-Ida Crispy Tater Tots, 8 lbs",13.09,13.09,COSTCO_95616,2025-09-12T19:30:26Z,frozen-foods,True
88744,"Kirkland Signature Meatballs, Italian Style Beef, 6 lbs",22.59,22.59,COSTCO_95616,2025-09-12T19:30:26Z,frozen-foods,True
648126,"Kirkland Signature IQF Blueberries, 5 lbs",13.79,13.79,COSTCO_95616,2025-09-12T19:30:26Z,frozen-foods,True
569214,"Tyson Red Label Diced Chicken Breast, 10 lbs",48.99,48.99,COSTCO_95616,2025-09-12T19:30:26Z,frozen-foods,True
1574625,"Kellogg's Eggo Pancakes, Buttermilk, 64 ct",14.99,14.99,COSTCO_95616,2025-09-12T19:30:26Z,frozen-foods,True
22031,"Flav-R-Pac Peas and Carrots, 5 lbs",7.59,7.59,COSTCO_95616,2025-09-12T19:30:26Z,frozen-foods,True
7666,"Flav-R-Pac Sweet Green Peas, 5 lbs",8.59,8.59,COSTCO_95616,2025-09-12T19:30:26Z,frozen-foods,True
1201906,"Kirkland Signature Chicken Bakes, 8 oz, 6 ct",15.59,15.59,COSTCO_95616,2025-09-12T19:30:26Z,frozen-foods,True
1331682,"Jimmy Dean Breakfast Bowl, Meat Lovers, 7 oz, 8 ct",21.59,21.59,COSTCO_95616,2025-09-12T19:30:26Z,frozen-foods,True
319714,"Foster Farms Jumbo Chicken Corn Dogs, 28 ct",17.39,17.39,COSTCO_95616,2025-09-12T19:30:26Z,frozen-foods,True
749730,"Flav-R-Pac Cut Green Beans, 5 lbs",8.09,8.09,COSTCO_95616,2025-09-12T19:30:26Z,frozen-foods,True
744463,"Tyson Panko Chicken Nuggets, 5 lbs",15.19,15.19,COSTCO_95616,2025-09-12T19:30:26Z,frozen-foods,True
27169,"El Monterey Burritos, Variety, 30 ct",23.19,23.19,COSTCO_95616,2025-09-12T19:30:26Z,frozen-foods,True
1312297,"Jimmy Dean Delights English Muffin, Turkey Sausage, Egg White & Cheese, 12 ct",18.19,18.19,COSTCO_95616,2025-09-12T19:30:26Z,frozen-foods,True
1704496,"Hot Pockets Hickory Ham and Cheddar, 4.5 oz, 20 ct",17.99,13.99,COSTCO_95616,2025-09-12T19:30:26Z,frozen-foods,True
1578129,"Foster Farms Breaded Chicken Patties, Classic, 1/4 lb, 20 ct",18.19,18.19,COSTCO_95616,2025-09-12T19:30:26Z,frozen-foods,True
1632408,"Farm Rich French Toast Sticks, Cinnamon, 48 oz",10.69,10.69,COSTCO_95616,2025-09-12T19:30:26Z,frozen-foods,True
694466,"Kirkland Signature Organic Normandy Vegetable Blend, 5.5 lbs",12.99,12.99,COSTCO_95616,2025-09-12T19:30:26Z,frozen-foods,True
1748763,"Kirkland Signature Croissant Breakfast Sandwich, Applewood Smoked Bacon, Egg and Cheese, 4.82 oz, 8 ct",18.69,18.69,COSTCO_95616,2025-09-12T19:30:26Z,frozen-foods,True
1320698,"Kirkland Signature Ground Beef Patties, 1/4 lb Patty, 40 ct",54.99,54.99,COSTCO_95616,2025-09-12T19:30:26Z,frozen-foods,True
1736931,"Kirkland Signature Lightly Breaded Chicken Breast Chunks, Boneless Skinless, 4 lbs",18.19,18.19,COSTCO_95616,2025-09-12T19:30:26Z,frozen-foods,True
197138,"Foster Farms Chicken Breasts, Boneless Skinless, 10 lbs",29.39,29.39,COSTCO_95616,2025-09-12T19:30:26Z,frozen-foods,True
590406,"Flav-R-Pac Diced Red Potatoes, 5 lbs",7.59,7.59,COSTCO_95616,2025-09-12T19:30:26Z,frozen-foods,True
562303,"Ore-Ida Golden Hash Brown Patties, 2.8 lbs, 6 ct",34.99,34.99,COSTCO_95616,2025-09-12T19:30:26Z,frozen-foods,True
1881496,"La Boulangerie Smoked Ham & Swiss Cheese Pockets, 3.18 oz, 8 ct",16.19,16.19,COSTCO_95616,2025-09-12T19:30:26Z,frozen-foods,True
624842,"Sabatasso's Thin Crust Pizza Singles, Variety, 12 ct",14.09,14.09,COSTCO_95616,2025-09-12T19:30:26Z,frozen-foods,True
1816818,"Raybern’s Crafted Sandwiches, Philly Cheesesteak, 5.6 oz, 6 ct",14.79,14.79,COSTCO_95616,2025-09-12T19:30:26Z,frozen-foods,True
1355725,"Marie Callender's Chicken Pot Pies, 10 oz, 8 ct",14.99,14.99,COSTCO_95616,2025-09-12T19:30:26Z,frozen-foods,True
1565720,"Super Pretzel Soft Pretzels, King Size, 5 oz, 20 ct",12.99,12.99,COSTCO_95616,2025-09-12T19:30:26Z,frozen-foods,True
464292,"Ajinomoto Yakisoba with Vegetables, 9 oz, 6 ct",18.19,18.19,COSTCO_95616,2025-09-12T19:30:26Z,frozen-foods,True
816563,"Trident Seafoods The Ultimate Fish Stick, Alaska Pollock, 4 lbs",16.79,16.79,COSTCO_95616,2025-09-12T19:30:26Z,frozen-foods,True
1560758,"Yummy Dino Buddies Dinosaur-Shaped Chicken Breast Nuggets, 5 lbs",16.29,16.29,COSTCO_95616,2025-09-12T19:30:26Z,frozen-foods,True
1015237,"Kirkland Signature Stir Fry Vegetable Blend, 5.5 lbs",11.39,11.39,COSTCO_95616,2025-09-12T19:30:26Z,frozen-foods,True
128783,"Posada Burritos, Shredded Steak & Cheese, 5 oz, 18 ct",19.19,19.19,COSTCO_95616,2025-09-12T19:30:26Z,frozen-foods,True
563891,"Pierre Signatures Angus Cheeseburger, 6.2 oz, 8 ct",18.19,18.19,COSTCO_95616,2025-09-12T19:30:26Z,frozen-foods,True
1321637,"Kirkland Signature Italian Sausage and Beef Lasagna, 3 lbs, 2 ct",20.19,20.19,COSTCO_95616,2025-09-12T19:30:26Z,frozen-foods,True
18668,"El Monterey Mexican Grill Taquitos, Chicken & Cheese, 51 oz, 30 ct",16.59,16.59,COSTCO_95616,2025-09-12T19:30:26Z,frozen-foods,True
1665919,"Impossible Burger Patties Made From Plants, 4 oz, 10 ct",18.19,18.19,COSTCO_95616,2025-09-12T19:30:26Z,frozen-foods,True
128782,"Posada Chimichangas, Steak & Cheese, 5 oz, 18 ct",19.19,19.19,COSTCO_95616,2025-09-12T19:30:26Z,frozen-foods,True
1708883,"Golden Fry 3/8"" Straight Cut French Fries, 5 lbs, 6 ct",32.49,32.49,COSTCO_95616,2025-09-12T19:30:26Z,frozen-foods,True
1708877,"Golden Fry 1/4"" Shoestring French Fries, 4.5 lbs, 6 ct",32.69,32.69,COSTCO_95616,2025-09-12T19:30:26Z,frozen-foods,True
1006641,"Sandwich Bros Chicken Melt Flatbread Pocket Sandwiches, 2.5 oz, 15 ct",13.99,13.99,COSTCO_95616,2025-09-12T19:30:26Z,frozen-foods,True
88739,"Kirkland Signature Lean Ground Beef, 91% Lean, 1 lb Chub, 5 ct",33.79,33.79,COSTCO_95616,2025-09-12T19:30:26Z,frozen-foods,True
7147,"Tyson Red Label Golden Crispy Chicken Tenderloins, Uncooked, 10 lbs",31.59,31.59,COSTCO_95616,2025-09-12T19:30:26Z,frozen-foods,True
1846882,"Delimex Premium Beef Taquitos, 65 ct",13.59,13.59,COSTCO_95616,2025-09-12T19:30:26Z,frozen-foods,True
1007700,"Sabatasso's French Bread Pepperoni Pizza, 9 ct",14.09,14.09,COSTCO_95616,2025-09-12T19:30:26Z,frozen-foods,True
119340,"BIG Ground Beef Patties, 1/3 lb Patty, 30 ct",54.99,54.99,COSTCO_95616,2025-09-12T19:30:26Z,frozen-foods,True
1044159,"Kahiki Chicken Rice Bowl with Teriyaki Sauce, 12.5 oz, 6 ct",18.09,18.09,COSTCO_95616,2025-09-12T19:30:26Z,frozen-foods,True
562311,"Ore-Ida Hash Browns, Shredded, 3 lbs, 6 ct",28.99,28.99,COSTCO_95616,2025-09-12T19:30:26Z,frozen-foods,True
357452,"Smithfield Pork Sausage Links, 10 lbs",39.59,39.59,COSTCO_95616,2025-09-12T19:30:26Z,frozen-foods,True
9820887,"Kirkland Signature Cheese Pizza, 18.25 oz, 4 ct",13.39,13.39,COSTCO_95616,2025-09-12T19:30:26Z,frozen-foods,True
131453,"El Monterey Signature Chimichangas, Chicken & Cheese, 5 oz, 18 ct",22.59,22.59,COSTCO_95616,2025-09-12T19:30:26Z,frozen-foods,True
1294446,"Kirkland Signature Chicken Wings, First and Second Sections, 10 lbs",31.59,31.59,COSTCO_95616,2025-09-12T19:30:26Z,frozen-foods,True
5098,"Farm Rich Battered Mozzarella Cheese Sticks, 3 lbs, 2 ct",21.19,21.19,COSTCO_95616,2025-09-12T19:30:26Z,frozen-foods,True
570785,"Ore-Ida Crispy Crinkles French Fries, 8 lbs",11.19,11.19,COSTCO_95616,2025-09-12T19:30:26Z,frozen-foods,True
601286,"Otis Spunkmeyer Frozen Cookie Dough, Chocolate Chunk, 6 lbs",20.89,20.89,COSTCO_95616,2025-09-12T19:30:26Z,frozen-foods,True
227760,"Ore-Ida Fast Food French Fries, Extra Crispy, 6 lbs",11.79,11.79,COSTCO_95616,2025-09-12T19:30:26Z,frozen-foods,True
1708884,"Golden Fry 1/2"" Crinkle Cut French Fries, 5 lbs, 6 ct",33.99,33.99,COSTCO_95616,2025-09-12T19:30:26Z,frozen-foods,True
1848925,"Delimex Cocina Burrito Bowl, Chicken Poblano Queso, 10 oz, 5 ct",16.29,16.29,COSTCO_95616,2025-09-12T19:30:26Z,frozen-foods,True
1338984,"Foster Farms Take Out Crispy Chicken Wings, Classic Buffalo, 4 lbs",22.09,18.09,COSTCO_95616,2025-09-12T19:30:26Z,frozen-foods,True
545764,"McCain Harvest Splendor 3/8"" Sweet Potato Fries, 2.5 lbs, 6 ct",39.59,39.59,COSTCO_95616,2025-09-12T19:30:26Z,frozen-foods,True
1305092,"Kirkland Signature Ground Beef Patties, 75% Lean, 1/3 lb Patty, 18 ct",36.19,36.19,COSTCO_95616,2025-09-12T19:30:26Z,frozen-foods,True
1782177,"Kirkland Signature Chicken Breast Fillets, Lightly Breaded, 48 oz",15.79,15.79,COSTCO_95616,2025-09-12T19:30:26Z,frozen-foods,True
607237,"Kirkland Signature Pepperoni Pizza, Thin Crust, 4 ct",16.39,16.39,COSTCO_95616,2025-09-12T19:30:26Z,frozen-foods,True
1454442,"Kirkland Signature Chicken Breasts, Boneless Skinless, 6.5 lbs",22.59,22.59,COSTCO_95616,2025-09-12T19:30:26Z,frozen-foods,True
1730462,"Bachoco USA Halal Coated Jumbo Chicken Wing Sections, Fully Cooked, 10 lbs",46.29,46.29,COSTCO_95616,2025-09-12T19:30:26Z,frozen-foods,True
1208625,"Wawona Festival Fruit Blend, 10 lbs",28.69,28.69,COSTCO_95616,2025-09-12T19:30:26Z,frozen-foods,True
1769976,"Au Pain Dore Croissants, All Butter, 2.5 oz, 30 ct",15.59,15.59,COSTCO_95616,2025-09-12T19:30:26Z,frozen-foods,True
503133,"Caribbean Food Delights Jamaican Style Spicy Beef Patties, 5 oz, 10 ct",12.99,12.99,COSTCO_95616,2025-09-12T19:30:26Z,frozen-foods,True
9879878,"Kirkland Signature French Fries, Extra-Crispy, 5 lbs, 6 ct",37.99,37.99,COSTCO_95616,2025-09-12T19:30:26Z,frozen-foods,True
30252,"Bagel Bites Pizza Snacks, Cheese & Pepperoni, 72 ct",12.59,12.59,COSTCO_95616,2025-09-12T19:30:26Z,frozen-foods,True
7895,"Yucatan Authentic Guacamole, 6 lbs",24.79,24.79,COSTCO_95616,2025-09-12T19:30:26Z,frozen-foods,True
1294445,"Kirkland Signature Chicken Thighs, Boneless Skinless, 6.5 lbs",22.59,22.59,COSTCO_95616,2025-09-12T19:30:26Z,frozen-foods,True
293382,"MorningStar Farms Chipotle Black Bean Burger, 1/4 lb Patty, 12 ct",18.69,13.69,COSTCO_95616,2025-09-12T19:30:26Z,frozen-foods,True
337754,"Royal Asia Vegetable Spring Rolls With Edamame, 50 ct",10.89,10.89,COSTCO_95616,2025-09-12T19:30:26Z,frozen-foods,True
1294443,"Kirkland Signature Chicken Tenderloins, Boneless Skinless, 6 lbs",22.59,22.59,COSTCO_95616,2025-09-12T19:30:26Z,frozen-foods,True
1853117,"Tyson Boneless Chicken Bites, Buffalo Style, 3.5 lbs",19.19,15.29,COSTCO_95616,2025-09-12T19:30:26Z,frozen-foods,True
4533,"Jon Donaire 10"" New York Cheesecake, 16 Slices",25.09,25.09,COSTCO_95616,2025-09-12T19:30:26Z,frozen-foods,True
542081,"Brew City Beer Battered Onion Rings, Thick Cut, 40 oz",11.09,11.09,COSTCO_95616,2025-09-12T19:30:26Z,frozen-foods,True
1769939,"Au Pain Dore Demi Baguettes, 5.3 oz, 20 ct",15.19,15.19,COSTCO_95616,2025-09-12T19:30:26Z,frozen-foods,True
1337852,"Kirkland Signature Farm-Raised Raw Shrimp, Tail-Off, Peeled, Deveined, 31-40 ct, 2 lbs",15.69,15.69,COSTCO_95616,2025-09-12T19:30:26Z,frozen-foods,True
569224,"Tyson Red Label Grilled Chicken Breast Strips with Rib Meat, 10 lbs",44.99,44.99,COSTCO_95616,2025-09-12T19:30:26Z,frozen-foods,True
7416,"Tyson Panko Breaded Chicken Breast Tenderloins, 5 lbs",20.89,20.89,COSTCO_95616,2025-09-12T19:30:26Z,frozen-foods,True
998970,"Kirkland Signature Farmed Atlantic Salmon, 6 oz - 8 oz Center-Cut Portion, 3 lbs",38.39,38.39,COSTCO_95616,2025-09-12T19:30:26Z,frozen-foods,True
1847476,"Ling Ling Potstickers, Chicken & Vegetable, 4.2 lbs",13.19,13.19,COSTCO_95616,2025-09-12T19:30:26Z,frozen-foods,True
1304236,"Kirkland Signature Grass-Fed Beef Patties, 1/3 lb Patty, 15 ct",36.19,36.19,COSTCO_95616,2025-09-12T19:30:26Z,frozen-foods,True
43169,"Aqua Star Butterfly Coconut Shrimp, Hand Breaded, 16-20 ct, 2.5 lbs",14.79,14.79,COSTCO_95616,2025-09-12T19:30:26Z,frozen-foods,True
1208629,"Wawona Spectrum Fruit Blend, 10 lbs",27.19,27.19,COSTCO_95616,2025-09-12T19:30:26Z,frozen-foods,True
1021875,"Philly's Best Steak Beef Sandwich Steaks, 4 oz Portion, 10 lbs",52.99,52.99,COSTCO_95616,2025-09-12T19:30:26Z,frozen-foods,True
1173999,"Delizza Patisserie Belgian Mini Cream Puffs, 120 ct",14.29,14.29,COSTCO_95616,2025-09-12T19:30:26Z,frozen-foods,True
25551,"Kirkland Signature Farm-Raised Raw Shrimp, Tail-On, Peeled, Deveined, 21-25 ct, 2 lbs",19.09,19.09,COSTCO_95616,2025-09-12T19:30:26Z,frozen-foods,True
1440704,"Authentic Motor City Pizza Co Detroit-Style Deep Dish Pizza, Double Pepperoni, 2 ct",14.79,14.79,COSTCO_95616,2025-09-12T19:30:26Z,frozen-foods,True
1251702,"Kirkland Signature Tempura Shrimp, 30 ct",21.59,21.59,COSTCO_95616,2025-09-12T19:30:26Z,frozen-foods,True
1702599,"Don Lee Farms Angus Choice Beef Patties, Flame Grilled, 1/4 lb Patty, 40 ct",77.99,77.99,COSTCO_95616,2025-09-12T19:30:26Z,frozen-foods,True
1874969,"Corn Maiden Burritos, Chicken Bean & Cheese, 8 oz, 8 ct",22.59,22.59,COSTCO_95616,2025-09-12T19:30:26Z,frozen-foods,True
1143874,"Trident Seafoods Wild Alaskan Cod, Beer Battered, 10 lbs",80.99,80.99,COSTCO_95616,2025-09-12T19:30:26Z,frozen-foods,True
1781243,"Golden Fry French Fries, Steak Cut, 5 lbs, 6 ct",33.99,33.99,COSTCO_95616,2025-09-12T19:30:26Z,frozen-foods,True
1548578,"VIA Farm-Raised Raw Shrimp, Tail-Off, Peeled, Deveined, 41-50 ct, 2 lbs",14.79,14.79,COSTCO_95616,2025-09-12T19:30:26Z,frozen-foods,True
563898,"Pierre Signatures Grilled Chicken Sandwich, 4 oz, 12 ct",15.79,15.79,COSTCO_95616,2025-09-12T19:30:26Z,frozen-foods,True
259018,"Flav-R-Pac Corn Cobbetts, 24 ct",9.29,9.29,COSTCO_95616,2025-09-12T19:30:26Z,frozen-foods,True
1481430,"Yucatan Avocado Halves, 3 lbs",13.59,13.59,COSTCO_95616,2025-09-12T19:30:26Z,frozen-foods,True
632762,"McCain Redstone Canyon Seasoned Spiral Fries, Skin-On, 4 lbs, 6 ct",49.39,49.39,COSTCO_95616,2025-09-12T19:30:26Z,frozen-foods,True
638854,"Bibigo Mini Wontons, Chicken & Cilantro, 3 lbs",11.39,11.39,COSTCO_95616,2025-09-12T19:30:26Z,frozen-foods,True
13607,"New Zealand Halal Frenched Lamb Rack, 3 lb avg wt",14.59,14.59,COSTCO_95616,2025-09-12T19:30:26Z,frozen-foods,True
709847,"Wawona Pineapple Chunks, 10 lbs",27.69,27.69,COSTCO_95616,2025-09-12T19:30:26Z,frozen-foods,True
1874965,"Corn Maiden Artisanal Burritos, Beef Bean & Cheese 8 oz, 8 ct",22.59,22.59,COSTCO_95616,2025-09-12T19:30:26Z,frozen-foods,True
1874961,"Corn Maiden Artisanal Burritos, Pinto Bean & Cheddar Cheese, 8 oz, 8 ct",22.59,22.59,COSTCO_95616,2025-09-12T19:30:26Z,frozen-foods,True
291938,"Jon Donaire 9"" White Chocolate Raspberry Cheesecake, 12 Slices",22.59,22.59,COSTCO_95616,2025-09-12T19:30:26Z,frozen-foods,True
1893695,"Alaskan Leader Seafood Alaska Cod, Wild Caught, Boneless Skinless, 10 lbs",33.69,33.69,COSTCO_95616,2025-09-12T19:30:26Z,frozen-foods,True
1655404,"Thomas Farms Halal Bone-In Goat Cubes, 2"" x 2"", 15 lbs",71.49,71.49,COSTCO_95616,2025-09-12T19:30:26Z,frozen-foods,True
16594,"Trident Seafoods Alaska Salmon Burgers, 4 oz, 12 ct",23.79,23.79,COSTCO_95616,2025-09-12T19:30:26Z,frozen-foods,True
1644164,"Crescent Foods Breaded Chicken Breast Nuggets, 3 lbs",15.79,15.79,COSTCO_95616,2025-09-12T19:30:26Z,frozen-foods,True
25538,"Kirkland Signature Farm-Raised Cooked Shrimp, Tail-On, Peeled, Deveined, 31-40 ct, 2 lbs",20.19,20.19,COSTCO_95616,2025-09-12T19:30:26Z,frozen-foods,True
1548696,"VIA Farm-Raised Raw Shrimp, Tail-Off, Peeled, Deveined, 31-40 ct, 2 lbs",16.19,16.19,COSTCO_95616,2025-09-12T19:30:26Z,frozen-foods,True
43148,"Aqua Star Farmed Tilapia Fillets, 5 oz - 7 oz Portion, 10 lbs",58.99,58.99,COSTCO_95616,2025-09-12T19:30:26Z,frozen-foods,True
1548735,"VIA Farm-Raised Raw Shrimp, Tail-Off, Peeled, Deveined, 26-30 ct, 2 lbs",17.49,17.49,COSTCO_95616,2025-09-12T19:30:26Z,frozen-foods,True
221177,"Kirkland Signature Wild Alaskan Sockeye Salmon, 5 oz - 7 oz Portion, 3 lbs",44.99,44.99,COSTCO_95616,2025-09-12T19:30:26Z,frozen-foods,True
7487,"Tyson Red Label Grilled Chicken Breast, 10 lbs",67.99,67.99,COSTCO_95616,2025-09-12T19:30:26Z,frozen-foods,True
1548694,"VIA Farm-Raised Raw Shrimp, Tail-On, Peeled, Deveined, 21-25 ct, 2 lbs",16.79,16.79,COSTCO_95616,2025-09-12T19:30:26Z,frozen-foods,True
258035,"Tyson Grilled Chicken Fillets, Sweet Teriyaki, 3.5 lbs",15.39,15.39,COSTCO_95616,2025-09-12T19:30:26Z,frozen-foods,True
13455,"New Zealand Spring Lamb Halal Ground Lamb, 85% Lean, 4 lbs",33.59,33.59,COSTCO_95616,2025-09-12T19:30:26Z,frozen-foods,True
1873273,"McCain Golden Fry 3/8"" Straight Cut French Fries, 5 lbs, 6 ct",33.99,33.99,COSTCO_95616,2025-09-12T19:30:26Z,frozen-foods,True
77009,"Kirkland Signature Farm-Raised Cooked Shrimp, Tail-Off, Peeled, Deveined, 50-70 ct, 2 lbs",18.09,18.09,COSTCO_95616,2025-09-12T19:30:26Z,frozen-foods,True
1186001,"Bibigo Beef Bulgogi Mandu Dumplings, 3 lbs",15.69,15.69,COSTCO_95616,2025-09-12T19:30:26Z,frozen-foods,True
451297,"Sea Cuisine Tilapia, Tortilla Crusted, 2 lbs",16.79,16.79,COSTCO_95616,2025-09-12T19:30:26Z,frozen-foods,True
1832874,"Alaskan Leader Seafoods Black Cod, Miso Marinated, 30 oz",27.09,27.09,COSTCO_95616,2025-09-12T19:30:26Z,frozen-foods,True
1848215,"Frozen Cookie Dough Pucks, Chocolate Chunk, 1.76 oz, 120 ct",44.99,44.99,COSTCO_95616,2025-09-12T19:30:26Z,frozen-foods,True
1869324,"Partini Spinach and Artichoke Bites, 40 ct",12.59,12.59,COSTCO_95616,2025-09-12T19:30:26Z,frozen-foods,True
1597590,"Swift Beef Marrow Bones, 4 lbs",14.79,14.79,COSTCO_95616,2025-09-12T19:30:26Z,frozen-foods,True
42202,"Case Sale Halal Lamb Shanks, 25 lb avg wt",5.09,5.09,COSTCO_95616,2025-09-12T19:30:26Z,frozen-foods,True
1116045,"Royal Asia Prawn Hacao, Soy Ginger Sauce, 40 ct",17.49,13.49,COSTCO_95616,2025-09-12T19:30:26Z,frozen-foods,True
453238,"Tyson Premium Cornish Hen, 25 oz, 6 ct",30.59,30.59,COSTCO_95616,2025-09-12T19:30:26Z,frozen-foods,True
1644189,"Crescent Foods Chicken Breast Breaded Tenders, 3 lbs",19.99,19.99,COSTCO_95616,2025-09-12T19:30:26Z,frozen-foods,True
1596964,"Harvest of the Sea Seafood Medley, 2.5 lbs",20.19,20.19,COSTCO_95616,2025-09-12T19:30:26Z,frozen-foods,True
1799739,"Au Pain Dore Greek Yogurt and Cherry Danish, 3.5 oz, 30 ct",28.19,28.19,COSTCO_95616,2025-09-12T19:30:26Z,frozen-foods,True
43565,"Maple Leaf Farms Halal Whole Duck, 5 lb avg wt",4.29,4.29,COSTCO_95616,2025-09-12T19:30:26Z,frozen-foods,True
1632838,"East Coast Seafood Japanese Hokkaido Scallops, Raw, 18-23 ct, 2 lbs",50.99,50.99,COSTCO_95616,2025-09-12T19:30:26Z,frozen-foods,True
1873275,"McCain Golden Fry 7/16"" Crinkle French Fries, 5 lbs, 6 ct",35.49,35.49,COSTCO_95616,2025-09-12T19:30:26Z,frozen-foods,True
1874258,"La Vie Gourmand Puff Pastry Sheets, Ready to Bake, 15 oz, 20 ct",42.99,42.99,COSTCO_95616,2025-09-12T19:30:26Z,frozen-foods,True
3065,"Butterball Turkey Breast Roast, Boneless, 4.75 lbs",18.79,18.79,COSTCO_95616,2025-09-12T19:30:26Z,frozen-foods,True
47690,"Alaskan Leader Seafoods Alaska Cod Fillet, Wild Caught, 2 lb avg wt",9.49,9.49,COSTCO_95616,2025-09-12T19:30:26Z,frozen-foods,True
36712,"Xcellent Farm-Raised, Raw White Shrimp, Easy Peel, 13-15 ct, 4 lbs",38.49,38.49,COSTCO_95616,2025-09-12T19:30:26Z,frozen-foods,True
1656653,"Nature's Touch Organic Four Berry Blend, 3 lbs",12.99,12.99,COSTCO_95616,2025-09-12T19:30:26Z,frozen-foods,True
213249,"Pastry Pride Frozen Whipped Topping, Frozen, 12/2 lbs",50.99,50.99,COSTCO_95616,2025-09-12T19:30:26Z,frozen-foods,True
1160766,"Diamond Valley Halal Ground Beef, 85% Lean, 1 lb Chub, 4 ct",31.59,31.59,COSTCO_95616,2025-09-12T19:30:26Z,frozen-foods,True
1700079,"Olivia Lobster Tails, 4-5 oz, 5 lbs",117.99,117.99,COSTCO_95616,2025-09-12T19:30:26Z,frozen-foods,True
1576693,"Pacific Seafood Wild Coldwater Pink Shrimp, 2 lbs",14.69,14.69,COSTCO_95616,2025-09-12T19:30:26Z,frozen-foods,True
45849,"Australian Halal Goat Carcass, 30 lb avg wt",4.49,4.49,COSTCO_95616,2025-09-12T19:30:26Z,frozen-foods,True
1732945,"Olivia Wild Caught Snow Crab Clusters, Fully Cooked, 10 lbs",114.99,114.99,COSTCO_95616,2025-09-12T19:30:26Z,frozen-foods,True
1825416,"Thomas Farms Halal Bone-In Lamb Cubes, 2” x 2”, 15 lbs",87.99,87.99,COSTCO_95616,2025-09-12T19:30:26Z,frozen-foods,True
45765,"Case Sale Halal Lamb Shoulder, 50 lb avg wt",4.79,4.79,COSTCO_95616,2025-09-12T19:30:26Z,frozen-foods,True
458141,"Kirkland Signature Wild Chilean Sea Bass, 4 oz - 6 oz Portion, 1.5 lbs",61.99,61.99,COSTCO_95616,2025-09-12T19:30:26Z,frozen-foods,True
28769,Flav-R-Pac Cut Okra 2 lbs,4.09,4.09,COSTCO_95616,2025-09-12T19:30:26Z,frozen-foods,True
1671456,"Bibigo Korean Style Crunchy Chicken, Sweet and Spicy Sauce, 56 oz",16.49,16.49,COSTCO_95616,2025-09-12T19:30:26Z,frozen-foods,True
43327,"New Zealand Halal Lamb Carcass, 25-35 lb avg wt",5.29,5.29,COSTCO_95616,2025-09-12T19:30:26Z,frozen-foods,True
1548608,"VIA Farm-Raised Raw Shrimp, Tail-On, Peeled, Deveined, 26-30 ct, 2 lbs",16.79,16.79,COSTCO_95616,2025-09-12T19:30:26Z,frozen-foods,True
12724,"Butterball Boneless Turkey Breast Roast with Gravy Packet, 3 lbs",12.39,12.39,COSTCO_95616,2025-09-12T19:30:26Z,frozen-foods,True
34956,"Thomas Farms Halal Bone-In Lamb Shoulder Chops, 15 lb avg",5.99,5.99,COSTCO_95616,2025-09-12T19:30:26Z,frozen-foods,True
1581705,"Haagen-Dazs Ice Cream, Strawberry, 3.6 fl oz, 12 ct",15.79,15.79,COSTCO_95616,2025-09-12T19:30:26Z,frozen-foods,True
1655248,"Lucky Taro Premium Musang King Durian Pulp, 14 oz",22.09,22.09,COSTCO_95616,2025-09-12T19:30:26Z,frozen-foods,True
1951301,"Butterfinger Ice Cream Bars, 2.8 fl oz, 24 ct",28.19,28.19,COSTCO_95616,2025-09-12T19:30:26Z,frozen-foods,True
64111,"FatBoy Ice Cream Sandwiches, Vanilla, 5 fl oz, 18 ct",12.39,12.39,COSTCO_95616,2025-09-12T19:30:26Z,frozen-foods,True
1632941,"Twix Ice Cream Bars, Caramel and Cookies, 3 fl oz, 24 ct",30.59,30.59,COSTCO_95616,2025-09-12T19:30:26Z,frozen-foods,True
25624,"New Zealand Halal Lamb Carcass, 8-Way Cut, 28 lb avg wt",6.69,6.69,COSTCO_95616,2025-09-12T19:30:26Z,frozen-foods,True
290141,"Nestle Drumstick Ice Cream Sundae Cones, Variety Pack, 16 ct",12.39,12.39,COSTCO_95616,2025-09-12T19:30:26Z,frozen-foods,True
30851,"WG Provisions Whole Roasting Pig, 45 lb avg wt",5.39,5.39,COSTCO_95616,2025-09-12T19:30:26Z,frozen-foods,True
1152894,"Nestle Toll House Chocolate Chip Cookie Ice Cream Sandwich, Vanilla Bean, 12 ct",11.37,11.37,COSTCO_95616,2025-09-12T19:30:26Z,frozen-foods,True
1581670,"Haagen-Dazs Ice Cream, Vanilla, 3.6 fl oz, 12 ct",15.79,15.79,COSTCO_95616,2025-09-12T19:30:26Z,frozen-foods,True
1581726,"Haagen-Dazs Ice Cream, Chocolate, 3.6 fl oz, 12 ct",15.79,15.79,COSTCO_95616,2025-09-12T19:30:26Z,frozen-foods,True
112218,"Haagen-Dazs Ice Cream Bars, Vanilla Milk Chocolate Almond, 3 fl oz, 15 ct",15.59,15.59,COSTCO_95616,2025-09-12T19:30:26Z,frozen-foods,True
1485984,"Fairlife Protein Shake, Chocolate, 11.5 fl oz, 18 ct",38.39,38.39,COSTCO_95616,2025-09-12T19:30:31Z,health-beauty,True
1493488,"Kirkland Signature Baby Wipes, Fragrance Free, 900 ct",24.99,24.99,COSTCO_95616,2025-09-12T19:30:31Z,health-beauty,True
1079784,"Premier Protein Shake, 30g Protein, Chocolate, 11 fl oz, 18 ct",36.19,36.19,COSTCO_95616,2025-09-12T19:30:31Z,health-beauty,True
1079783,"Premier Protein Shake, 30g Protein, Vanilla, 11 fl oz, 18 ct",36.19,36.19,COSTCO_95616,2025-09-12T19:30:31Z,health-beauty,True
1336513,"Premier Protein Shake, 30g Protein, Cafe Latte, 11 fl oz, 18 ct",36.19,36.19,COSTCO_95616,2025-09-12T19:30:31Z,health-beauty,True
1027877,"Fairlife Core Power High Protein Shake, 26g Protein, Chocolate, 14 fl oz, 10 ct",32.29,32.29,COSTCO_95616,2025-09-12T19:30:31Z,health-beauty,True
1932071,"Liquid I.V. Hydration Multiplier Electrolyte Drink Mix, Variety Pack, 0.56 oz, 30 ct",33.79,33.79,COSTCO_95616,2025-09-12T19:30:31Z,health-beauty,True
1932072,"Liquid I.V. Hydration Multiplier Electrolyte Drink Mix, Sugar Free, Variety Pack, 0.45 oz, 30 ct",32.79,32.79,COSTCO_95616,2025-09-12T19:30:31Z,health-beauty,True
1862839,"Nurri Ultra-Filtered Milk Shake, 30g Protein, Chocolate, 11 fl oz, 12 ct",22.59,22.59,COSTCO_95616,2025-09-12T19:30:31Z,health-beauty,True
1195611,"Orgain Organic Protein + 50 Superfoods Plant Based Protein Powder, 21g Protein, Vanilla Bean, 2.7 lbs",38.39,38.39,COSTCO_95616,2025-09-12T19:30:31Z,health-beauty,True
1543437,"Premier Protein Shake, 30g Protein, Chocolate Peanut Butter, 11 fl oz, 18 ct",36.19,36.19,COSTCO_95616,2025-09-12T19:30:31Z,health-beauty,True
1903610,"Nurri Ultra-Filtered Milk Shake, 30g Protein, Vanilla, 11 fl oz, 12 ct",22.59,22.59,COSTCO_95616,2025-09-12T19:30:31Z,health-beauty,True
1587357,"Muscle Milk Genuine Protein Shake, 25g Protein, Zero Sugar, Chocolate, 11 fl oz, 18 ct",29.19,29.19,COSTCO_95616,2025-09-12T19:30:31Z,health-beauty,True
1504495,"Crest Complete Toothpaste Plus Scope, Advanced Freshness, 8.2 oz, 5 ct",16.79,12.79,COSTCO_95616,2025-09-12T19:30:31Z,health-beauty,True
1798450,"Orgain 30g Protein Shake, Chocolate Fudge, 11 fl oz, 18 ct",34.19,34.19,COSTCO_95616,2025-09-12T19:30:31Z,health-beauty,True
1441075,"Premier Protein Shake, 30g Protein, Limited Edition Pumpkin Spice, 11 fl oz, 18 ct",36.19,36.19,COSTCO_95616,2025-09-12T19:30:31Z,health-beauty,True
1303463,"Vital Proteins Collagen Peptides, Unflavored, 24 oz",33.79,27.79,COSTCO_95616,2025-09-12T19:30:31Z,health-beauty,True
1818442,"Liquid I.V. Hydration Multiplier Electrolyte Drink Mix, Popsicle Firecracker, 0.56 oz, 30 ct",32.79,32.79,COSTCO_95616,2025-09-12T19:30:31Z,health-beauty,True
685586,"Listerine Ultraclean Mouthwash, Cool Mint, 1.5 L, 2 ct",16.19,16.19,COSTCO_95616,2025-09-12T19:30:31Z,health-beauty,True
1855594,"Liquid I.V. Hydration Multiplier + Energy Electrolyte Drink Mix, Blackberry Peach, 0.56 oz, 26 ct",32.79,32.79,COSTCO_95616,2025-09-12T19:30:31Z,health-beauty,True
1130150,"Huggies Plus Natural Care Baby Wipes, Unscented, Disney Baby Designs, 1152 Wipes",33.99,33.99,COSTCO_95616,2025-09-12T19:30:31Z,health-beauty,True
1884352,"Celsius Live Fit Essential Energy Drink Mix, Variety Pack, 30 ct",11.66,11.66,COSTCO_95616,2025-09-12T19:30:31Z,health-beauty,True
1896208,"Q-tips Cotton Swabs, 1875 ct",11.39,11.39,COSTCO_95616,2025-09-12T19:30:31Z,health-beauty,True
135576,"Zipfizz Vitamin Energy Hydration Drink Mix, Variety Pack, 30 ct",33.79,33.79,COSTCO_95616,2025-09-12T19:30:31Z,health-beauty,True
1753490,"Aveeno Daily Moisturizing Body Lotion, Fragrance Free, 24 fl oz, 2 ct",20.19,20.19,COSTCO_95616,2025-09-12T19:30:31Z,health-beauty,True
435588,"HALLS Relief Cough Drops, Triple Soothing Action, Honey Lemon, 20 ct",22.79,22.79,COSTCO_95616,2025-09-12T19:30:31Z,health-beauty,True
1824110,"Old Spice Deodorant for Men, Pure Sport High Endurance, 3 oz, 5 ct",14.79,11.79,COSTCO_95616,2025-09-12T19:30:31Z,health-beauty,True
1914461,"Huggies Plus Little Movers Diapers, Disney Baby, Size 5, 156 ct",49.99,49.99,COSTCO_95616,2025-09-12T19:30:31Z,health-beauty,True
1502205,"Orgain Organic Protein + 50 Superfoods Plant Based Protein Powder, 21g Protein, Creamy Chocolate Fudge, 2.64 lbs",38.39,38.39,COSTCO_95616,2025-09-12T19:30:31Z,health-beauty,True
1805972,"Kirkland Signature Diapers, Size 5, 168 ct",39.99,39.99,COSTCO_95616,2025-09-12T19:30:31Z,health-beauty,True
1937418,"Spylt Caffeinated Protein Milk, Chocolate, 11 fl oz, 15 ct",31.59,31.59,COSTCO_95616,2025-09-12T19:30:31Z,health-beauty,True
1914462,"Huggies Plus Little Movers Diapers, Disney Baby, Size 6, 126 ct",49.99,49.99,COSTCO_95616,2025-09-12T19:30:31Z,health-beauty,True
1946232,"Spylt Caffeinated Protein Milk, Cookies and Cream, 11 fl oz, 15 ct",31.59,31.59,COSTCO_95616,2025-09-12T19:30:31Z,health-beauty,True
1805973,"Kirkland Signature Diapers, Size 6, 132 ct",39.99,39.99,COSTCO_95616,2025-09-12T19:30:31Z,health-beauty,True
1252365,"Ensure Original Nutrition Shake, Vanilla, 8 fl oz, 30 ct",49.99,49.99,COSTCO_95616,2025-09-12T19:30:31Z,health-beauty,True
9263194,"ChapStick Moisturizer Lip Balm, Original, 0.15 oz, 12 ct",15.79,15.79,COSTCO_95616,2025-09-12T19:30:31Z,health-beauty,True
1914460,"Huggies Plus Little Movers Diapers, Disney Baby, Size 4, 180 ct",49.99,49.99,COSTCO_95616,2025-09-12T19:30:31Z,health-beauty,True
1811598,"Head & Shoulders 2-in-1 Dandruff Shampoo and Conditioner Advanced Scalp Care with Aloe Vera, Coconut Water & Vitamins, 40 fl oz",16.79,12.29,COSTCO_95616,2025-09-12T19:30:31Z,health-beauty,True
1285702,"Colgate Total Toothpaste, 6.4 oz, 5 ct",19.19,19.19,COSTCO_95616,2025-09-12T19:30:31Z,health-beauty,True
1805971,"Kirkland Signature Diapers, Size 4, 198 ct",39.99,39.99,COSTCO_95616,2025-09-12T19:30:31Z,health-beauty,True
1726362,"PBfit Organic Peanut Butter Powder, 30 oz",15.79,15.79,COSTCO_95616,2025-09-12T19:30:31Z,health-beauty,True
1886106,"Oral-B Glide Floss, Advanced Bacterial Defense, 6 ct",16.79,12.79,COSTCO_95616,2025-09-12T19:30:31Z,health-beauty,True
1421932,"Dove Beauty Bar Soap, Original, 3.75 oz, 16 ct",20.89,20.89,COSTCO_95616,2025-09-12T19:30:31Z,health-beauty,True
1252369,"Ensure Original Nutrition Shake, Milk Chocolate, 8 fl oz, 30 ct",49.99,49.99,COSTCO_95616,2025-09-12T19:30:31Z,health-beauty,True
1814790,"Zena Greens Organic Supergreens Fruits & Vegetables, Mixed Berry, 45 ct",39.59,32.59,COSTCO_95616,2025-09-12T19:30:31Z,health-beauty,True
6313,"Halls Cough Drops, Mentho-Lyptus, 20 ct",22.79,22.79,COSTCO_95616,2025-09-12T19:30:31Z,health-beauty,True
1744700,"Pantene Multi-Tasker 10 in 1 Shampoo, 38.2 fl oz",14.79,11.79,COSTCO_95616,2025-09-12T19:30:31Z,health-beauty,True
9111237,"ChapStick Lip Balm, Original, 0.15 oz, 12 ct",15.79,15.79,COSTCO_95616,2025-09-12T19:30:31Z,health-beauty,True
1268174,"PediaSure Grow & Gain OptiGRO Plus Shake, Vanilla, 8 fl oz, 24 ct",44.99,34.99,COSTCO_95616,2025-09-12T19:30:31Z,health-beauty,True
62771,"HALLS Relief Cough Drops, Triple Soothing Action, Cherry, 20 ct",22.79,22.79,COSTCO_95616,2025-09-12T19:30:31Z,health-beauty,True
1731104,"Crest Pro-Health Mouthwash with Fluoride, Advanced Complete Care, 33.8 fl oz, 3 ct",14.39,11.39,COSTCO_95616,2025-09-12T19:30:31Z,health-beauty,True
130038,"Carmex Classic Lip Balm, 0.35 oz, 12 ct",15.79,15.79,COSTCO_95616,2025-09-12T19:30:31Z,health-beauty,True
1945059,"Joyburst Protein Coffee Beverage, Dark Roast, 11 fl oz, 18 ct",36.19,36.19,COSTCO_95616,2025-09-12T19:30:31Z,health-beauty,True
1868162,"Burt’s Bees Beeswax Lip Balm, 0.15 oz, 10 ct",28.19,23.19,COSTCO_95616,2025-09-12T19:30:31Z,health-beauty,True
1821760,"Bic Sensitive 3 Razors, 3 Blades, Lubricating Strip, Pivoting Head, 24 ct",22.59,22.59,COSTCO_95616,2025-09-12T19:30:31Z,health-beauty,True
1927215,"Orgain Creatine, Unflavored, 23.8 oz",22.59,22.59,COSTCO_95616,2025-09-12T19:30:31Z,health-beauty,True
1613181,"Degree Men UltraClear+ Antiperspirant Deodorant, Black & White, 2.7 oz, 5 ct",16.79,16.79,COSTCO_95616,2025-09-12T19:30:31Z,health-beauty,True
1578014,"Kirkland Signature Baby Wipes, Fresh Spring Scent, 900 ct",24.99,24.99,COSTCO_95616,2025-09-12T19:30:31Z,health-beauty,True
1914459,"Huggies Plus Little Movers Diapers, Disney Baby, Size 3, 204 ct",49.99,49.99,COSTCO_95616,2025-09-12T19:30:31Z,health-beauty,True
1616284,"Irish Spring Bar Soap, Original, 4.5 oz, 20 ct",13.99,13.99,COSTCO_95616,2025-09-12T19:30:31Z,health-beauty,True
1744701,"Pantene Multi-Tasker 10 in 1 Conditioner, 38.2 fl oz",14.79,11.79,COSTCO_95616,2025-09-12T19:30:31Z,health-beauty,True
1202923,"Nestle Nido Fortificada Dry Whole Milk, 4.85 lbs",25.99,25.99,COSTCO_95616,2025-09-12T19:30:31Z,health-beauty,True
9263199,"ChapStick Lip Balm, Classic Strawberry, 0.15 oz, 12 ct",15.79,15.79,COSTCO_95616,2025-09-12T19:30:31Z,health-beauty,True
955486,"Huggies Plus Little Snugglers Diapers, Disney Baby, Size 2, 174 ct",39.99,39.99,COSTCO_95616,2025-09-12T19:30:31Z,health-beauty,True
1800413,"Dove Advanced Care Invisible+ Antiperspirant Deodorant Stick, Cucumber & Cactus Water, 2.6 oz, 4 ct",19.19,19.19,COSTCO_95616,2025-09-12T19:30:31Z,health-beauty,True
1257371,"Olay Ultra Moisture Advanced Plus Body Wash, 23.6 fl oz, 3 ct",18.19,13.69,COSTCO_95616,2025-09-12T19:30:31Z,health-beauty,True
1780375,"Kirkland Signature Whey Protein Powder, Creamy Chocolate, 5.4 lbs",54.99,54.99,COSTCO_95616,2025-09-12T19:30:31Z,health-beauty,True
1649376,"Crest 3D White Advanced Whitening Toothpaste, 5.2 oz, 5 ct",18.19,18.19,COSTCO_95616,2025-09-12T19:30:31Z,health-beauty,True
9263192,"ChapStick Lip Balm, Classic Cherry, 0.15 oz, 12 ct",15.79,15.79,COSTCO_95616,2025-09-12T19:30:31Z,health-beauty,True
1917654,"AG1 Greens Powder Supplement, 0.42 oz, 40 ct",77.99,77.99,COSTCO_95616,2025-09-12T19:30:31Z,health-beauty,True
1366250,"Kirkland Signature Liquid Body Wash, Citrus, 27 fl oz, 2 ct",11.59,11.59,COSTCO_95616,2025-09-12T19:30:31Z,health-beauty,True
955483,"Huggies Plus Little Snugglers Diapers, Disney Baby, Size 1, 192 ct",39.99,39.99,COSTCO_95616,2025-09-12T19:30:31Z,health-beauty,True
1587186,"Gillette Proglide Plus Cartridges, 16 ct",54.99,44.99,COSTCO_95616,2025-09-12T19:30:31Z,health-beauty,True
1928295,"Dove Deep Moisture Body Wash, 23 fl oz, 3 ct",20.19,20.19,COSTCO_95616,2025-09-12T19:30:31Z,health-beauty,True
1695130,"Cetaphil Moisturizing Lotion, Dry to Normal Sensitive Skin, 20 fl oz, 2 ct",22.59,22.59,COSTCO_95616,2025-09-12T19:30:31Z,health-beauty,True
1281762,"Kirkland Signature Moisture Shampoo, Nourish + Hydrate, 33.8 fl oz",11.39,11.39,COSTCO_95616,2025-09-12T19:30:31Z,health-beauty,True
1397147,"Kirkland Signature Bar Soap with Shea Butter, 4.5 oz, 15 ct",15.29,15.29,COSTCO_95616,2025-09-12T19:30:31Z,health-beauty,True
1421933,"Dove Sensitive Skin Beauty Bar Soap, Hypo-Allergenic, 3.75 oz, 16 ct",20.89,20.89,COSTCO_95616,2025-09-12T19:30:31Z,health-beauty,True
664635,"Swisspers Premium Cotton Rounds, 900 ct",14.79,14.79,COSTCO_95616,2025-09-12T19:30:31Z,health-beauty,True
1778860,"Kirkland Signature Daily Makeup Remover Towelettes, 180 ct",15.99,15.99,COSTCO_95616,2025-09-12T19:30:31Z,health-beauty,True
1806649,"Neutrogena Makeup Remover Towelettes, 125 ct",22.59,22.59,COSTCO_95616,2025-09-12T19:30:31Z,health-beauty,True
1821695,"Bic Soleil Simply Smooth Disposable Razors, 3 Blades, Variety Pack, 24 ct",22.59,22.59,COSTCO_95616,2025-09-12T19:30:31Z,health-beauty,True
620595,"Nestle Nido Toddler Milk Beverage, Kinder 1 Plus, 4.85 lbs",28.69,28.69,COSTCO_95616,2025-09-12T19:30:31Z,health-beauty,True
1516973,"Gillette Ultimate Protection Antiperspirant Deodorant, Non-Irritant Cool Wave, 3.8 oz, 5 ct",19.19,15.19,COSTCO_95616,2025-09-12T19:30:31Z,health-beauty,True
1692422,"Nexxus Advanced Therappe Shampoo and Humectress Conditioner, 32 fl oz, 2 ct",33.79,33.79,COSTCO_95616,2025-09-12T19:30:31Z,health-beauty,True
1418060,"Kirkland Signature Moisture Conditioner, Nourish + Hydrate, 33.8 fl oz",11.39,11.39,COSTCO_95616,2025-09-12T19:30:31Z,health-beauty,True
1737189,"Neutrogena Hydro Boost Water Cream, 1.7 fl oz, 2 ct",33.79,33.79,COSTCO_95616,2025-09-12T19:30:31Z,health-beauty,True
1695155,"Cetaphil Moisturizing Cream Ultimate with Prebiotic Aloe, Very Dry to Dry Sensitive Skin, 20 oz + 16 oz",22.59,18.09,COSTCO_95616,2025-09-12T19:30:31Z,health-beauty,True
1695152,"Cetaphil Gentle Skin Cleanser, Dry to Normal Sensitive Skin, 20 fl oz, 2 ct",22.59,18.09,COSTCO_95616,2025-09-12T19:30:31Z,health-beauty,True
1043487,"Neosporin + Pain Relief Dual Action Topical Antibiotic Ointment, 3 ct",16.29,16.29,COSTCO_95616,2025-09-12T19:30:31Z,health-beauty,True
1368591,"Always Ultra Thin Overnight Pads with Flexi-Wings, Unscented, Size 4, 76 ct",16.79,12.79,COSTCO_95616,2025-09-12T19:30:31Z,health-beauty,True
1446187,"Advil Dual Action with Acetaminophen + Ibuprofen, 2 Caplets, 50 ct",15.79,15.79,COSTCO_95616,2025-09-12T19:30:31Z,health-beauty,True
1691190,"Benadryl Allergy, Diphenhydramine HCI 25 mg Ultratabs, 6 per Pouch, 6 Trial Packs",10.69,10.69,COSTCO_95616,2025-09-12T19:30:31Z,health-beauty,True
1691201,"Advil Liqui-Gels Ibuprofen, 200 mg, 6 Liquid Filled Capsules per Pack, 6 Trial Packs",10.69,10.69,COSTCO_95616,2025-09-12T19:30:31Z,health-beauty,True
1834327,"Aleve Naproxen Sodium Caplets, 220 mg, 60 ct",16.79,16.79,COSTCO_95616,2025-09-12T19:30:31Z,health-beauty,True
1884444,"DayQuil Severe Cold & Flu, Max Strength, Non-Drowsy, 2 Liquicaps, 32 ct",33.79,33.79,COSTCO_95616,2025-09-12T19:30:31Z,health-beauty,True
1904269,"NZE Premium Energy Pouches, Peppermint, 15 pouches per can, 6 ct",32.79,23.79,COSTCO_95616,2025-09-12T19:30:31Z,health-beauty,True
300450,"Motrin Ibuprofen, Dispenser Pack, 200 mg, 2 Caplets, 50 ct",13.59,13.59,COSTCO_95616,2025-09-12T19:30:31Z,health-beauty,True
72147,"TUMS Antacid with Calcium, Ultra Strength 1000mg, Assorted Berries, 265 ct",14.09,14.09,COSTCO_95616,2025-09-12T19:30:31Z,health-beauty,True
241104,"Tampax Cardboard Tampons, Regular, 120 ct",33.29,27.79,COSTCO_95616,2025-09-12T19:30:31Z,health-beauty,True
504443,"Tylenol Extra Strength Acetaminophen Caplets, 500 mg, 325 ct",23.79,23.79,COSTCO_95616,2025-09-12T19:30:31Z,health-beauty,True
125415,"TUMS Ultra Antacid with Calcium, Ultra Strength, Assorted Berries, 12 ct",14.79,14.79,COSTCO_95616,2025-09-12T19:30:31Z,health-beauty,True
1368594,"Always Ultra Thin Long Super Pads with Flexi-Wings, Unscented, Size 2, 88 ct",16.79,12.79,COSTCO_95616,2025-09-12T19:30:31Z,health-beauty,True
154895,"Advil Ibuprofen, Dispenser Pack, 200mg, 2 Tablets, 50 ct",12.09,12.09,COSTCO_95616,2025-09-12T19:30:31Z,health-beauty,True
1831121,"Ricola Original Herb Cough Drops, 105 Drops, 2 ct",18.19,18.19,COSTCO_95616,2025-09-12T19:30:31Z,health-beauty,True
1903449,"DayQuil Severe Cold & Flu Fast Relief Liquid, 1 fl oz, 8 ct",22.59,22.59,COSTCO_95616,2025-09-12T19:30:31Z,health-beauty,True
1674070,"Emergen-C 1000 mg Vitamin C Daily Immune Support Fizzy Drink Mix, Variety Pack, 120 ct",33.79,33.79,COSTCO_95616,2025-09-12T19:30:31Z,health-beauty,True
1744400,"Vicks DayQuil and NyQuil Kids Cold & Cough Liquid, Berry, 8 fl oz, 3 ct",21.59,21.59,COSTCO_95616,2025-09-12T19:30:31Z,health-beauty,True
1847236,"Midol Complete Acetaminophen Caplets, 2 caplets, 25 ct",14.79,14.79,COSTCO_95616,2025-09-12T19:30:31Z,health-beauty,True
115423,"Advil Liqui-Gels Ibuprofen, Dispenser Pack, 200 mg, 2 Liquid Filled Capsules, 50 ct",14.99,14.99,COSTCO_95616,2025-09-12T19:30:31Z,health-beauty,True
1578895,"Band-Aid Adhesive Bandages, Assorted, 198 ct",15.79,15.79,COSTCO_95616,2025-09-12T19:30:31Z,health-beauty,True
1679725,"Sovereign America Disposable Face Mask, Adult Use, Black, 75 ct",11.39,11.39,COSTCO_95616,2025-09-12T19:30:31Z,health-beauty,True
1691200,"Tylenol Extra Strength Acetaminophen, 500mg, 3 Pouches of 2 Caplets, 6 Trial Packs",8.99,8.99,COSTCO_95616,2025-09-12T19:30:31Z,health-beauty,True
1761927,"Oral-B CrossAction Pro Advanced Toothbrushes, Soft or Medium Bristle, 8 ct",16.79,16.79,COSTCO_95616,2025-09-12T19:30:31Z,health-beauty,True
1842854,"Tampax Pearl Tampons, Regular and Super, Variety Pack, 87 ct",16.79,16.79,COSTCO_95616,2025-09-12T19:30:31Z,health-beauty,True
1884136,"SKYN Elite Condoms,  Non-Latex, Lubricated, 3 per Pack, 6 Trial Packs",10.69,10.69,COSTCO_95616,2025-09-12T19:30:31Z,health-beauty,True
241100,"Tampax Cardboard Tampons, Super, 120 ct",33.29,27.79,COSTCO_95616,2025-09-12T19:30:31Z,health-beauty,True
3171822,"Alka-Seltzer Plus Severe Cold & Flu PowerFast Fizz, Citrus, 2 Tablets per Pouch, 36 ct",21.59,17.09,COSTCO_95616,2025-09-12T19:30:31Z,health-beauty,True
4861500,"Excedrin Extra Strength Caplets, 2 per Pouch, 30 ct",10.19,10.19,COSTCO_95616,2025-09-12T19:30:31Z,health-beauty,True
276885,"Advil PM Ibuprofen, Dispenser Pack, 2 Caplets, 50 ct",16.29,16.29,COSTCO_95616,2025-09-12T19:30:31Z,health-beauty,True
51447,"Alka-Seltzer, Original, 2 Tablets per Pouch, 58 ct",13.09,8.59,COSTCO_95616,2025-09-12T19:30:31Z,health-beauty,True
573015,"Advil Ibuprofen 200 mg, Pain Reliever and Fever Reducer, 360 Tablets",22.59,22.59,COSTCO_95616,2025-09-12T19:30:31Z,health-beauty,True
691740,"Ricola Sugar Free Lemon Mint Herb Throat Drops, 105 Drops, 2 ct",18.39,18.39,COSTCO_95616,2025-09-12T19:30:31Z,health-beauty,True
1561932,"Vicks DayQuil and NyQuil Severe Cold & Flu Liquid, Berry, 12 fl oz, 3 ct",26.29,26.29,COSTCO_95616,2025-09-12T19:30:31Z,health-beauty,True
1872259,"ZYRTEC Allergy Antihistamine Cetirizine HCI, Indoor & Outdoor, 10 mg, 50 Tablets",33.79,33.79,COSTCO_95616,2025-09-12T19:30:31Z,health-beauty,True
1884489,"First Aid Only, Workplace First Aid Kit with Flashlight,  312 Pieces",22.59,22.59,COSTCO_95616,2025-09-12T19:30:31Z,health-beauty,True
1902886,"Vicks NyQuil Severe Cold & Flu, Nighttime Relief Liquid, Original, 1 oz, 8 ct",22.59,22.59,COSTCO_95616,2025-09-12T19:30:31Z,health-beauty,True
1904289,"NZE Premium Energy Pouches, Lemon Cherry, 15 pouches per can, 6 ct",32.79,23.79,COSTCO_95616,2025-09-12T19:30:31Z,health-beauty,True
1491046,"Gillette Venus Deluxe Smooth Razor, Sensitive, 11 ct",39.59,39.59,COSTCO_95616,2025-09-12T19:30:31Z,health-beauty,True
808082,"Kirkland Signature Ibuprofen 200mg Tablets, 2/500 ct",12.39,12.39,COSTCO_95616,2025-09-12T19:30:31Z,health-beauty,True
888223,"Refresh Tears Eye Drops, 6 ct",11.89,11.89,COSTCO_95616,2025-09-12T19:30:31Z,health-beauty,True
8144300,"Pepcid Complete Dual Action Heartburn Relief, Chewable Tablets, Berry, 30 ct",13.09,13.09,COSTCO_95616,2025-09-12T19:30:31Z,health-beauty,True
855643,"Advil Ibuprofen Liqui-Gels, 120 Capsules, 2 ct",23.79,23.79,COSTCO_95616,2025-09-12T19:30:31Z,health-beauty,True
821412,"Tylenol Extra Strength Acetaminophen Caplets, 500 mg, 10 per Vial, 12 ct",22.59,22.59,COSTCO_95616,2025-09-12T19:30:31Z,health-beauty,True
9665234,"Ready In Case 70% Rubbing Alcohol Isopropyl, 32 fl oz, 6 ct",19.79,19.79,COSTCO_95616,2025-09-12T19:30:31Z,health-beauty,True
7128531,"Visine Red Eye Hydrating Comfort Eye Drops, 0.28 fl oz, 12 ct",25.99,25.99,COSTCO_95616,2025-09-12T19:30:31Z,health-beauty,True
821409,"Tylenol Extra Strength Acetaminophen Caplets, Dispenser Pack, 2 Caplets, 50 ct",13.59,13.59,COSTCO_95616,2025-09-12T19:30:31Z,health-beauty,True
44939,"Kirkland Signature Ground Beef, 80% Lean, 10 lb avg wt",4.59,4.59,COSTCO_95616,2025-09-12T19:30:36Z,meat-seafood,True
1601187,"Kirkland Signature Fully-Cooked Bacon, Hickory Wood Smoked, 1 lb",20.19,20.19,COSTCO_95616,2025-09-12T19:30:36Z,meat-seafood,True
447180,"Kirkland Signature Beef Hot Dogs, 12 Links, 1.5 lbs, 3 ct",22.59,22.59,COSTCO_95616,2025-09-12T19:30:36Z,meat-seafood,True
47735,"Kirkland Signature Chicken Breasts, Boneless Skinless, 6 lb avg wt",3.19,3.19,COSTCO_95616,2025-09-12T19:30:36Z,meat-seafood,True
1964256,"Case Sale Jumbo Chicken Thighs, Boneless Skinless, 40 lb",92.59,92.59,COSTCO_95616,2025-09-12T19:30:36Z,meat-seafood,True
7070,"Kirkland Signature Smoked Salmon, 12 oz, 2 ct",27.19,27.19,COSTCO_95616,2025-09-12T19:30:36Z,meat-seafood,True
468062,"Jimmy Dean Fresh Pork Sausage, 3 lbs",11.99,11.99,COSTCO_95616,2025-09-12T19:30:36Z,meat-seafood,True
1906093,"Case Sale Disjointed Chicken Wings with Tip Removed, 7-11 Wings, 40 lbs",85.59,85.59,COSTCO_95616,2025-09-12T19:30:36Z,meat-seafood,True
44945,"Kirkland Signature Ground Beef, 73% Lean, 10 lb avg wt",3.99,3.99,COSTCO_95616,2025-09-12T19:30:36Z,meat-seafood,True
46159,"Kirkland Signature Ground Beef, 90% Lean, 10 lb avg wt",5.09,5.09,COSTCO_95616,2025-09-12T19:30:36Z,meat-seafood,True
38526,"Tarantino Ground Pork, 4 lbs",11.39,11.39,COSTCO_95616,2025-09-12T19:30:36Z,meat-seafood,True
367352,"Kirkland Signature Beef Dinner Franks, Costco's 1/4 lb Plus, 14 Links, 3.81 lbs",19.09,19.09,COSTCO_95616,2025-09-12T19:30:36Z,meat-seafood,True
585796,"Daily's Special Slab Fully-Cooked Bacon, 300 ct",56.79,56.79,COSTCO_95616,2025-09-12T19:30:36Z,meat-seafood,True
7000070,"Kirkland Signature Sliced Bacon, Hickory Smoked, 1 lb, 4 ct",22.59,22.59,COSTCO_95616,2025-09-12T19:30:36Z,meat-seafood,True
1906086,"Case Sale Chicken Thighs Bone-In, 40 lbs",53.59,53.59,COSTCO_95616,2025-09-12T19:30:36Z,meat-seafood,True
598081,"Daily's 3/8"" Fully-Cooked Diced Bacon Bits, 10 lbs",73.99,73.99,COSTCO_95616,2025-09-12T19:30:36Z,meat-seafood,True
653734,"Evergood Louisiana Brand Hot Link Sausage, 12 Links, 3 lbs",16.79,13.79,COSTCO_95616,2025-09-12T19:30:36Z,meat-seafood,True
30335,"Swift Commodity Pork Shoulder Butt, Boneless, 17 lb avg wt",2.59,2.59,COSTCO_95616,2025-09-12T19:30:36Z,meat-seafood,True
47731,"Kirkland Signature Chicken Thighs, Boneless Skinless, 8 lb avg wt",3.19,3.19,COSTCO_95616,2025-09-12T19:30:36Z,meat-seafood,True
26448,"USDA Choice Commodity Beef Brisket, 18 lb avg wt",5.39,5.39,COSTCO_95616,2025-09-12T19:30:36Z,meat-seafood,True
1519639,"Halal Ground Beef, 80% Lean, 3 lbs",18.14,18.14,COSTCO_95616,2025-09-12T19:30:36Z,meat-seafood,True
1906076,"Case Sale Chicken Breasts, Boneless Skinless, 40 lbs",101.59,101.59,COSTCO_95616,2025-09-12T19:30:36Z,meat-seafood,True
829905,"Kirkland Signature Beef Dinner Franks, Costco's 1/4 lb Plus, 120 Links, 32.52 lbs",119.79,119.79,COSTCO_95616,2025-09-12T19:30:36Z,meat-seafood,True
1363689,"Columbus Uncured Turkey Bacon, Hickory Smoked, Sliced, 2.5 lbs",16.79,16.79,COSTCO_95616,2025-09-12T19:30:36Z,meat-seafood,True
50550,"Hebrew National 100% Kosher Beef Franks, 12 oz, 4 ct",15.69,15.69,COSTCO_95616,2025-09-12T19:30:36Z,meat-seafood,True
1141000,"Kirkland Signature Original Bratwurst, 14 ct, 3.5 lbs",13.59,13.59,COSTCO_95616,2025-09-12T19:30:36Z,meat-seafood,True
367354,"Kirkland Signature Beef Polish Sausage, Costco's 1/4 lb Plus, 14 Links, 3.81 lbs",19.09,19.09,COSTCO_95616,2025-09-12T19:30:36Z,meat-seafood,True
29755,"Kirkland Signature Halal Leg of Lamb, Boneless, 5 lb avg wt",6.59,6.59,COSTCO_95616,2025-09-12T19:30:36Z,meat-seafood,True
35410,"Kirkland Signature Chicken Thighs, Boneless Skinless, 9 lb avg wt",3.19,3.19,COSTCO_95616,2025-09-12T19:30:36Z,meat-seafood,True
106173,"Aidells Smoked Chicken Sausage, Chicken & Apple, 3 lbs",16.79,16.79,COSTCO_95616,2025-09-12T19:30:36Z,meat-seafood,True
30293,"Swift Pork Loin, Strap On, Boneless",2.79,2.79,COSTCO_95616,2025-09-12T19:30:36Z,meat-seafood,True
902120,"USDA Choice Diced Lifter Meat for Carne Asada, 10 lbs",65.99,65.99,COSTCO_95616,2025-09-12T19:30:36Z,meat-seafood,True
11729,"Norbest Fresh Ground Turkey, 93% Lean, 1.7 lbs, 4 ct",26.79,26.79,COSTCO_95616,2025-09-12T19:30:36Z,meat-seafood,True
1964264,"Case Sale Jumbo Halal Chicken Breast, Boneless, Skinless, 40 lbs",104.59,104.59,COSTCO_95616,2025-09-12T19:30:36Z,meat-seafood,True
52171,"USDA Choice Beef Flank Steak, 12 lb avg wt",11.09,11.09,COSTCO_95616,2025-09-12T19:30:36Z,meat-seafood,True
72451,"USDA Choice Beef New York Strip, 18 lb avg wt",10.09,10.09,COSTCO_95616,2025-09-12T19:30:36Z,meat-seafood,True
47725,"Kirkland Signature Chicken Party Wings, 7 lb avg wt",2.99,2.99,COSTCO_95616,2025-09-12T19:30:36Z,meat-seafood,True
52245,"USDA Choice Beef Lip-On Ribeye, 19 lb avg wt",15.99,15.99,COSTCO_95616,2025-09-12T19:30:36Z,meat-seafood,True
888726,"Tarantino Breakfast Pork Sausage Links, 5 lbs",16.99,16.99,COSTCO_95616,2025-09-12T19:30:36Z,meat-seafood,True
1800311,"Sunnyvalley Applewood Smoked Bacon, Sliced, 5 lbs",30.59,30.59,COSTCO_95616,2025-09-12T19:30:36Z,meat-seafood,True
33841,"Kirkland Signature Chicken Breasts, Boneless Skinless, 6 lb avg wt",3.19,3.19,COSTCO_95616,2025-09-12T19:30:36Z,meat-seafood,True
37493,"USDA Select Beef Eye of Round, 6 lb avg wt",6.09,6.09,COSTCO_95616,2025-09-12T19:30:36Z,meat-seafood,True
1906079,"Case Sale Chicken Drumsticks, 40 lbs",37.59,37.59,COSTCO_95616,2025-09-12T19:30:36Z,meat-seafood,True
41860,"Reynaldo's Pork Chorizo, 3 lbs",7.09,7.09,COSTCO_95616,2025-09-12T19:30:36Z,meat-seafood,True
598881,"Kirkland Signature Organic Ground Beef, 85% Lean, 4 lbs",23.09,23.09,COSTCO_95616,2025-09-12T19:30:36Z,meat-seafood,True
47737,"Kirkland Signature Chicken Thighs, 10 lb avg wt",1.99,1.99,COSTCO_95616,2025-09-12T19:30:36Z,meat-seafood,True
20157,"Swift Pork Belly, Boneless, 11 lb avg wt",4.39,4.39,COSTCO_95616,2025-09-12T19:30:36Z,meat-seafood,True
68643,"USDA Choice Beef Short Ribs, 16 lb avg wt",6.39,6.39,COSTCO_95616,2025-09-12T19:30:36Z,meat-seafood,True
41207,"Halal Beef Chuck Roll, 14 lb avg wt",5.59,5.59,COSTCO_95616,2025-09-12T19:30:36Z,meat-seafood,True
22578,"USDA Prime Commodity Beef Brisket, 14 lb avg wt",6.09,6.09,COSTCO_95616,2025-09-12T19:30:36Z,meat-seafood,True
21353,"Swift Pork Loin Backribs, 11 lb avg wt",3.79,3.79,COSTCO_95616,2025-09-12T19:30:36Z,meat-seafood,True
33825,"Pilgrim's Farms Young Chicken Whole Fryers, 2 ct, 14 lb avg wt",1.19,1.19,COSTCO_95616,2025-09-12T19:30:36Z,meat-seafood,True
18010,"Kirkland Signature Halal Frenched Rack of Lamb, 2 lb avg wt",16.09,16.09,COSTCO_95616,2025-09-12T19:30:36Z,meat-seafood,True
33845,"Kirkland Signature Chicken Thighs, 10 lb avg wt",1.99,1.99,COSTCO_95616,2025-09-12T19:30:36Z,meat-seafood,True
16432,"USDA Choice Beef Tri Tip, 10 lb avg wt",8.39,8.39,COSTCO_95616,2025-09-12T19:30:36Z,meat-seafood,True
1775302,"Kirkland Signature Chicken Sausage Links, Parmesan & Cracked Black Pepper, 48 oz",14.79,14.79,COSTCO_95616,2025-09-12T19:30:36Z,meat-seafood,True
741697,"Handy Claw Crab Meat, 16 oz",11.99,11.99,COSTCO_95616,2025-09-12T19:30:36Z,meat-seafood,True
1611656,"Trans Ocean Crab Classic Imitation Crab, Flake, 2.5 lbs",7.99,7.99,COSTCO_95616,2025-09-12T19:30:36Z,meat-seafood,True
7859,"Foppen Norwegian Smoked Salmon Slices, 12 oz",15.79,15.79,COSTCO_95616,2025-09-12T19:30:36Z,meat-seafood,True
34303,"USDA Prime Beef Ribeye, 16 lb avg wt",18.99,18.99,COSTCO_95616,2025-09-12T19:30:36Z,meat-seafood,True
1964262,"Case Sale Jumbo Halal Chicken Thighs, Boneless ,Skinless, 40 lbs",100.59,100.59,COSTCO_95616,2025-09-12T19:30:36Z,meat-seafood,True
26159,"Kirkland Signature Spiral Sliced Ham, Hickory Smoked, 9 lb avg wt",2.59,2.59,COSTCO_95616,2025-09-12T19:30:36Z,meat-seafood,True
30291,"Swift Pork Belly, Skin On, Boneless, 12 lb avg wt",4.39,4.39,COSTCO_95616,2025-09-12T19:30:36Z,meat-seafood,True
1273414,"Deen Halal Turkey Bacon, Sliced, 5 lbs",34.99,34.99,COSTCO_95616,2025-09-12T19:30:36Z,meat-seafood,True
76874,"USDA Choice Beef PSMO Tenderloin, 8 lb avg wt",19.99,19.99,COSTCO_95616,2025-09-12T19:30:36Z,meat-seafood,True
91655,"Beef Oxtail, 5 lb avg wt",8.59,8.59,COSTCO_95616,2025-09-12T19:30:36Z,meat-seafood,True
9050611,"Kirkland Signature Thick Sliced Bacon, Center Cut, 1.5 lbs, 2 ct",18.19,18.19,COSTCO_95616,2025-09-12T19:30:36Z,meat-seafood,True
38233,"USDA Select Beef Tri Tip, 22 lb avg wt",5.89,5.89,COSTCO_95616,2025-09-12T19:30:36Z,meat-seafood,True
1964263,"Case Sale Halal Leg Quarters, 40 lb",42.99,42.99,COSTCO_95616,2025-09-12T19:30:36Z,meat-seafood,True
163621,"Evergood Polish Kielbasa, 4.5 lbs",22.59,22.59,COSTCO_95616,2025-09-12T19:30:36Z,meat-seafood,True
36154,"USDA Select Beef Neck Off Chuck Roll, 32 lb avg wt",5.09,5.09,COSTCO_95616,2025-09-12T19:30:36Z,meat-seafood,True
22305,"Swift St. Louis Style Pork Spareribs, 10 lb avg wt",3.89,3.89,COSTCO_95616,2025-09-12T19:30:36Z,meat-seafood,True
47739,"Kirkland Signature Chicken Drumsticks, 8 lb avg wt",1.19,1.19,COSTCO_95616,2025-09-12T19:30:36Z,meat-seafood,True
36151,"USDA Select Beef Lip-On Ribeye, 19 lb avg wt",13.09,13.09,COSTCO_95616,2025-09-12T19:30:36Z,meat-seafood,True
10597,"Kirkland Signature Chicken Party Wings, 7 lb avg wt",2.99,2.99,COSTCO_95616,2025-09-12T19:30:36Z,meat-seafood,True
1800312,"Sunnyvalley Honey Cured Bacon, Hickory Smoked, Sliced, 5 lbs",30.59,30.59,COSTCO_95616,2025-09-12T19:30:36Z,meat-seafood,True
39173,"Halal Beef Tenderloin, 6 lb avg wt",14.09,14.09,COSTCO_95616,2025-09-12T19:30:36Z,meat-seafood,True
36155,"USDA Select Beef Shoulder Clod, 28 lb avg wt",5.39,5.39,COSTCO_95616,2025-09-12T19:30:36Z,meat-seafood,True
30400,"Swift Pork Cushion Meat, Boneless, 15 lb avg wt",2.49,2.49,COSTCO_95616,2025-09-12T19:30:36Z,meat-seafood,True
36149,"USDA Select Beef New York Strip, 17 lb avg wt",8.39,8.39,COSTCO_95616,2025-09-12T19:30:36Z,meat-seafood,True
7700070,"Kirkland Signature Sliced Bacon, Hickory Smoked, Low Sodium, 1 lb, 4 ct",22.59,22.59,COSTCO_95616,2025-09-12T19:30:36Z,meat-seafood,True
36725,"USDA Select Special Trim, 17 lb avg wt",5.69,5.69,COSTCO_95616,2025-09-12T19:30:36Z,meat-seafood,True
1164719,"Ball Park Prime Uncured Beef Franks, 14 Links, 2.3 lbs",12.19,12.19,COSTCO_95616,2025-09-12T19:30:36Z,meat-seafood,True
36152,"USDA Select Beef Boneless Top Sirloin Trimmed, 16 lb avg wt",6.29,6.29,COSTCO_95616,2025-09-12T19:30:36Z,meat-seafood,True
37438,"American Wagyu Beef Brisket, 13 lb avg wt",6.79,6.79,COSTCO_95616,2025-09-12T19:30:36Z,meat-seafood,True
22333,"USDA Choice Beef Top Sirloin Steak, Boneless, 8 oz, 4 ct",28.19,28.19,COSTCO_95616,2025-09-12T19:30:36Z,meat-seafood,True
47729,"Kirkland Signature Chicken Tenderloins, Boneless Skinless, 6 lb avg wt",3.49,3.49,COSTCO_95616,2025-09-12T19:30:36Z,meat-seafood,True
1124028,"Teton Waters Ranch Polish Sausage, 2.25 lbs",20.89,20.89,COSTCO_95616,2025-09-12T19:30:36Z,meat-seafood,True
36153,"USDA Select Beef Sirloin Tip Knuckle, 13 lb avg wt",5.69,5.69,COSTCO_95616,2025-09-12T19:30:36Z,meat-seafood,True
41363,"Halal Beef Boneless Ribeye, 12 lb avg wt",12.09,12.09,COSTCO_95616,2025-09-12T19:30:36Z,meat-seafood,True
26530,"USDA Prime Beef Bone-In Short Rib, Sliced, 5 lb avg wt",10.09,10.09,COSTCO_95616,2025-09-12T19:30:36Z,meat-seafood,True
22268,"USDA Choice Beef Top Sirloin Steak, 6 oz, 6 ct",32.34,32.34,COSTCO_95616,2025-09-12T19:30:36Z,meat-seafood,True
15633,"Fresh Farmed Atlantic Salmon, Product of Norway, F Trim, 4 lb avg wt",12.09,12.09,COSTCO_95616,2025-09-12T19:30:36Z,meat-seafood,True
22075,"Crescent Foods Halal Hand-Cut Young Whole Chicken Without Giblets, 3 lbs, 2 ct",2.54,2.54,COSTCO_95616,2025-09-12T19:30:36Z,meat-seafood,True
91363,"USDA Choice Beef Flap Meat, 22 lb avg wt",11.64,11.64,COSTCO_95616,2025-09-12T19:30:36Z,meat-seafood,True
47328,"Halal Peeled Beef Tri-Tip, 9 lb avg wt",6.89,6.89,COSTCO_95616,2025-09-12T19:30:36Z,meat-seafood,True
41758,"Diced Pork Adobada, 10 lbs",25.09,25.09,COSTCO_95616,2025-09-12T19:30:36Z,meat-seafood,True
1750745,"Daily's 14/16 Gas Flush Layer Bacon, Honey Cured, Sliced, 15 lbs",109.69,109.69,COSTCO_95616,2025-09-12T19:30:36Z,meat-seafood,True
21647,"Swift Pork Tenderloin, Boneless, 5 lb avg wt",3.39,3.39,COSTCO_95616,2025-09-12T19:30:36Z,meat-seafood,True
22033,"USDA Choice Beef Ribeye Steak, 12 oz, 4 ct",62.79,62.79,COSTCO_95616,2025-09-12T19:30:36Z,meat-seafood,True
1359363,"Texas Smokehouse Smoked Sausage, 3 lbs",18.19,18.19,COSTCO_95616,2025-09-12T19:30:36Z,meat-seafood,True
16790,"Whole Farmed White Shrimp, Head On, 4 lbs",24.09,24.09,COSTCO_95616,2025-09-12T19:30:36Z,meat-seafood,True
25507,"Wild Fresh Sockeye Salmon Fillet, Boneless, 2 lb avg wt",14.09,14.09,COSTCO_95616,2025-09-12T19:30:36Z,meat-seafood,True
119915,"Silva Linguica, 3 lbs",16.79,16.79,COSTCO_95616,2025-09-12T19:30:36Z,meat-seafood,True
18790,"USDA Choice New York Strip Steak, 4 lb avg wt",16.14,16.14,COSTCO_95616,2025-09-12T19:30:36Z,meat-seafood,True
473590,"Kam Yen Jan Chinese Style Pork Sausage, 21 oz, 2 ct",15.79,15.79,COSTCO_95616,2025-09-12T19:30:36Z,meat-seafood,True
30296,"Swift Pork Shoulder Butt, Bone-In, 19 lb avg wt",2.49,2.49,COSTCO_95616,2025-09-12T19:30:36Z,meat-seafood,True
965253,"Nathan's Famous Skinless Bun Length Beef Franks, 28 ct",18.19,18.19,COSTCO_95616,2025-09-12T19:30:36Z,meat-seafood,True
91697,"Beef Tongue, 8 lb avg wt",9.09,9.09,COSTCO_95616,2025-09-12T19:30:36Z,meat-seafood,True
1750746,"Daily's 10/12 Gas Flush Layer Bacon, Deep Applewood Smoked, Sliced, 15 lbs",117.49,117.49,COSTCO_95616,2025-09-12T19:30:36Z,meat-seafood,True
11448,"Kirkland Signature Chicken Tenderloins, Boneless Skinless, 6 lb avg wt",3.49,3.49,COSTCO_95616,2025-09-12T19:30:36Z,meat-seafood,True
123827,"Hebrew National Quarter Pound Beef Franks, 3.5 lbs",18.69,18.69,COSTCO_95616,2025-09-12T19:30:36Z,meat-seafood,True
1447902,"Cajun Hollar Andouille Smoked Sausage, Cajun Style, 30 oz",11.89,11.89,COSTCO_95616,2025-09-12T19:30:36Z,meat-seafood,True
34001,"Beef Chuck Eye Roll American Wagyu, 22 lb avg wt",7.64,7.64,COSTCO_95616,2025-09-12T19:30:36Z,meat-seafood,True
33852,"Kirkland Signature Chicken Drumsticks, 8 lb avg wt",1.19,1.19,COSTCO_95616,2025-09-12T19:30:36Z,meat-seafood,True
20412,"Farmed Steelhead, D Trim, 3 lb avg wt",10.64,10.64,COSTCO_95616,2025-09-12T19:30:36Z,meat-seafood,True
14057,"Crescent Foods Halal Chicken Breast, Hand Cut, Boneless Skinless, 4 lb avg wt",5.04,5.04,COSTCO_95616,2025-09-12T19:30:36Z,meat-seafood,True
44313,"Halal Outside Skirt Steak, 6 lb avg wt",8.09,8.09,COSTCO_95616,2025-09-12T19:30:36Z,meat-seafood,True
27801,"Australian Square Cut Lamb Shoulder, 8 lb avg wt",4.44,4.44,COSTCO_95616,2025-09-12T19:30:36Z,meat-seafood,True
28014,"Halal Lamb Loin Chops, 3 lb avg wt",8.14,8.14,COSTCO_95616,2025-09-12T19:30:36Z,meat-seafood,True
20867,"USDA Choice Beef Meaty Back Ribs, Bone-In, 5 lb avg wt",6.49,6.49,COSTCO_95616,2025-09-12T19:30:36Z,meat-seafood,True
1944478,"Hot Pot Beef Chuck Rolls, 4.4 lbs",53.99,53.99,COSTCO_95616,2025-09-12T19:30:36Z,meat-seafood,True
13807,"USDA Choice Beef Tenderloin Side Muscle, 5 lb avg wt",6.39,6.39,COSTCO_95616,2025-09-12T19:30:36Z,meat-seafood,True
1750744,"Daily's 10/12 Gas Flush Layer Bacon, Honey Cured, Sliced, 15 lbs",109.69,109.69,COSTCO_95616,2025-09-12T19:30:36Z,meat-seafood,True
47529,"Halal Flap Beef Meat, 5 lb avg wt",8.39,8.39,COSTCO_95616,2025-09-12T19:30:36Z,meat-seafood,True
10462,"Tilapia Fillets, Fresh Farmed, 3 lb avg wt",6.64,6.64,COSTCO_95616,2025-09-12T19:30:36Z,meat-seafood,True
23945,"New Zealand Spring Lamb, Leg, Short Cut, 5 lb avg wt",6.49,6.49,COSTCO_95616,2025-09-12T19:30:36Z,meat-seafood,True
40151,"Cheek Meat, 5 lb avg wt",5.09,5.09,COSTCO_95616,2025-09-12T19:30:36Z,meat-seafood,True
1273410,"Deen Halal Beef Bacon, Sliced, 5 lbs",49.99,49.99,COSTCO_95616,2025-09-12T19:30:36Z,meat-seafood,True
30292,"Swift Pork Spare Ribs, Bone-In, 10 lb avg wt",3.29,3.29,COSTCO_95616,2025-09-12T19:30:36Z,meat-seafood,True
30363,"Swift Pork Sirloin, Boneless, 6 lb avg wt",2.69,2.69,COSTCO_95616,2025-09-12T19:30:36Z,meat-seafood,True
30381,"Swift Pork Spare Rib Brisket Bones, 6 lb avg wt",2.69,2.69,COSTCO_95616,2025-09-12T19:30:36Z,meat-seafood,True
46473,"Fresh Farmed Atlantic Salmon Portions, 4 lb avg wt",11.09,11.09,COSTCO_95616,2025-09-12T19:30:36Z,meat-seafood,True
1736681,"Hoffy Halal Premium Beef Franks, 1/4 lb Big Dog, 5 lbs",32.79,32.79,COSTCO_95616,2025-09-12T19:30:36Z,meat-seafood,True
1964257,"Case Sale Jumbo Chicken Wings Disjointed, Boneless, 40 lbs",100.59,100.59,COSTCO_95616,2025-09-12T19:30:36Z,meat-seafood,True
24942,"USDA Choice Bone-In Tomahawk Ribeye Steak, 2 ct, 5 lb avg wt",18.14,18.14,COSTCO_95616,2025-09-12T19:30:36Z,meat-seafood,True
1964266,"Case Sale Halal Chicken Drumstick, 40 lb",42.99,42.99,COSTCO_95616,2025-09-12T19:30:36Z,meat-seafood,True
21969,"Crescent Foods Halal Chicken Thighs, Hand Cut, Boneless Skinless, 4 lb avg wt",5.04,5.04,COSTCO_95616,2025-09-12T19:30:36Z,meat-seafood,True
22082,"USDA Choice Beef Ribeye Steak, 10 oz, 4 ct",53.24,53.24,COSTCO_95616,2025-09-12T19:30:36Z,meat-seafood,True
1964255,"Case Sale Halal Chicken Disjointed Wings, 40 lb",104.59,104.59,COSTCO_95616,2025-09-12T19:30:36Z,meat-seafood,True
42786,"Australian Lamb Leg, Semi Boneless, 7 lb avg wt",5.84,5.84,COSTCO_95616,2025-09-12T19:30:36Z,meat-seafood,True
91683,"Beef Tripe Honeycomb, 5 lb avg wt",6.09,6.09,COSTCO_95616,2025-09-12T19:30:36Z,meat-seafood,True
1944481,"Hot Pot Halal Lamb Rolls, 4.4 lbs",52.99,52.99,COSTCO_95616,2025-09-12T19:30:36Z,meat-seafood,True
1805160,"Frozen Chicken Paws, 44 lbs",50.99,50.99,COSTCO_95616,2025-09-12T19:30:36Z,meat-seafood,True
21897,"Fresh Chicken Breasts, Boneless Skinless, 6 lb avg wt",3.19,3.19,COSTCO_95616,2025-09-12T19:30:36Z,meat-seafood,True
15702,"Ground Turkey, 93% Lean, 1.67 lbs, 4 ct",21.89,21.89,COSTCO_95616,2025-09-12T19:30:36Z,meat-seafood,True
1794656,"Hoffy Halal Beef Hot Links, 1/4 lb Big Dog, 5 lbs",33.59,33.59,COSTCO_95616,2025-09-12T19:30:36Z,meat-seafood,True
980978,"Nissin Cup Noodles Flavored Soup, Chicken, 2.5 oz, 24 ct",14.39,14.39,COSTCO_95616,2025-09-12T19:30:41Z,pantry-dry-goods,True
897971,"Kirkland Signature Organic Applesauce Pouch, 3.17 oz, 24 ct",12.29,12.29,COSTCO_95616,2025-09-12T19:30:41Z,pantry-dry-goods,True
51817,"Sugar in the Raw Turbinado Cane Sugar Packets, 500 ct",11.39,11.39,COSTCO_95616,2025-09-12T19:30:41Z,pantry-dry-goods,True
13123,"Tree Top Apple Sauce, 47.3 oz, 4 ct",13.79,13.79,COSTCO_95616,2025-09-12T19:30:41Z,pantry-dry-goods,True
444438,"Four Monks Distilled White Vinegar, 1 Gallon, 2 ct",6.59,6.59,COSTCO_95616,2025-09-12T19:30:41Z,pantry-dry-goods,True
212,"Best Foods Real Mayonnaise, 1 Gallon",20.99,20.99,COSTCO_95616,2025-09-12T19:30:41Z,pantry-dry-goods,True
5224,"Del Monte Sliced Yellow Cling Peaches in Light Syrup, #10 can, 106 oz",11.09,11.09,COSTCO_95616,2025-09-12T19:30:41Z,pantry-dry-goods,True
980999,"Nissin Cup Ramen Noodles Flavored Soup, Beef, 2.5 oz, 24 ct",14.39,14.39,COSTCO_95616,2025-09-12T19:30:41Z,pantry-dry-goods,True
692731,"Kirkland Signature Organic Extra Virgin Olive Oil, 2 Liter",18.49,18.49,COSTCO_95616,2025-09-12T19:30:41Z,pantry-dry-goods,True
896879,"Splenda Zero Calorie Sweetener Portion Packets, 1000 ct",21.09,16.09,COSTCO_95616,2025-09-12T19:30:41Z,pantry-dry-goods,True
1041701,"Mercantile & Fancy Mandarin Oranges, #10 can, 6 lbs 10 oz",10.79,10.79,COSTCO_95616,2025-09-12T19:30:41Z,pantry-dry-goods,True
3095,"Pam Original Non-Stick Cooking Spray, 12 oz, 2 ct",7.89,7.89,COSTCO_95616,2025-09-12T19:30:41Z,pantry-dry-goods,True
990551,"Kirkland Signature Imported Basil Pesto, 22 oz",11.79,11.79,COSTCO_95616,2025-09-12T19:30:41Z,pantry-dry-goods,True
1789247,"Kirkland Signature Olive Oil, 5.4 fl oz",19.99,19.99,COSTCO_95616,2025-09-12T19:30:41Z,pantry-dry-goods,True
924629,"Skippy Creamy Peanut Butter, 48 oz, 2 ct",13.09,13.09,COSTCO_95616,2025-09-12T19:30:41Z,pantry-dry-goods,True
443298,"Kraft Macaroni & Cheese Cups, 2.05 oz, 12 ct",11.29,11.29,COSTCO_95616,2025-09-12T19:30:41Z,pantry-dry-goods,True
1406434,"Prego Pasta Sauce, Traditional Lower Sodium, 45 oz, 3 ct",10.39,10.39,COSTCO_95616,2025-09-12T19:30:41Z,pantry-dry-goods,True
1407434,"Nongshim Tonkotsu Ramen Premium Noodle Soup, Rich Pork Broth, 3.56 oz, 6 ct",12.39,8.79,COSTCO_95616,2025-09-12T19:30:41Z,pantry-dry-goods,True
6631,"Wilsey Premium Whole Egg Mayonnaise, 1 Gallon",11.79,11.79,COSTCO_95616,2025-09-12T19:30:41Z,pantry-dry-goods,True
1040649,"Kraft Real Mayonnaise Portion Packets, 200 ct",11.99,11.99,COSTCO_95616,2025-09-12T19:30:41Z,pantry-dry-goods,True
1071,"Del Monte Golden Sweet Whole Kernel Corn, #10 can, 6 lbs 10 oz",6.19,6.19,COSTCO_95616,2025-09-12T19:30:41Z,pantry-dry-goods,True
477546,"Sweet Baby Ray's Barbecue Sauce, 1 Gallon",14.09,14.09,COSTCO_95616,2025-09-12T19:30:41Z,pantry-dry-goods,True
53378,"C&H Pure Cane Sugar Packets, 2000 ct",16.89,16.89,COSTCO_95616,2025-09-12T19:30:41Z,pantry-dry-goods,True
907961,"Nissin Hot & Spicy Ramen Noodle Bowl, 3.32 oz, 18 ct",20.09,16.59,COSTCO_95616,2025-09-12T19:30:41Z,pantry-dry-goods,True
919,"Smucker's Strawberry Preserves, 32 oz, 2 ct",8.59,8.59,COSTCO_95616,2025-09-12T19:30:41Z,pantry-dry-goods,True
71012,"Kirkland Signature Creamy Liquid Shortening, 35 lbs",35.59,35.59,COSTCO_95616,2025-09-12T19:30:41Z,pantry-dry-goods,True
354494,"Del Sol Sliced Jalapeno Peppers, 1 Gallon",8.09,8.09,COSTCO_95616,2025-09-12T19:30:41Z,pantry-dry-goods,True
718826,"Hunt's Ketchup Portion Packets, 1000 ct",29.39,29.39,COSTCO_95616,2025-09-12T19:30:41Z,pantry-dry-goods,True
51070,"Kirkland Signature Premium Chunk Chicken Breast, 12.5 oz, 6 ct",15.49,15.49,COSTCO_95616,2025-09-12T19:30:41Z,pantry-dry-goods,True
130176,"Heinz Tomato Ketchup, 44 oz, 3 ct",13.19,13.19,COSTCO_95616,2025-09-12T19:30:41Z,pantry-dry-goods,True
27440,"Diamond Crystal Granulated Salt, 25 lb",6.99,6.99,COSTCO_95616,2025-09-12T19:30:41Z,pantry-dry-goods,True
71011,"Kirkland Signature Soybean Oil, 35 lbs",34.09,34.09,COSTCO_95616,2025-09-12T19:30:41Z,pantry-dry-goods,True
46586,"Dole Mandarin Oranges Fruit Cups, 4 oz, 16 ct",9.69,9.69,COSTCO_95616,2025-09-12T19:30:41Z,pantry-dry-goods,True
1414377,"Nongshim Shin Ramyun Noodle Soup, Gourmet Spicy, 4.2 oz, 12 ct",21.59,21.59,COSTCO_95616,2025-09-12T19:30:41Z,pantry-dry-goods,True
5354,"Hidden Valley Ranch Homestyle Dressing and Topping, 40 fl oz, 2 ct",13.09,13.09,COSTCO_95616,2025-09-12T19:30:41Z,pantry-dry-goods,True
26584,"Best Foods Real Mayonnaise, 64 fl oz",10.09,10.09,COSTCO_95616,2025-09-12T19:30:41Z,pantry-dry-goods,True
581871,"Kirkland Signature Minced California Garlic, 48 oz",7.99,7.99,COSTCO_95616,2025-09-12T19:30:41Z,pantry-dry-goods,True
8773,"Chicken of the Sea Chunk Light Tuna in Water, 66.5 oz",12.69,12.69,COSTCO_95616,2025-09-12T19:30:41Z,pantry-dry-goods,True
206,"Homai California Calrose Rice, Premium Sushi Rice, Medium Grain, 50 lbs",28.09,28.09,COSTCO_95616,2025-09-12T19:30:41Z,pantry-dry-goods,True
1080890,"Nutella Hazelnut Spread with Cocoa, 6.6 lbs",26.69,26.69,COSTCO_95616,2025-09-12T19:30:41Z,pantry-dry-goods,True
2304,"Que Bueno Nacho Cheese Sauce, #10 can, 6 lbs 10 oz",18.19,18.19,COSTCO_95616,2025-09-12T19:30:41Z,pantry-dry-goods,True
980979,"Nissin Cup Ramen Noodles Flavored Soup, Shrimp, 2.5 oz, 24 ct",14.39,14.39,COSTCO_95616,2025-09-12T19:30:41Z,pantry-dry-goods,True
262838,"Cholula Hot Sauce, Original, 12 fl oz, 2 ct",11.39,11.39,COSTCO_95616,2025-09-12T19:30:41Z,pantry-dry-goods,True
333221,"Pleasant Valley 3/16"" Cut Old Fashioned Kosher Dill Pickle Chips, 128 fl oz",9.19,9.19,COSTCO_95616,2025-09-12T19:30:41Z,pantry-dry-goods,True
21328,"Heinz Tomato Ketchup, 114 oz",12.29,12.29,COSTCO_95616,2025-09-12T19:30:41Z,pantry-dry-goods,True
1069,"Del Monte Blue Lake Fancy Cut Green Beans, #10 can, 6 lbs 5 oz",5.79,5.79,COSTCO_95616,2025-09-12T19:30:41Z,pantry-dry-goods,True
620507,"Ken's Ranch Dressing, 1 Gallon",14.79,14.79,COSTCO_95616,2025-09-12T19:30:41Z,pantry-dry-goods,True
1743349,"Dole Mango Chunks Fruit Cup, 4 oz, 16 ct",10.09,10.09,COSTCO_95616,2025-09-12T19:30:41Z,pantry-dry-goods,True
728051,"Stevia in the Raw Zero Calorie Sweetener Portion Packets, 800 ct",16.79,16.79,COSTCO_95616,2025-09-12T19:30:41Z,pantry-dry-goods,True
1797618,"Nongshim Bowl Ramen Noodle Soup, Hot and Spicy, 3.03 oz, 18 ct",20.49,20.49,COSTCO_95616,2025-09-12T19:30:41Z,pantry-dry-goods,True
131916,"Superb Refined Canola Oil, 35 lbs",34.59,34.59,COSTCO_95616,2025-09-12T19:30:41Z,pantry-dry-goods,True
145124,"Master Chef Clear Frying Oil, 35 lbs",34.59,34.59,COSTCO_95616,2025-09-12T19:30:41Z,pantry-dry-goods,True
279783,"Kirkland Signature Crumbled Bacon Bits, 1.25 lbs",10.19,10.19,COSTCO_95616,2025-09-12T19:30:41Z,pantry-dry-goods,True
650972,"French's Classic Yellow Mustard Portion Packets, 500 ct",11.39,11.39,COSTCO_95616,2025-09-12T19:30:41Z,pantry-dry-goods,True
33859,"Kraft Premium Mayonnaise, 1 Gallon",16.79,13.09,COSTCO_95616,2025-09-12T19:30:41Z,pantry-dry-goods,True
1746909,"Samyang Buldak Stir-Fried Ramen, Carbonara, Spicy Chicken, 3.7 oz, 6 ct",13.09,13.09,COSTCO_95616,2025-09-12T19:30:41Z,pantry-dry-goods,True
77959,"Idahoan Real Premium Mashed Potatoes, 3.25 lbs",11.39,11.39,COSTCO_95616,2025-09-12T19:30:41Z,pantry-dry-goods,True
162274,"Chicken of the Sea Premium Chunk Light Tuna in Water, 7 oz, 12 ct",17.49,14.49,COSTCO_95616,2025-09-12T19:30:41Z,pantry-dry-goods,True
1109404,"Kirkland Signature Organic Almond Butter, Creamy, 27 oz",9.99,9.99,COSTCO_95616,2025-09-12T19:30:41Z,pantry-dry-goods,True
841930,"Kirkland Signature Thai Hom Mali Jasmine Rice, Long Grain, 25 lbs",24.59,24.59,COSTCO_95616,2025-09-12T19:30:41Z,pantry-dry-goods,True
4793,"French's Classic Yellow Mustard, 105 oz",6.19,6.19,COSTCO_95616,2025-09-12T19:30:41Z,pantry-dry-goods,True
516604,"Bumble Bee Tuna Salad with Crackers, Original, 3.5 oz, 9 ct",15.79,15.79,COSTCO_95616,2025-09-12T19:30:41Z,pantry-dry-goods,True
39719,"Wilsey Premium Whole Egg Mayonnaise, 30 lbs",42.19,42.19,COSTCO_95616,2025-09-12T19:30:41Z,pantry-dry-goods,True
841942,"Kirkland Signature Thai Hom Mali Jasmine Rice, Long Grain, 50 lbs",39.99,39.99,COSTCO_95616,2025-09-12T19:30:41Z,pantry-dry-goods,True
384732,"Kirkland Signature Pure Sea Salt, Fine Grain, 30 oz",4.19,4.19,COSTCO_95616,2025-09-12T19:30:41Z,pantry-dry-goods,True
1760616,"GoGo SqueeZ Organic Fruit On The Go, Variety Pack, 3.2 oz, 28 ct",16.79,16.79,COSTCO_95616,2025-09-12T19:30:41Z,pantry-dry-goods,True
1760868,"Orchard Naturals Organic Diced Peaches, Yellow Cling, 4 oz, 24 ct",13.59,13.59,COSTCO_95616,2025-09-12T19:30:41Z,pantry-dry-goods,True
192118,"S&W Homestyle Tomato Sauce, #10 can, 6 lbs 10 oz ",5.99,5.99,COSTCO_95616,2025-09-12T19:30:41Z,pantry-dry-goods,True
844189,"Hunt's Tomato Ketchup, #10 can, 7 lbs 2 oz ",7.19,7.19,COSTCO_95616,2025-09-12T19:30:41Z,pantry-dry-goods,True
1030979,"Smucker's Jam & Jelly Cups, Variety Pack, 0.5 oz, 200 ct",19.39,19.39,COSTCO_95616,2025-09-12T19:30:41Z,pantry-dry-goods,True
202195,"SPAM, Less Sodium, 12 oz, 8 ct",27.09,27.09,COSTCO_95616,2025-09-12T19:30:41Z,pantry-dry-goods,True
71003,"Kirkland Signature Extra Virgin Olive Oil, 2 Liter",29.39,29.39,COSTCO_95616,2025-09-12T19:30:41Z,pantry-dry-goods,True
1967879,"Prima Terra Diced Tomatoes In Juice, 102 oz",5.69,5.69,COSTCO_95616,2025-09-12T19:30:41Z,pantry-dry-goods,True
1685578,"Bibigo Cooked Sticky White Rice Bowls, Medium Grain, 7.4 oz, 12 ct",14.09,14.09,COSTCO_95616,2025-09-12T19:30:41Z,pantry-dry-goods,True
171345,"Teasdale Black Beans, #10 can, 6 lbs 12 oz  ",6.89,6.89,COSTCO_95616,2025-09-12T19:30:41Z,pantry-dry-goods,True
354517,"Del Sol Nacho Sliced Jalapeno Peppers, #10 can, 6 lbs 4 oz ",6.89,6.89,COSTCO_95616,2025-09-12T19:30:41Z,pantry-dry-goods,True
8368,"Rosarita Refried Beans, #10 can, Original, 7 lbs ",9.29,9.29,COSTCO_95616,2025-09-12T19:30:41Z,pantry-dry-goods,True
796997,"Nongshim Shin Ramyun Black Premium Noodle Soup Cup, Spicy, 3.5 oz, 8 ct",15.79,15.79,COSTCO_95616,2025-09-12T19:30:41Z,pantry-dry-goods,True
767946,"Olde Thompson Cracked Black Pepper, 5 lbs",34.49,34.49,COSTCO_95616,2025-09-12T19:30:41Z,pantry-dry-goods,True
768023,"Olde Thompson Granulated Garlic, 7 lbs",37.19,37.19,COSTCO_95616,2025-09-12T19:30:41Z,pantry-dry-goods,True
516822,"Kirkland Signature Organic Soup Stock, Chicken, 32 fl oz, 6 ct",11.19,11.19,COSTCO_95616,2025-09-12T19:30:41Z,pantry-dry-goods,True
1953259,"Barilla for Professionals Elbows Pasta, Classic, 10 lbs, 2 ct",26.99,26.99,COSTCO_95616,2025-09-12T19:30:41Z,pantry-dry-goods,True
116300,"Knorr Chicken Flavor Bouillon, Caldo con Sabor de Pollo, 7.9 lbs",21.49,17.69,COSTCO_95616,2025-09-12T19:30:41Z,pantry-dry-goods,True
425349,"Del Monte Whole Kernel Corn, 15.25 oz, 12 ct",14.09,14.09,COSTCO_95616,2025-09-12T19:30:41Z,pantry-dry-goods,True
1593426,"Morton Coarse Kosher Salt, 53 oz",3.69,3.69,COSTCO_95616,2025-09-12T19:30:41Z,pantry-dry-goods,True
1001368,"Kirkland Signature Organic Quinoa, 4.5 lbs",10.59,10.59,COSTCO_95616,2025-09-12T19:30:41Z,pantry-dry-goods,True
779552,"Chef-mate Country Sausage Gravy, #10 can, 6 lbs 9 oz",12.89,12.89,COSTCO_95616,2025-09-12T19:30:41Z,pantry-dry-goods,True
51290,"Heinz Tomato Ketchup, #10 can, 7 lbs 2 oz",11.09,11.09,COSTCO_95616,2025-09-12T19:30:41Z,pantry-dry-goods,True
132666,"Royal Basmati Rice, Long Grain, 20 lbs",19.49,19.49,COSTCO_95616,2025-09-12T19:30:41Z,pantry-dry-goods,True
676704,"French's Classic Yellow Mustard, 30 oz, 2 ct",6.59,6.59,COSTCO_95616,2025-09-12T19:30:41Z,pantry-dry-goods,True
471832,"Heinz Tomato Ketchup, 14 oz, 16 ct",41.29,41.29,COSTCO_95616,2025-09-12T19:30:41Z,pantry-dry-goods,True
1500453,"Ken's Caesar Dressing, 1 Gallon",19.99,19.99,COSTCO_95616,2025-09-12T19:30:41Z,pantry-dry-goods,True
1045706,"Kirkland Signature Organic Coconut Oil, Virgin, 84 fl oz",17.29,17.29,COSTCO_95616,2025-09-12T19:30:41Z,pantry-dry-goods,True
768831,"Olde Thompson Ground Cinnamon, 5 lbs",22.59,22.59,COSTCO_95616,2025-09-12T19:30:41Z,pantry-dry-goods,True
518090,"Kirkland Signature Artichoke Hearts, 33 oz, 2 ct",12.59,12.59,COSTCO_95616,2025-09-12T19:30:41Z,pantry-dry-goods,True
265595,"McCormick Premium Taco Seasoning, 24 oz",8.79,8.79,COSTCO_95616,2025-09-12T19:30:41Z,pantry-dry-goods,True
2713,"N'Joy Grated Parmesan Cheese Portion Packets, 200 ct",12.39,12.39,COSTCO_95616,2025-09-12T19:30:41Z,pantry-dry-goods,True
7366,"Kikkoman Teriyaki Glaze, 5 lbs",10.59,10.59,COSTCO_95616,2025-09-12T19:30:41Z,pantry-dry-goods,True
3014,"Teasdale Garbanzo Beans, #10 can, 6 lbs 12 oz",7.59,7.59,COSTCO_95616,2025-09-12T19:30:41Z,pantry-dry-goods,True
1492456,"Kirkland Signature Albacore Solid White Tuna in Water, 7 oz, 8 ct",17.59,17.59,COSTCO_95616,2025-09-12T19:30:41Z,pantry-dry-goods,True
1649268,"Heinz Ketchup, Relish, Mustard Grill Pack, 4 ct",10.69,10.69,COSTCO_95616,2025-09-12T19:30:41Z,pantry-dry-goods,True
424453,"Tapatío Hot Sauce Portion Packets, 500 ct",39.59,39.59,COSTCO_95616,2025-09-12T19:30:41Z,pantry-dry-goods,True
1538359,"Kirkland Signature Organic Fruit & Vegetable Pouches, Variety Pack, 3.17 oz, 24 ct",14.09,14.09,COSTCO_95616,2025-09-12T19:30:41Z,pantry-dry-goods,True
978,"Frank's RedHot Cayenne Pepper Sauce, Original, 1 Gallon",16.79,16.79,COSTCO_95616,2025-09-12T19:30:41Z,pantry-dry-goods,True
1768166,"Underwood Ranches Sriracha Premium Chili Hot Sauce, 17 oz, 2 ct",8.99,8.99,COSTCO_95616,2025-09-12T19:30:41Z,pantry-dry-goods,True
1234826,"Rao's Homemade Marinara Sauce, 28 oz, 2 ct",13.89,13.89,COSTCO_95616,2025-09-12T19:30:41Z,pantry-dry-goods,True
261485,"Roland Nonpareilles Capers, 32 oz",9.89,9.89,COSTCO_95616,2025-09-12T19:30:41Z,pantry-dry-goods,True
817827,"Pleasant Valley Farms Sauerkraut, 128 fl oz",11.19,11.19,COSTCO_95616,2025-09-12T19:30:41Z,pantry-dry-goods,True
751981,"Tajin Clásico Chili Lime Seasoning, 14 oz, 2 ct",11.39,11.39,COSTCO_95616,2025-09-12T19:30:41Z,pantry-dry-goods,True
1129484,"Royal Maraschino Cherries with Stems, 1 Gallon",20.19,20.19,COSTCO_95616,2025-09-12T19:30:41Z,pantry-dry-goods,True
7768,"Stagg Premium Country Brand Chili with Beans, #10 can, 6 lbs 12 oz ",14.89,14.89,COSTCO_95616,2025-09-12T19:30:41Z,pantry-dry-goods,True
7419,"Ken's Deluxe Thousand Island Dressing, 1 Gallon",17.29,17.29,COSTCO_95616,2025-09-12T19:30:41Z,pantry-dry-goods,True
876945,"Tapatío Hot Sauce, 32 fl oz, 2 ct",13.69,13.69,COSTCO_95616,2025-09-12T19:30:41Z,pantry-dry-goods,True
1953370,"Barilla for Professionals Spaghetti Pasta, Classic, 10 lb, 2 ct",25.99,25.99,COSTCO_95616,2025-09-12T19:30:41Z,pantry-dry-goods,True
164981,"Kirkland Signature Fine Ground Black Pepper, 12.3 oz",6.79,6.79,COSTCO_95616,2025-09-12T19:30:41Z,pantry-dry-goods,True
993449,"Garofalo Organic Pasta, Variety Pack, 17.6 oz, 6 ct",11.29,11.29,COSTCO_95616,2025-09-12T19:30:41Z,pantry-dry-goods,True
111894,"Lawry's Coarse Ground Garlic Salt with Parsley, 33 oz",10.59,10.59,COSTCO_95616,2025-09-12T19:30:41Z,pantry-dry-goods,True
1062644,"Olde Thompson Granulated Onion, 6 lbs",22.59,22.59,COSTCO_95616,2025-09-12T19:30:41Z,pantry-dry-goods,True
1181691,"Heartland Premium Pinto Beans, 50 lbs",35.59,35.59,COSTCO_95616,2025-09-12T19:30:41Z,pantry-dry-goods,True
1880399,"TABASCO Pepper Sauce, Original, 15 fl oz",6.79,6.79,COSTCO_95616,2025-09-12T19:30:41Z,pantry-dry-goods,True
879520,"Nutella Hazelnut Spread with Cocoa, 33.5 oz, 2 ct",16.79,16.79,COSTCO_95616,2025-09-12T19:30:41Z,pantry-dry-goods,True
170779,"Kraft Macaroni & Cheese Dinner, 7.25 oz, 18 ct",17.89,17.89,COSTCO_95616,2025-09-12T19:30:41Z,pantry-dry-goods,True
768659,"Olde Thompson Fancy Paprika, 5 lbs",23.29,23.29,COSTCO_95616,2025-09-12T19:30:41Z,pantry-dry-goods,True
433677,"McCormick Montreal Steak Seasoning, 29 oz",8.39,8.39,COSTCO_95616,2025-09-12T19:30:41Z,pantry-dry-goods,True
1778007,"Snapdragon Vietnamese Pho, Beef, 2.7 oz, 9 ct",14.29,14.29,COSTCO_95616,2025-09-12T19:30:41Z,pantry-dry-goods,True
8514,"Crisco All-Vegetable Shortening, 6 lbs",14.59,14.59,COSTCO_95616,2025-09-12T19:30:41Z,pantry-dry-goods,True
354491,"Del Sol Yellow Banana Pepper Rings, Mild, 1 Gallon",8.49,8.49,COSTCO_95616,2025-09-12T19:30:41Z,pantry-dry-goods,True
7087,"Sweet'N Low Portion Packets, 1500 ct",14.09,14.09,COSTCO_95616,2025-09-12T19:30:41Z,pantry-dry-goods,True
202085,"SPAM, Classic, 12 oz, 8 ct",27.09,27.09,COSTCO_95616,2025-09-12T19:30:41Z,pantry-dry-goods,True
2144,"Kikkoman Soy Sauce, 1 Gallon",14.69,14.69,COSTCO_95616,2025-09-12T19:30:41Z,pantry-dry-goods,True
405378,"Teasdale Pinto Beans, #10 can, 6 lbs 12 oz",7.79,7.79,COSTCO_95616,2025-09-12T19:30:41Z,pantry-dry-goods,True
55027,"Golden Chef Soybean Oil, 35 lbs",31.39,31.39,COSTCO_95616,2025-09-12T19:30:41Z,pantry-dry-goods,True
981000,"Nissin Top Ramen, Chicken, 3 oz, 48 ct",16.79,16.79,COSTCO_95616,2025-09-12T19:30:41Z,pantry-dry-goods,True
1251429,"Nongshim Shin Ramyun Noodle Soup, Gourmet Spicy, 4.2 oz, 18 ct",19.69,19.69,COSTCO_95616,2025-09-12T19:30:41Z,pantry-dry-goods,True
164998,"Kirkland Signature Coarse Ground Malabar Black Pepper, 12.7 oz",7.09,7.09,COSTCO_95616,2025-09-12T19:30:41Z,pantry-dry-goods,True
1129578,"Marianne's Harvest Brands 100% Avocado Oil, 2 Liter",25.99,25.99,COSTCO_95616,2025-09-12T19:30:41Z,pantry-dry-goods,True
767956,"Olde Thompson Fine Ground Black Pepper, 5 lbs",37.89,37.89,COSTCO_95616,2025-09-12T19:30:41Z,pantry-dry-goods,True
1855191,"Mr. Yoshida's Marinade & Cooking Sauce, Original Gourmet, 86 oz",9.99,9.99,COSTCO_95616,2025-09-12T19:30:41Z,pantry-dry-goods,True
24754,"Lawry's Seasoned Salt, 40 oz",8.99,8.99,COSTCO_95616,2025-09-12T19:30:41Z,pantry-dry-goods,True
38708,"SeaWatch Chopped Sea Clams, 51 oz, 2 ct",25.99,25.99,COSTCO_95616,2025-09-12T19:30:41Z,pantry-dry-goods,True
5415,"Bunge Homai California Brown Rice, 25 lbs",14.29,14.29,COSTCO_95616,2025-09-12T19:30:41Z,pantry-dry-goods,True
1892392,"Snapdragon Ramen, Chili Crunch, 4.23 oz, 6 ct",13.59,13.59,COSTCO_95616,2025-09-12T19:30:41Z,pantry-dry-goods,True
633561,"Kirkland Signature Organic Diced Tomatoes, 14.5 oz package, 8 ct",11.19,11.19,COSTCO_95616,2025-09-12T19:30:41Z,pantry-dry-goods,True
125376,"Nongshim Udon Premium Noodle Soup, 9.73 oz, 6 ct",17.49,17.49,COSTCO_95616,2025-09-12T19:30:41Z,pantry-dry-goods,True
924646,"Skippy Super Chunk Peanut Butter, 48 oz, 2 ct",12.89,12.89,COSTCO_95616,2025-09-12T19:30:41Z,pantry-dry-goods,True
251813,"Kirkland Signature Granulated Garlic, 18 oz",9.49,9.49,COSTCO_95616,2025-09-12T19:30:41Z,pantry-dry-goods,True
633564,"Kirkland Signature Organic Tomato Paste, 6 oz, 12 ct",11.39,11.39,COSTCO_95616,2025-09-12T19:30:41Z,pantry-dry-goods,True
694682,"S&W Organic Garbanzos Chick Peas, 15.5 oz, 8 ct",10.99,10.99,COSTCO_95616,2025-09-12T19:30:41Z,pantry-dry-goods,True
1062650,"Olde Thompson Dried Oregano, 2 lbs",15.79,15.79,COSTCO_95616,2025-09-12T19:30:41Z,pantry-dry-goods,True
1350719,"Emerald River Premium Thai Jasmine Rice, 50 lbs",41.49,41.49,COSTCO_95616,2025-09-12T19:30:41Z,pantry-dry-goods,True
1082353,"Louisiana Rice Mill Supreme White Rice, Long Grain, 50 lbs",23.49,23.49,COSTCO_95616,2025-09-12T19:30:41Z,pantry-dry-goods,True
1953369,"Barilla for Professionals Penne Rigate Pasta, Classic, 10 lbs, 2 ct",26.99,26.99,COSTCO_95616,2025-09-12T19:30:41Z,pantry-dry-goods,True
389340,"Kirkland Signature Vegetable Oil, 1.25 Gallon",9.29,9.29,COSTCO_95616,2025-09-12T19:30:41Z,pantry-dry-goods,True
935109,"Lea & Perrins Worcestershire Sauce, 20 fl oz, 2 ct",10.19,10.19,COSTCO_95616,2025-09-12T19:30:41Z,pantry-dry-goods,True
25825,"Mazola Corn Oil, 2.5 Gallon",29.99,29.99,COSTCO_95616,2025-09-12T19:30:41Z,pantry-dry-goods,True
1424057,"Hidden Valley Ranch Homestyle Seasoning, Dip and Salad Dressing Mix, 20 oz",11.89,11.89,COSTCO_95616,2025-09-12T19:30:41Z,pantry-dry-goods,True
848005,"McCormick Brown Gravy Mix, 21 oz",5.29,5.29,COSTCO_95616,2025-09-12T19:30:41Z,pantry-dry-goods,True
1403285,"Olde Thompson Kosher Flake Sea Salt, 5 lbs",6.29,6.29,COSTCO_95616,2025-09-12T19:30:41Z,pantry-dry-goods,True
768834,"Olde Thompson Crushed Red Pepper, 3.5 lbs",17.49,17.49,COSTCO_95616,2025-09-12T19:30:41Z,pantry-dry-goods,True
71010,"Kirkland Signature Canola Oil, 1.25 Gallon",9.79,9.79,COSTCO_95616,2025-09-12T19:30:41Z,pantry-dry-goods,True
664511,"S&W Organic Black Beans, 15 oz, 8 ct",10.99,10.99,COSTCO_95616,2025-09-12T19:30:41Z,pantry-dry-goods,True
182,"Kikkoman Soy Sauce, 5 Gallon",38.39,38.39,COSTCO_95616,2025-09-12T19:30:41Z,pantry-dry-goods,True
704329,"Libby's Vienna Sausage, 4.6 oz, 18 ct",14.79,14.79,COSTCO_95616,2025-09-12T19:30:41Z,pantry-dry-goods,True
2712,"N'Joy Crushed Red Pepper Portion Packets, 500 ct",10.19,10.19,COSTCO_95616,2025-09-12T19:30:41Z,pantry-dry-goods,True
633563,"Kirkland Signature Organic Tomato Sauce, 15 oz, 12 ct",15.99,15.99,COSTCO_95616,2025-09-12T19:30:41Z,pantry-dry-goods,True
33279,"N'Joy Iodized Salt Portion Packets, 3000 ct",7.99,7.99,COSTCO_95616,2025-09-12T19:30:41Z,pantry-dry-goods,True
1677221,"Idaho Spuds Golden Grill Hashbrown Potatoes, 33.1 oz",8.69,8.69,COSTCO_95616,2025-09-12T19:30:41Z,pantry-dry-goods,True
949149,"Smucker's Concord Grape Jelly, 48 oz, 2 ct",8.79,8.79,COSTCO_95616,2025-09-12T19:30:41Z,pantry-dry-goods,True
502863,"Pace Original Picante Sauce, Medium, 38 oz, 2 ct",7.99,7.99,COSTCO_95616,2025-09-12T19:30:41Z,pantry-dry-goods,True
3266,"Superb Premium Liquid Fry Shortening, 35 lbs",34.59,34.59,COSTCO_95616,2025-09-12T19:30:41Z,pantry-dry-goods,True
848001,"McCormick Italian Seasoning, 6.25 oz",6.09,6.09,COSTCO_95616,2025-09-12T19:30:41Z,pantry-dry-goods,True
1461361,"Olde Thompson California Garlic Powder, 6.6 lbs",23.79,23.79,COSTCO_95616,2025-09-12T19:30:41Z,pantry-dry-goods,True
1572002,"Campbell's Soup, Simply Chicken Noodle, 18.6 oz, 8 ct",16.79,16.79,COSTCO_95616,2025-09-12T19:30:41Z,pantry-dry-goods,True
477403,"Del Monte Cut Green Beans, 14.5 oz can, 12 ct",14.09,14.09,COSTCO_95616,2025-09-12T19:30:41Z,pantry-dry-goods,True
8310,"Wesson Vegetable Oil, 1.25 Gallon",14.49,14.49,COSTCO_95616,2025-09-12T19:30:41Z,pantry-dry-goods,True
1225168,"Heartland Dry Black Beans, 25 lbs",21.69,21.69,COSTCO_95616,2025-09-12T19:30:41Z,pantry-dry-goods,True
1298725,"Knorr Hollandaise Sauce Mix, 30.2 oz",16.79,16.79,COSTCO_95616,2025-09-12T19:30:41Z,pantry-dry-goods,True
1894529,"Valentina Salsa Picante Mexican Hot Sauce, 12.5 fl oz, 6 ct",10.19,10.19,COSTCO_95616,2025-09-12T19:30:41Z,pantry-dry-goods,True
808814,"Juanita's Mexican Style Hominy, #10 can, 6 lbs 9 oz",5.89,5.89,COSTCO_95616,2025-09-12T19:30:41Z,pantry-dry-goods,True
3015,"Teasdale Kidney Beans, #10 can, 6 lbs 12 oz ",7.99,7.99,COSTCO_95616,2025-09-12T19:30:41Z,pantry-dry-goods,True
3423,"Superb Pan & Grill Oil, 35 lbs",35.59,35.59,COSTCO_95616,2025-09-12T19:30:41Z,pantry-dry-goods,True
1552274,"Naturally More Organic Creamy Peanut Butter, 28 oz, 2 ct",10.19,10.19,COSTCO_95616,2025-09-12T19:30:41Z,pantry-dry-goods,True
33281,"N'Joy Black Pepper Portion Packets, 3000 ct",14.09,14.09,COSTCO_95616,2025-09-12T19:30:41Z,pantry-dry-goods,True
1223839,"A.1. Steak Sauce, 20 oz, 2 ct",13.29,13.29,COSTCO_95616,2025-09-12T19:30:41Z,pantry-dry-goods,True
1266615,"Olde Thompson Saigon Cinnamon Sticks, 6.6 oz",6.59,6.59,COSTCO_95616,2025-09-12T19:30:41Z,pantry-dry-goods,True
856509,"McCormick Granulated Onion, 18 oz",7.09,7.09,COSTCO_95616,2025-09-12T19:30:41Z,pantry-dry-goods,True
1959935,"Prima Terra Whole Peeled Tomatoes In Juice, 102 oz",5.69,5.69,COSTCO_95616,2025-09-12T19:30:41Z,pantry-dry-goods,True
1963138,"Kinder's Organic Seasoning, Bourbon Steak, 12.4 oz",8.99,8.99,COSTCO_95616,2025-09-12T19:30:41Z,pantry-dry-goods,True
1062645,"Olde Thompson Ground Cayenne Pepper, 5.25 lbs",26.69,26.69,COSTCO_95616,2025-09-12T19:30:41Z,pantry-dry-goods,True
323078,"Early California Sliced Black Olives, 55 oz",13.09,13.09,COSTCO_95616,2025-09-12T19:30:41Z,pantry-dry-goods,True
354510,"Del Sol Green Salsa, #10 can, 6 lbs 6 oz ",8.09,8.09,COSTCO_95616,2025-09-12T19:30:41Z,pantry-dry-goods,True
1963120,"Kinder’s Organic Seasoning, Garlic Butter, 12.2 oz",8.99,8.99,COSTCO_95616,2025-09-12T19:30:41Z,pantry-dry-goods,True
1062647,"Olde Thompson Dried Parsley, 1 lb",13.09,13.09,COSTCO_95616,2025-09-12T19:30:41Z,pantry-dry-goods,True
638845,"Ken's Golden Italian Dressing, 1 Gallon",13.79,13.79,COSTCO_95616,2025-09-12T19:30:41Z,pantry-dry-goods,True
1833299,"Olde Thompson Nutmeg, 20.1 oz",11.39,11.39,COSTCO_95616,2025-09-12T19:30:41Z,pantry-dry-goods,True
1788031,"Knorr Chicken Flavor Bouillon, 25 lbs",59.99,59.99,COSTCO_95616,2025-09-12T19:30:41Z,pantry-dry-goods,True
882050,"McCormick Old Bay Seasoning, 24 oz",10.79,10.79,COSTCO_95616,2025-09-12T19:30:41Z,pantry-dry-goods,True
1752300,"Pompeian Simply Light Taste Olive Oil, 2 Liter, 2 ct",25.09,25.09,COSTCO_95616,2025-09-12T19:30:41Z,pantry-dry-goods,True
1062642,"Olde Thompson Dried Chopped Onion, 4.25 lbs",18.19,18.19,COSTCO_95616,2025-09-12T19:30:41Z,pantry-dry-goods,True
1605917,"Kirkland Signature Pink Salt, Fine Grain, 5 lbs",7.39,7.39,COSTCO_95616,2025-09-12T19:30:41Z,pantry-dry-goods,True
1013182,"CP Authentic Asia Shrimp Wonton Ramen, 10.9 oz, 6 ct",18.79,18.79,COSTCO_95616,2025-09-12T19:30:41Z,pantry-dry-goods,True
354511,"Del Sol Crushed Tomatillos, #10 can, 6 lbs 4 oz ",8.09,8.09,COSTCO_95616,2025-09-12T19:30:41Z,pantry-dry-goods,True
1770560,"Vertullo Pepperoncini, Whole, 128 fl oz",8.89,8.89,COSTCO_95616,2025-09-12T19:30:41Z,pantry-dry-goods,True
522779,"Kirkland Signature Crushed Red Pepper, 10 oz",4.59,4.59,COSTCO_95616,2025-09-12T19:30:41Z,pantry-dry-goods,True
1306311,"Louisiana Rice Mill Supreme White Rice, Long Grain, 25 lbs",12.09,12.09,COSTCO_95616,2025-09-12T19:30:41Z,pantry-dry-goods,True
1225158,"Heartland Dry Garbanzo Beans, 25 lbs",24.39,24.39,COSTCO_95616,2025-09-12T19:30:41Z,pantry-dry-goods,True
1837753,"Ricos Nacho Cheese Sauce Cups, 3.5 oz, 24 ct",20.89,20.89,COSTCO_95616,2025-09-12T19:30:41Z,pantry-dry-goods,True
768957,"Olde Thompson Ground Cumin, 5 lbs",23.79,23.79,COSTCO_95616,2025-09-12T19:30:41Z,pantry-dry-goods,True
207,"Homai Calrose Rice, Premium Sushi Rice, Medium Grain, 25 lbs",15.89,15.89,COSTCO_95616,2025-09-12T19:30:41Z,pantry-dry-goods,True
208551,"Swanson Natural Goodness Chicken Broth, Less Sodium, 14.5 oz, 12 ct",12.09,12.09,COSTCO_95616,2025-09-12T19:30:41Z,pantry-dry-goods,True
158044,"McCormick Cajun Seasoning, 18 oz",11.39,11.39,COSTCO_95616,2025-09-12T19:30:41Z,pantry-dry-goods,True
1967883,"Prima Terra Tomato Puree, 1.06 Specific Gravity, 107 oz",6.19,6.19,COSTCO_95616,2025-09-12T19:30:41Z,pantry-dry-goods,True
1062640,"Olde Thompson Mediterranean Sea Salt, 12 lbs",11.79,11.79,COSTCO_95616,2025-09-12T19:30:41Z,pantry-dry-goods,True
537365,"Knorr Tomato Bouillon with Chicken Flavor, 4.4 lbs",14.09,14.09,COSTCO_95616,2025-09-12T19:30:41Z,pantry-dry-goods,True
353462,"Lee Kum Kee Pure Sesame Oil, 1 Gallon",34.39,34.39,COSTCO_95616,2025-09-12T19:30:41Z,pantry-dry-goods,True
767854,"Olde Thompson Whole Black Pepper, 5 lbs",34.99,34.99,COSTCO_95616,2025-09-12T19:30:41Z,pantry-dry-goods,True
1967878,"Prima Terra Tomato Paste, 111 oz",7.99,7.99,COSTCO_95616,2025-09-12T19:30:41Z,pantry-dry-goods,True
1977524,"Prima Terra Ground Peeled Tomatoes In Puree, 106 oz",6.19,6.19,COSTCO_95616,2025-09-12T19:30:41Z,pantry-dry-goods,True
4606,"Mt. Olive Kosher Dill Pickles, 128 fl oz",7.09,7.09,COSTCO_95616,2025-09-12T19:30:41Z,pantry-dry-goods,True
572958,"Lea & Perrins Worcestershire Sauce, Original, 1 gallon",22.59,22.59,COSTCO_95616,2025-09-12T19:30:41Z,pantry-dry-goods,True
654679,"Seeds of Change Organic Quinoa and Brown Rice, 8.5 oz, 6 ct",13.59,13.59,COSTCO_95616,2025-09-12T19:30:41Z,pantry-dry-goods,True
833530,"Rodelle Toasted Sesame Seeds, 18 oz",5.49,5.49,COSTCO_95616,2025-09-12T19:30:41Z,pantry-dry-goods,True
7552,"Wild Planet Wild Albacore Tuna, 5 oz,  6 ct",20.19,20.19,COSTCO_95616,2025-09-12T19:30:41Z,pantry-dry-goods,True
947663,"McCormick Gourmet Bruschetta Seasoning Mix, Sweet Basil & Oregano, 19 oz",8.99,8.99,COSTCO_95616,2025-09-12T19:30:41Z,pantry-dry-goods,True
975201,"Royal Chef's Secret Basmati Rice, Extra Long Grain, 40 lbs",51.89,51.89,COSTCO_95616,2025-09-12T19:30:41Z,pantry-dry-goods,True
192119,"S&W Premium Tomato Paste, #10 can, 6 lbs 15 oz",9.39,9.39,COSTCO_95616,2025-09-12T19:30:41Z,pantry-dry-goods,True
180973,"Season Sardine Fillets in 100% Olive Oil, Wild Caught, Skinless and Boneless, 4.375 oz, 6 ct",13.59,13.59,COSTCO_95616,2025-09-12T19:30:41Z,pantry-dry-goods,True
1058716,"Olde Thompson Lemon Pepper, 7.75 lbs",37.19,37.19,COSTCO_95616,2025-09-12T19:30:41Z,pantry-dry-goods,True
661231,"Mrs. Dash Original Seasoning Blend, 21 oz",12.39,12.39,COSTCO_95616,2025-09-12T19:30:41Z,pantry-dry-goods,True
3133113,"Kirkland Signature Black Pepper, Grinder with Refill, 6.3 oz, 2 ct",11.09,11.09,COSTCO_95616,2025-09-12T19:30:41Z,pantry-dry-goods,True
1111788,"Mazzetti Balsamic Vinegar of Modena, 1 Gallon",9.99,9.99,COSTCO_95616,2025-09-12T19:30:41Z,pantry-dry-goods,True
848002,"McCormick Lemon & Pepper Seasoning, 28 oz",9.79,9.79,COSTCO_95616,2025-09-12T19:30:41Z,pantry-dry-goods,True
848003,"McCormick Garlic Salt, 41.25 oz",5.49,5.49,COSTCO_95616,2025-09-12T19:30:41Z,pantry-dry-goods,True
223368,"McCormick Curry Powder, 16 oz",7.79,7.79,COSTCO_95616,2025-09-12T19:30:41Z,pantry-dry-goods,True
1928567,"Homai Rice Panko, Crispy Bread Crumbs, 10 lbs",20.46,20.46,COSTCO_95616,2025-09-12T19:30:41Z,pantry-dry-goods,True
483998,"McCormick Mayonnaise with Lime, 28 fl oz, 2 ct",11.89,11.89,COSTCO_95616,2025-09-12T19:30:41Z,pantry-dry-goods,True
1833446,"Olde Thompson Furikake Rice Seasoning, 22.9 oz",25.29,25.29,COSTCO_95616,2025-09-12T19:30:41Z,pantry-dry-goods,True
29710,"Lee Kum Kee Premium Oyster Flavored Sauce, 32 fl oz",9.19,9.19,COSTCO_95616,2025-09-12T19:30:41Z,pantry-dry-goods,True
86195,"Lee Kum Kee Panda Oyster Sauce, 80 oz",9.79,9.79,COSTCO_95616,2025-09-12T19:30:41Z,pantry-dry-goods,True
1608165,"Vertullo Toasted Sesame Seed Oil, 56 fl oz",16.29,16.29,COSTCO_95616,2025-09-12T19:30:41Z,pantry-dry-goods,True
1903458,"Classic DanDan Noodles, Sichuan and Chilli Pepper, 5.1 oz, 10 ct",19.88,19.88,COSTCO_95616,2025-09-12T19:30:41Z,pantry-dry-goods,True
390566,"Early California Extra-Large Pitted Black Olives, 6 oz, 8 ct",15.79,15.79,COSTCO_95616,2025-09-12T19:30:41Z,pantry-dry-goods,True
164950,"Kirkland Signature Whole Black Peppercorns, 14.1 oz",7.69,7.69,COSTCO_95616,2025-09-12T19:30:41Z,pantry-dry-goods,True
165041,"Kirkland Signature Organic No-Salt Seasoning, 14.5 oz",9.59,9.59,COSTCO_95616,2025-09-12T19:30:41Z,pantry-dry-goods,True
1833466,"Olde Thompson Dried Bay Leaves, 10.6 oz",14.09,14.09,COSTCO_95616,2025-09-12T19:30:41Z,pantry-dry-goods,True
1916655,"Supreme Rice Parboiled Enriched Long Grain, 50 lbs",27.09,27.09,COSTCO_95616,2025-09-12T19:30:41Z,pantry-dry-goods,True
7124,"Viva General Purpose Lard, 48 lbs",61.99,61.99,COSTCO_95616,2025-09-12T19:30:41Z,pantry-dry-goods,True
1128773,"Olde Thompson Himalayan Pink Salt, 12 lbs",24.29,24.29,COSTCO_95616,2025-09-12T19:30:41Z,pantry-dry-goods,True
230818,"McCormick Ground Cayenne Pepper, 14 oz",5.59,5.59,COSTCO_95616,2025-09-12T19:30:41Z,pantry-dry-goods,True
354521,"Del Sol Jalapeno Peppers En Escabeche, #10 can, 6 lbs 6 oz",6.69,6.69,COSTCO_95616,2025-09-12T19:30:41Z,pantry-dry-goods,True
1709366,"Crown Prince Smoked Oysters in Olive Oil, Fancy Whole, 3.75 oz, 6 ct",16.29,16.29,COSTCO_95616,2025-09-12T19:30:41Z,pantry-dry-goods,True
316689,"Lotus Foods Organic Millet & Brown Rice Ramen Noodles, 1.87 lbs",10.09,10.09,COSTCO_95616,2025-09-12T19:30:41Z,pantry-dry-goods,True
7882,"Chef-mate Chili Con Carne Without Beans, #10 can, 6 lbs 12 oz ",18.39,18.39,COSTCO_95616,2025-09-12T19:30:41Z,pantry-dry-goods,True
878770,"McCormick Ground Cumin, 14 oz",7.59,7.59,COSTCO_95616,2025-09-12T19:30:41Z,pantry-dry-goods,True
510462,"Kirkland Signature Corn Oil, 35 lbs",38.79,38.79,COSTCO_95616,2025-09-12T19:30:41Z,pantry-dry-goods,True
354498,"Del Sol Whole Tomatillos, #10 can, 6 lbs 4 oz ",6.89,6.89,COSTCO_95616,2025-09-12T19:30:41Z,pantry-dry-goods,True
848007,"McCormick Dark Chili Powder, 20 oz",7.19,7.19,COSTCO_95616,2025-09-12T19:30:41Z,pantry-dry-goods,True
1940956,"Realgood American Angus Beef Tallow, 14.4 lbs",53.57,53.57,COSTCO_95616,2025-09-12T19:30:41Z,pantry-dry-goods,True
744361,"Genova Yellowfin Tuna in Olive Oil, 7 oz, 6 ct",17.99,17.99,COSTCO_95616,2025-09-12T19:30:41Z,pantry-dry-goods,True
463446,"Badia Mojo Marinade, 1 Gallon",10.4,10.4,COSTCO_95616,2025-09-12T19:30:41Z,pantry-dry-goods,True
7126,"Flavor King Refined A-V Shortening, 50 lbs",61.79,61.79,COSTCO_95616,2025-09-12T19:30:41Z,pantry-dry-goods,True
261495,"Roland Kalamata Olives, Pitted, 70 oz",20.79,20.79,COSTCO_95616,2025-09-12T19:30:41Z,pantry-dry-goods,True
1005057,"Khazana Sona Masoori Rice, 40 lbs",28.79,28.79,COSTCO_95616,2025-09-12T19:30:41Z,pantry-dry-goods,True
1831343,"Supreme Rice Parboiled Enriched Long Grain, 25 lbs",14.29,14.29,COSTCO_95616,2025-09-12T19:30:41Z,pantry-dry-goods,True
192111,"S&W Whole Peeled Tomatoes, #10 can, 6 lbs 6 oz ",6.19,6.19,COSTCO_95616,2025-09-12T19:30:41Z,pantry-dry-goods,True
1714849,"Scoop Away Complete Performance Plus, Clumping Cat Litter, Fresh Scent, 10.5 lbs, 4 ct",20.69,16.59,COSTCO_95616,2025-09-12T19:30:49Z,pet-supplies,True
25350,"Kirkland Signature Super Premium Adult Dog Food, Lamb Rice & Vegetable Formula, 40 lbs",39.99,39.99,COSTCO_95616,2025-09-12T19:30:49Z,pet-supplies,True
25347,"Kirkland Signature Chicken & Rice Dog Food, 40 lbs",39.99,39.99,COSTCO_95616,2025-09-12T19:30:49Z,pet-supplies,True
570940,"Kirkland Signature Nature's Domain Cat Food, 18 lbs",26.99,26.99,COSTCO_95616,2025-09-12T19:30:49Z,pet-supplies,True
1734859,"Kirkland Signature Canned Cat Food, Chunks in Gravy, Variety Pack, 3 oz, 48 ct",31.59,31.59,COSTCO_95616,2025-09-12T19:30:49Z,pet-supplies,True
1792990,"Kirkland Signature Absorbent Pads, Extra-Large, 100 ct",21.19,21.19,COSTCO_95616,2025-09-12T19:30:49Z,pet-supplies,True
52296,"Kirkland Signature Cat Food Super Premium, 25 lbs",27.49,27.49,COSTCO_95616,2025-09-12T19:30:49Z,pet-supplies,True
895073,"Kirkland Signature Nature's Domain Dog Food, Turkey & Pea Stew, 13.2 oz, 24 ct",35.99,35.99,COSTCO_95616,2025-09-12T19:30:49Z,pet-supplies,True
1924252,"Kirkland Signature Jerky Treats for Dogs, Chicken Breast Recipe, 48 oz",19.19,19.19,COSTCO_95616,2025-09-12T19:30:49Z,pet-supplies,True
1567724,"Kirkland Signature Dog Food, Chicken & Rice Formula, 13.2 oz, 24 ct",33.99,33.99,COSTCO_95616,2025-09-12T19:30:49Z,pet-supplies,True
971832,"Kirkland Signature Dental Chews, 72 ct",30.59,30.59,COSTCO_95616,2025-09-12T19:30:49Z,pet-supplies,True
1647381,"Kirkland Signature Pâté Adult Cat Food, Variety Pack, 3.5 oz, 45 ct",34.99,34.99,COSTCO_95616,2025-09-12T19:30:49Z,pet-supplies,True
1101794,"Kirkland Signature Nature's Domain Puppy Chicken & Pea Formula, Dog Food, 20 lbs",24.89,24.89,COSTCO_95616,2025-09-12T19:30:49Z,pet-supplies,True
1567726,"Kirkland Signature Premium Dog Biscuits, 15 lbs",18.69,18.69,COSTCO_95616,2025-09-12T19:30:49Z,pet-supplies,True
130317,"Kirkland Signature Puppy Formula Chicken, Rice and Vegetable Dog Food, 20 lbs",21.19,21.19,COSTCO_95616,2025-09-12T19:30:49Z,pet-supplies,True
253531,"Kirkland Signature Super Premium Chicken & Rice Dog Food, 20 lbs",22.09,22.09,COSTCO_95616,2025-09-12T19:30:49Z,pet-supplies,True
1548950,"Purina Friskies Pate, Variety Pack, 5.5 oz, 60 ct",46.99,46.99,COSTCO_95616,2025-09-12T19:30:49Z,pet-supplies,True
1193179,"Kirkland Signature Nature's Domain Small Breed Salmon & Lentil Formula for Dogs, 20 lbs",27.89,27.89,COSTCO_95616,2025-09-12T19:30:49Z,pet-supplies,True
943660,"Full Moon Kitchen-Crafted Natural Dog Treats, Chicken Fillet, 48 oz",25.99,25.99,COSTCO_95616,2025-09-12T19:30:49Z,pet-supplies,True
1936934,"Kirkland Signature Nature's Domain Dog Food, Beef & Sweet Potato, 25 lbs",27.99,27.99,COSTCO_95616,2025-09-12T19:30:49Z,pet-supplies,True
1936936,"Kirkland Signature Nature's Domain Dog Food, Turkey & Ancient Grains, 25 lbs",28.99,28.99,COSTCO_95616,2025-09-12T19:30:49Z,pet-supplies,True
1936937,"Kirkland Signature Nature's Domain Dog Food, Turkey & Sweet Potato, 25 lbs",29.79,29.79,COSTCO_95616,2025-09-12T19:30:49Z,pet-supplies,True
1936927,"Kirkland Signature Nature’s Domain Dog Food, Salmon & Sweet Potato, 25 lbs",30.99,30.99,COSTCO_95616,2025-09-12T19:30:49Z,pet-supplies,True
1936933,"Kirkland Signature Super Premium Healthy Weight Dog Food, Chicken & Vegetables, 25 lbs",22.59,22.59,COSTCO_95616,2025-09-12T19:30:49Z,pet-supplies,True
1744538,"Kirkland Signature Loaf Wet Dog Food, Small Breed Adult Dogs, Variety Pack, 3.5 oz, 45 ct",33.79,33.79,COSTCO_95616,2025-09-12T19:30:49Z,pet-supplies,True
1936932,"Kirkland Signature Super Premium Adult Dog Food, Lamb Rice & Vegetable, 25 lbs",25.79,25.79,COSTCO_95616,2025-09-12T19:30:49Z,pet-supplies,True
1936935,"Kirkland Signature Super Premium Mature Dog Food, Chicken, Rice & Egg, 25 lbs",24.99,24.99,COSTCO_95616,2025-09-12T19:30:49Z,pet-supplies,True
1936928,"Kirkland Signature Super Premium Adult Dog Food, Chicken, Rice & Vegetable, 25 lbs",25.79,25.79,COSTCO_95616,2025-09-12T19:30:49Z,pet-supplies,True
512086,"Kirkland Signature Super Premium Healthy Weight Indoor Adult Cat Formula, Cat Food, 20 lbs",21.19,21.19,COSTCO_95616,2025-09-12T19:30:49Z,pet-supplies,True
910960,"Audubon Park Nature’s Blend Premium Wild Bird Food, 40 lbs",25.59,25.59,COSTCO_95616,2025-09-12T19:30:49Z,pet-supplies,True
