id,name,price,promotion_price,store_id,last_seen_time,category,active
100364490,"Kirkland Signature Wildflower Honey, 5 lbs",14.79,14.79,costco_business_delivery,2025-08-25T23:56:25Z,Baking,True
100284007,"Kirkland Signature Organic Raw Honey Bear, 24 oz, 3 ct",18.09,18.09,costco_business_delivery,2025-08-25T23:56:25Z,Baking,True
10193478,"C&H Pure Cane Sugar, Granulated, 50 lbs",36.65,36.65,costco_business_delivery,2025-08-25T23:56:25Z,Baking,True
10193389,"C&H Premium Pure Cane Sugar, Light Brown, 25 lbs",23.79,23.79,costco_business_delivery,2025-08-25T23:56:25Z,Baking,True
10181483,"N'Joy Cane Sugar, 22 oz, 8 ct",18.39,18.39,costco_business_delivery,2025-08-25T23:56:25Z,Baking,True
11161961,"Nestle Toll House Semi-Sweet Chocolate Chip Morsels, 4 lb 8 oz",16.79,16.79,costco_business_delivery,2025-08-25T23:56:25Z,Baking,True
10178347,"Ardent Mills Harvest Hotel & Restaurant All-Purpose Flour, 25 lbs",9.19,9.19,costco_business_delivery,2025-08-25T23:56:25Z,Baking,True
10178553,"Krusteaz Buttermilk Complete Pancake Mix, 10 lbs",8.99,8.99,costco_business_delivery,2025-08-25T23:56:25Z,Baking,True
100317019,"Kirkland Signature Organic Blue Agave, 36 oz, 2 ct",10.79,10.79,costco_business_delivery,2025-08-25T23:56:25Z,Baking,True
10178349,"Ardent Mills Harvest Hotel & Restaurant All-Purpose Flour, 50 lbs",17.99,17.99,costco_business_delivery,2025-08-25T23:56:25Z,Baking,True
10193480,"ReaLemon 100% Lemon Juice, 48 fl oz, 2 ct",6.59,6.59,costco_business_delivery,2025-08-25T23:56:25Z,Baking,True
2001126811,"Sweetened Condensed Milk, 14 oz, 6 ct",10.59,10.59,costco_business_delivery,2025-08-25T23:56:25Z,Baking,True
100331773,"Rodelle Pure Vanilla Extract, 32 fl oz",22.49,22.49,costco_business_delivery,2025-08-25T23:56:25Z,Baking,True
10181165,"Kirkland Signature Walnuts, Baking Nuts, 3 lbs",16.49,16.49,costco_business_delivery,2025-08-25T23:56:25Z,Baking,True
100401456,"Sliced Raw Almonds, Baking Nuts, 5 lbs",27.39,27.39,costco_business_delivery,2025-08-25T23:56:25Z,Baking,True
2001149142,"Clabber Girl Corn Starch, 3 lbs",5.39,5.39,costco_business_delivery,2025-08-25T23:56:25Z,Baking,True
100082635,"Clabber Girl Baking Powder, 4 lbs",13.59,13.59,costco_business_delivery,2025-08-25T23:56:25Z,Baking,True
10182981,"Kirkland Signature Pecan Halves, Baking Nuts, 2 lbs",14.79,14.79,costco_business_delivery,2025-08-25T23:56:25Z,Baking,True
11987209,"Kirkland Signature Organic Sugar, Fine Granulated, 10 lbs",11.49,11.49,costco_business_delivery,2025-08-25T23:56:25Z,Baking,True
100317707,"Del Destino 100% Lemon Juice, 128 fl oz",9.59,9.59,costco_business_delivery,2025-08-25T23:56:25Z,Baking,True
11671508,"Nestle La Lechera Sweetened Condensed Milk, 14 oz, 6 ct",13.59,13.59,costco_business_delivery,2025-08-25T23:56:25Z,Baking,True
100260407,"C&H Pure Cane Sugar, Golden Brown, 7 lbs",7.79,7.79,costco_business_delivery,2025-08-25T23:56:25Z,Baking,True
2001192084,"Pure Cane Sugar, Granulated, 25 lbs",20.59,20.59,costco_business_delivery,2025-08-25T23:56:25Z,Baking,True
10183563,"Kirkland Signature Whole Almonds, Baking Nuts, 3 lbs",14.29,14.29,costco_business_delivery,2025-08-25T23:56:25Z,Baking,True
100313961,"Thai Kitchen Organic Coconut Milk, Unsweetened, 13.66 fl oz, 6 ct",10.59,10.59,costco_business_delivery,2025-08-25T23:56:25Z,Baking,True
100373987,"Kirkland Signature Evaporated Milk, 12 fl oz, 12 ct",13.69,13.69,costco_business_delivery,2025-08-25T23:56:25Z,Baking,True
11497119,"Arm & Hammer Pure Baking Soda, 13.5 lbs",10.29,10.29,costco_business_delivery,2025-08-25T23:56:25Z,Baking,True
100332306,"Kirkland Signature Almond Flour, 3 lbs",12.09,12.09,costco_business_delivery,2025-08-25T23:56:25Z,Baking,True
10182110,"C&H Pure Cane Sugar, Confectioners Powdered, 50 lbs",43.15,43.15,costco_business_delivery,2025-08-25T23:56:25Z,Baking,True
2001192059,"Pure Cane Sugar, Granulated, 10 lbs",8.29,8.29,costco_business_delivery,2025-08-25T23:56:25Z,Baking,True
11099384,"Ghirardelli Triple Chocolate Premium Brownie Mix, 7.5 lbs",17.29,17.29,costco_business_delivery,2025-08-25T23:56:25Z,Baking,True
100401457,"Pecan Pieces,  Baking Nuts, 5 lbs",32.99,32.99,costco_business_delivery,2025-08-25T23:56:25Z,Baking,True
100401455,"Walnut Pieces, Baking Nuts, 5 lbs",28.59,28.59,costco_business_delivery,2025-08-25T23:56:25Z,Baking,True
100260392,"C&H Pure Cane Sugar, Confectioners Powdered, 7 lbs",8.49,8.49,costco_business_delivery,2025-08-25T23:56:25Z,Baking,True
2001192082,"Pure Cane Sugar, Granulated, 50 lbs",40.49,40.49,costco_business_delivery,2025-08-25T23:56:25Z,Baking,True
11296961,"Sugar in the Raw Turbinado Cane Sugar, 6 lbs",9.29,9.29,costco_business_delivery,2025-08-25T23:56:25Z,Baking,True
100317691,"Del Destino 100% Lime Juice, 128 fl oz",9.99,9.99,costco_business_delivery,2025-08-25T23:56:25Z,Baking,True
10178379,"Red Star Active Dry Yeast, 2 lbs",7.39,7.39,costco_business_delivery,2025-08-25T23:56:25Z,Baking,True
11542108,"Rodelle Imitation Vanilla, 128 fl oz",8.39,8.39,costco_business_delivery,2025-08-25T23:56:25Z,Baking,True
11533186,"SAF Red Label Instant Yeast, 1 lb",4.59,4.59,costco_business_delivery,2025-08-25T23:56:25Z,Baking,True
2001125165,"All Purpose Flour, Unbleached, 10 lbs, 2 ct",18.49,18.49,costco_business_delivery,2025-08-25T23:56:25Z,Baking,True
100284164,"Karo Red Label Light Corn Syrup, 1 Gallon",16.19,16.19,costco_business_delivery,2025-08-25T23:56:25Z,Baking,True
11162610,"Nestle Carnation Evaporated Milk, 12 fl oz, 12 ct",18.19,18.19,costco_business_delivery,2025-08-25T23:56:25Z,Baking,True
100082475,"Kirkland Signature Organic Pine Nuts, 1.5 lbs",27.39,27.39,costco_business_delivery,2025-08-25T23:56:25Z,Baking,True
11605750,"Ardent Mills Kyrol Premium High Gluten Flour, 50 lbs",22.99,22.99,costco_business_delivery,2025-08-25T23:56:25Z,Baking,True
11849896,"Ardent Mills Harvest Bread Flour, 50 lbs",17.19,17.19,costco_business_delivery,2025-08-25T23:56:25Z,Baking,True
100437685,"Organic Pure Cane Sugar, Brown, 7.5 lbs",8.79,8.79,costco_business_delivery,2025-08-25T23:56:25Z,Baking,True
100401466,"Whole Almonds, Baking Nuts, 5 lbs",22.79,22.79,costco_business_delivery,2025-08-25T23:56:25Z,Baking,True
2001184879,"Rodelle Natural Vanilla Paste, 32 fl oz",28.19,28.19,costco_business_delivery,2025-08-25T23:56:25Z,Baking,True
2001148689,"Sioux Pure Honey, Light Amber, 60 lbs",119.99,119.99,costco_business_delivery,2025-08-25T23:56:25Z,Baking,True
100278855,"Maseca Instant Corn Masa Flour, #1 Regular, 50 lbs",32.99,32.99,costco_business_delivery,2025-08-25T23:56:25Z,Baking,True
11756476,"Krusteaz Belgian Waffle Mix, 5 lbs",8.39,8.39,costco_business_delivery,2025-08-25T23:56:25Z,Baking,True
11410324,"Ardent Mills Fine Whole Wheat Flour, 50 lbs",22.59,22.59,costco_business_delivery,2025-08-25T23:56:25Z,Baking,True
11146552,"Ardent Mills Hotel & Restaurant All-Purpose Unbleached Flour, 50 lbs",19.39,19.39,costco_business_delivery,2025-08-25T23:56:25Z,Baking,True
2001137533,"Sue Bee Pure Honey, Raw Unfiltered NorCal Honey, 80 oz",22.59,22.59,costco_business_delivery,2025-08-25T23:56:25Z,Baking,True
100278854,"Maseca Special Regular 0 Corn Flour, 50 lbs",33.49,33.49,costco_business_delivery,2025-08-25T23:56:25Z,Baking,True
2001135833,"Thomas' Bagels, Plain, 12 ct",7.29,7.29,costco_business_delivery,2025-08-25T23:56:27Z,Breads & Bakery,True
11956467,"Oroweat 100% Whole Wheat Bread, 32 oz, 2 ct",8.89,8.89,costco_business_delivery,2025-08-25T23:56:27Z,Breads & Bakery,True
10183873,"Thomas' Original Nooks and Crannies English Muffin, 24 ct",10.89,10.89,costco_business_delivery,2025-08-25T23:56:27Z,Breads & Bakery,True
100206154,"King's Hawaiian Sweet Rolls, Original, 32 ct",7.59,7.59,costco_business_delivery,2025-08-25T23:56:27Z,Breads & Bakery,True
100372676,"Universal Bakery Traditional Aussie Bites, 27 oz",11.09,11.09,costco_business_delivery,2025-08-25T23:56:27Z,Breads & Bakery,True
2001135847,"Thomas' Bagels, Everything, 12 ct",7.29,7.29,costco_business_delivery,2025-08-25T23:56:27Z,Breads & Bakery,True
11905215,"Papa Pita 7"" Greek Flat Bread, 12 ct",5.29,5.29,costco_business_delivery,2025-08-25T23:56:27Z,Breads & Bakery,True
100357715,"Donsuemor Madeleines, Traditional, 1 oz, 28 ct",10.19,10.19,costco_business_delivery,2025-08-25T23:56:27Z,Breads & Bakery,True
100459193,"Bon Appetit Gourmet Danish, Variety Pack, 3 oz, 18 ct",16.79,16.79,costco_business_delivery,2025-08-25T23:56:27Z,Breads & Bakery,True
100290891,"Sugar Bowl Bakery Brownie Bites, 2 lbs",8.29,8.29,costco_business_delivery,2025-08-25T23:56:27Z,Breads & Bakery,True
11938651,"Dave's Killer Bread, Organic 21 Whole Grains, 27 oz, 2 ct",10.39,10.39,costco_business_delivery,2025-08-25T23:56:27Z,Breads & Bakery,True
11942062,"Oroweat Country Bread, Buttermilk, 32 oz, 2 ct",8.89,8.89,costco_business_delivery,2025-08-25T23:56:27Z,Breads & Bakery,True
100355258,"The Worthy Crumb Mini Muffins, Blueberry, 2.6 oz, 16 ct",14.19,14.19,costco_business_delivery,2025-08-25T23:56:27Z,Breads & Bakery,True
100347131,"Sun-Maid Raisin Bread, Cinnamon Swirl, 16 oz, 2 ct",7.99,7.99,costco_business_delivery,2025-08-25T23:56:27Z,Breads & Bakery,True
100317132,"Franz 100% Whole Wheat Bread, 32 oz, 2 ct",6.99,6.99,costco_business_delivery,2025-08-25T23:56:27Z,Breads & Bakery,True
10183015,"Mission 10"" Flour Tortillas, 40 ct",9.09,9.09,costco_business_delivery,2025-08-25T23:56:27Z,Breads & Bakery,True
10179036,"Svenhard's Danish, Variety Pack, 30 ct",19.19,19.19,costco_business_delivery,2025-08-25T23:56:27Z,Breads & Bakery,True
100458852,"Bon Appetit Mini Chocolate Donuts, 6-pack, 8 ct",13.59,13.59,costco_business_delivery,2025-08-25T23:56:27Z,Breads & Bakery,True
100409164,"Francisco International Deli Hot Dog Buns, 16 ct",4.59,4.59,costco_business_delivery,2025-08-25T23:56:27Z,Breads & Bakery,True
2001197596,"Kirkland Signature Mini Muffin Bites, Chocolate Chip, 20 ct",10.59,10.59,costco_business_delivery,2025-08-25T23:56:27Z,Breads & Bakery,True
100355282,"The Worthy Crumb Mini Muffins, Chocolate Chip, 2.6 oz, 16 ct",14.19,14.19,costco_business_delivery,2025-08-25T23:56:27Z,Breads & Bakery,True
100380893,"Bon Appetit Banana Bread Slice, 4 oz, 8 ct",13.59,13.59,costco_business_delivery,2025-08-25T23:56:27Z,Breads & Bakery,True
100357055,"La Boulangere Pains au Chocolat Croissants, 16 ct",10.19,10.19,costco_business_delivery,2025-08-25T23:56:27Z,Breads & Bakery,True
11334407,"Guerrero 6"" Corn Tortillas, 100 ct",5.29,5.29,costco_business_delivery,2025-08-25T23:56:27Z,Breads & Bakery,True
100409166,"Francisco Deli Hamburger Buns, 16 ct",4.59,4.59,costco_business_delivery,2025-08-25T23:56:27Z,Breads & Bakery,True
100278796,"Hostess Cupcakes and Twinkies, Variety Pack, 32 ct",10.39,10.39,costco_business_delivery,2025-08-25T23:56:27Z,Breads & Bakery,True
2001124396,"Cloverhill Bakery Jumbo Honey Bun, Glazed, 4 oz, 12 ct",9.99,9.99,costco_business_delivery,2025-08-25T23:56:27Z,Breads & Bakery,True
2001139317,"The Worthy Crumb Muffins, Banana Nut, 3.6 oz, 12 ct",10.59,10.59,costco_business_delivery,2025-08-25T23:56:27Z,Breads & Bakery,True
100174391,"Franz Brioche Hamburger Buns, 12 ct",6.19,6.19,costco_business_delivery,2025-08-25T23:56:27Z,Breads & Bakery,True
2001144839,"Entenmann’s Little Bites Party Cake Muffins, 1.65 oz, 20 ct",9.49,9.49,costco_business_delivery,2025-08-25T23:56:27Z,Breads & Bakery,True
11218481,"Bimbo Pan Blanco Grande, White Bread, 48 oz, 2 ct",6.19,6.19,costco_business_delivery,2025-08-25T23:56:27Z,Breads & Bakery,True
11369473,"Guerrero 8"" Soft Taco Flour Tortillas, 40 ct",5.99,5.99,costco_business_delivery,2025-08-25T23:56:27Z,Breads & Bakery,True
100273402,"Franz Gluten Free 7 Grain Bread, 20 oz, 2 ct",11.39,11.39,costco_business_delivery,2025-08-25T23:56:27Z,Breads & Bakery,True
11942745,"Bimbo Mini Mantecadas, Vanilla, 2.21 oz, 8 ct",4.79,4.79,costco_business_delivery,2025-08-25T23:56:27Z,Breads & Bakery,True
100278817,"Sara Lee Artesano Style White Bread, 20 oz, 2 ct",6.79,6.79,costco_business_delivery,2025-08-25T23:56:27Z,Breads & Bakery,True
100380904,"Bon Appetit Cheese & Berries Danish, 5 oz, 8 ct",13.59,13.59,costco_business_delivery,2025-08-25T23:56:27Z,Breads & Bakery,True
100457552,"Bon Appetit Mini Powdered Donuts, 6-pack, 8 ct",13.59,13.59,costco_business_delivery,2025-08-25T23:56:27Z,Breads & Bakery,True
11756230,"Sugar Bowl Bakery Petite Palmiers, 32 oz",10.09,10.09,costco_business_delivery,2025-08-25T23:56:27Z,Breads & Bakery,True
11372448,"Aunt Hattie's 4-1/2"" Sesame Hamburger Buns, Restaurant Style, 12 ct",3.59,3.59,costco_business_delivery,2025-08-25T23:56:27Z,Breads & Bakery,True
100206041,"Cloverhill Bakery Big Texas Cinnamon Roll, 4 oz, 12 ct",9.09,9.09,costco_business_delivery,2025-08-25T23:56:27Z,Breads & Bakery,True
11218535,"Marinela Pastelito Gansito Snack Cakes, 1.76 oz, 24 ct",10.39,10.39,costco_business_delivery,2025-08-25T23:56:27Z,Breads & Bakery,True
100380907,"Bon Appetit Cheese Coffee Bar Cake, 4 oz, 8 ct",13.59,13.59,costco_business_delivery,2025-08-25T23:56:27Z,Breads & Bakery,True
100408582,"Oroweat Oatnut Bread, 32 oz, 2 ct",8.89,8.89,costco_business_delivery,2025-08-25T23:56:27Z,Breads & Bakery,True
11234620,"Las Fortunitas 12"" Flour Tortillas, 24 ct",6.19,6.19,costco_business_delivery,2025-08-25T23:56:27Z,Breads & Bakery,True
2001156652,"Two Bite OREO Muffins, 2 oz, 12 ct",9.19,9.19,costco_business_delivery,2025-08-25T23:56:27Z,Breads & Bakery,True
100174457,"La Fiesta 13.5"" Flour Tortillas, 48 oz, 10 ct",4.09,4.09,costco_business_delivery,2025-08-25T23:56:27Z,Breads & Bakery,True
100380902,"Bon Appetit Blueberry Cream Danish, 5 oz, 8 ct",13.59,13.59,costco_business_delivery,2025-08-25T23:56:27Z,Breads & Bakery,True
100380860,"Bon Appetit Bear Claw, 5 oz, 8 ct",13.59,13.59,costco_business_delivery,2025-08-25T23:56:27Z,Breads & Bakery,True
10254172,"Las Fortunitas 10"" Flour Tortillas, 30 ct",4.79,4.79,costco_business_delivery,2025-08-25T23:56:27Z,Breads & Bakery,True
100371524,"JJ's Bakery Apple Pie, Lightly Glazed, 4 oz, 16 ct",9.39,9.39,costco_business_delivery,2025-08-25T23:56:27Z,Breads & Bakery,True
100380873,"Bon Appetit Cheese Croissant, 5 oz, 8 ct",13.59,13.59,costco_business_delivery,2025-08-25T23:56:27Z,Breads & Bakery,True
11299910,"Franz Sliders Mini Hamburger Buns, 24 ct",4.09,4.09,costco_business_delivery,2025-08-25T23:56:27Z,Breads & Bakery,True
100380892,"Bon Appetit Apple Danish, 5 oz, 8 ct",13.59,13.59,costco_business_delivery,2025-08-25T23:56:27Z,Breads & Bakery,True
breads-bakery,"Nongshim Ppang Bujang Salted Butter Roll Snack, 1.94 oz, 12 ct",16.89,16.89,costco_business_delivery,2025-08-25T23:56:27Z,Breads & Bakery,True
100339518,"Entenmann's Little Bites Chocolate Chip Muffins, 1.65 oz, 20 ct",9.49,9.49,costco_business_delivery,2025-08-25T23:56:27Z,Breads & Bakery,True
11355335,"Francisco 6"" French Rolls, 12 ct",5.69,5.69,costco_business_delivery,2025-08-25T23:56:27Z,Breads & Bakery,True
2001193767,"Universal Bakery Strawberry Lemon Delights, 30 oz",10.19,10.19,costco_business_delivery,2025-08-25T23:56:27Z,Breads & Bakery,True
11099078,Sacramento Baking Co Sourdough Bread 2 ct,8.59,8.59,costco_business_delivery,2025-08-25T23:56:27Z,Breads & Bakery,True
2001158017,"Two Bite Chips Ahoy! Muffin, 2 oz, 12 ct",8.79,8.79,costco_business_delivery,2025-08-25T23:56:27Z,Breads & Bakery,True
100380921,"Bon Appetit Concha, 5 oz, 8 ct",13.59,13.59,costco_business_delivery,2025-08-25T23:56:27Z,Breads & Bakery,True
2001206451,"Bon Appetit Strawberry Concha, 5 oz, 8 ct",13.59,13.59,costco_business_delivery,2025-08-25T23:56:27Z,Breads & Bakery,True
2001206455,"Bon Appetit Danish, Caramel Chocolatier, 5 oz, 8 ct",13.59,13.59,costco_business_delivery,2025-08-25T23:56:27Z,Breads & Bakery,True
10253114,"Rainbo Ball Park 8"" Hot Dog Buns, 16 ct",5.79,5.79,costco_business_delivery,2025-08-25T23:56:27Z,Breads & Bakery,True
2001206466,"Bon Appetit Mantecada Grande Cake, 4.5 oz, 8 ct",13.59,13.59,costco_business_delivery,2025-08-25T23:56:27Z,Breads & Bakery,True
100371564,"JJ's Bakery Cherry Pie, Lightly Glazed, 4 oz, 16 ct",9.39,9.39,costco_business_delivery,2025-08-25T23:56:27Z,Breads & Bakery,True
100357599,"Dave's Killer Bread Organic Bagels, Epic Everything, 5 ct",5.19,5.19,costco_business_delivery,2025-08-25T23:56:27Z,Breads & Bakery,True
11091691,"Francisco Gourmet Sesame Seed Hoagie Rolls, 12 ct",4.19,4.19,costco_business_delivery,2025-08-25T23:56:27Z,Breads & Bakery,True
11520159,"Guerrero 4.5"" Corn Tortillas, 60 ct",3.69,3.69,costco_business_delivery,2025-08-25T23:56:27Z,Breads & Bakery,True
11943617,"Marinela Pingüinos Chocolate Crème-Filled Cupcakes, 1.41 oz,  24 ct",10.19,10.19,costco_business_delivery,2025-08-25T23:56:27Z,Breads & Bakery,True
2001173083,"Bon Appetit Strawberry ‘N Creme Danish, 4.6 oz, 10 ct",16.79,16.79,costco_business_delivery,2025-08-25T23:56:27Z,Breads & Bakery,True
2001206369,"Bon Appetit Danish, Caramel Creme, 5 oz, 8 ct",13.59,13.59,costco_business_delivery,2025-08-25T23:56:27Z,Breads & Bakery,True
100393682,"El Camino Real Bakery Organic Ultra Raisin Bread with Cinnamon Swirl, 28 oz, 2 ct",10.19,10.19,costco_business_delivery,2025-08-25T23:56:27Z,Breads & Bakery,True
2001192035,"7 Days Soft Baked Croissant, Chocolate Filling, 2.65 oz, 12 ct",11.39,11.39,costco_business_delivery,2025-08-25T23:56:27Z,Breads & Bakery,True
11642518,"La Fiesta 4.5"" Corn Tortillas, 34 oz, 60 ct",3.09,3.09,costco_business_delivery,2025-08-25T23:56:27Z,Breads & Bakery,True
100388961,"El Camino Real Bakery Petite Cinnamon Rolls, 30 oz",8.99,8.99,costco_business_delivery,2025-08-25T23:56:27Z,Breads & Bakery,True
100340779,"Oroweat Sandwich Thins, Multigrain, 18 ct",10.19,10.19,costco_business_delivery,2025-08-25T23:56:27Z,Breads & Bakery,True
2001192066,"7Days Soft Baked Croissant, Vanilla Filling, 2.65 oz, 12 ct",11.39,11.39,costco_business_delivery,2025-08-25T23:56:27Z,Breads & Bakery,True
100385075,"Mission Carb Balance 8"" Flour Tortilla Wraps, 24 oz, 16 ct",7.99,7.99,costco_business_delivery,2025-08-25T23:56:27Z,Breads & Bakery,True
2001148295,"Entenmann's Baker’s Delights Mini Pound Cakes, 1.55 oz, 12 ct",8.69,8.69,costco_business_delivery,2025-08-25T23:56:27Z,Breads & Bakery,True
100156884,"Oroweat 12 Grain Bread, 24 oz, 2 ct",6.99,6.99,costco_business_delivery,2025-08-25T23:56:27Z,Breads & Bakery,True
2001124644,"Imuraya Castella Japanese Style Baked Sponge Cake, Original, 5 pieces, 3 ct",14.79,14.79,costco_business_delivery,2025-08-25T23:56:27Z,Breads & Bakery,True
2001161338,"Franz Brown and Serve Torta Rolls, 12 ct",7.39,7.39,costco_business_delivery,2025-08-25T23:56:27Z,Breads & Bakery,True
100320146,"Tortilla Fresca Uncooked Flour Tortillas, 44 ct",8.99,8.99,costco_business_delivery,2025-08-25T23:56:27Z,Breads & Bakery,True
2001177064,"Le Boulanger The Baker Dutch Crunch Sandwich Roll, 8 oz, 6 ct",5.89,5.89,costco_business_delivery,2025-08-25T23:56:27Z,Breads & Bakery,True
2001152561,"Entenmann’s Little Bites Fudge Brownies, 1.95 oz, 20 ct",9.49,9.49,costco_business_delivery,2025-08-25T23:56:27Z,Breads & Bakery,True
10255157,"Las Fortunitas 6"" White Corn Tortillas, 120 ct",4.29,4.29,costco_business_delivery,2025-08-25T23:56:27Z,Breads & Bakery,True
100284923,"Food Service Texas Toast Bread, 20 oz loaf",3.09,3.09,costco_business_delivery,2025-08-25T23:56:27Z,Breads & Bakery,True
2001177081,"Le Boulanger Sweet French Sandwich Rolls, 6 ct",5.59,5.59,costco_business_delivery,2025-08-25T23:56:27Z,Breads & Bakery,True
2001171693,"Youchen Cake Seasoned with Chicken Meat Floss, 1.16 oz, 15 ct",7.99,7.99,costco_business_delivery,2025-08-25T23:56:27Z,Breads & Bakery,True
2001159773,"Alfaro’s Micro-Bakery Santa Cruz Sourdough Bread, 24 oz, 2 ct",7.69,7.69,costco_business_delivery,2025-08-25T23:56:27Z,Breads & Bakery,True
2001177093,"Le Boulanger The Baker Sourdough Bread, Thick Sliced, 34 oz",5.69,5.69,costco_business_delivery,2025-08-25T23:56:27Z,Breads & Bakery,True
2001161339,"Franz Banh Mi Rolls, 6 ct",4.59,4.59,costco_business_delivery,2025-08-25T23:56:27Z,Breads & Bakery,True
11290828,"Las Fortunitas 8"" Whole Wheat Tortillas, 40 ct",5.19,5.19,costco_business_delivery,2025-08-25T23:56:27Z,Breads & Bakery,True
2001177080,"Le Boulanger The Baker Sourdough Sandwich Roll, 6 ct",5.59,5.59,costco_business_delivery,2025-08-25T23:56:27Z,Breads & Bakery,True
11775269,"Kirkland Signature Organic Pure Maple Syrup, 33.8 oz",14.19,14.19,costco_business_delivery,2025-08-25T23:56:30Z,Cereal & Breakfast,True
11750687,"Cheerios Cereal, 20.35 oz, 2 ct",8.59,8.59,costco_business_delivery,2025-08-25T23:56:30Z,Cereal & Breakfast,True
100368979,"Quaker Instant Oatmeal, Variety Pack, 1.51 oz, 52 ct",12.79,12.79,costco_business_delivery,2025-08-25T23:56:30Z,Cereal & Breakfast,True
100443152,"Pop-Tarts, Frosted Strawberry, 48 ct",12.49,12.49,costco_business_delivery,2025-08-25T23:56:30Z,Cereal & Breakfast,True
11534653,"Quaker Oats Old Fashioned Oatmeal, 10 lbs",9.89,9.89,costco_business_delivery,2025-08-25T23:56:30Z,Cereal & Breakfast,True
11481993,"Log Cabin Original Syrup, 1 Gallon",11.19,11.19,costco_business_delivery,2025-08-25T23:56:30Z,Cereal & Breakfast,True
11947562,"General Mills Cereal Cup, Variety Pack, 12 ct",10.19,10.19,costco_business_delivery,2025-08-25T23:56:30Z,Cereal & Breakfast,True
2001119158,"Quaker Instant Oatmeal, Variety Pack, 19.8 oz, 12 ct",12.39,12.39,costco_business_delivery,2025-08-25T23:56:30Z,Cereal & Breakfast,True
100443190,"Kellogg’s Pop-Tarts, Frosted Brown Sugar Cinnamon, 48 ct",12.69,12.69,costco_business_delivery,2025-08-25T23:56:30Z,Cereal & Breakfast,True
11985047,"Kellogg's Special K Red Berries Cereal, 43 oz",11.39,11.39,costco_business_delivery,2025-08-25T23:56:30Z,Cereal & Breakfast,True
100360733,"Kellogg's Cereal Cups, Family Variety Pack, 12 ct",12.39,12.39,costco_business_delivery,2025-08-25T23:56:30Z,Cereal & Breakfast,True
100383600,"Post Honey Bunches of Oats Cereal, with Almonds, 50 oz",9.59,9.59,costco_business_delivery,2025-08-25T23:56:30Z,Cereal & Breakfast,True
100368815,"Kirkland Signature Ancient Grains Probiotic Granola, 35.3 oz",9.79,9.79,costco_business_delivery,2025-08-25T23:56:30Z,Cereal & Breakfast,True
11939887,"General Mills Cinnamon Toast Crunch Cereal, 49.5 oz",9.59,9.59,costco_business_delivery,2025-08-25T23:56:30Z,Cereal & Breakfast,True
11895271,"Cheerios Cereal, Honey Nut, 27.5 oz, 2 ct",10.49,10.49,costco_business_delivery,2025-08-25T23:56:30Z,Cereal & Breakfast,True
11044965,"Quaker Simply Granola Cereal, 34.5 oz, 2 ct",11.69,11.69,costco_business_delivery,2025-08-25T23:56:30Z,Cereal & Breakfast,True
2001202589,"MUSH Overnight Oats, Variety Pack, 5 oz, 12 ct",14.79,14.79,costco_business_delivery,2025-08-25T23:56:30Z,Cereal & Breakfast,True
2001150522,"Kellogg's Cereal Mini Boxes, Variety Pack, 25 ct",10.79,10.79,costco_business_delivery,2025-08-25T23:56:30Z,Cereal & Breakfast,True
11947498,"Kellogg's Frosted Flakes Cereal, 61.9 oz",10.59,10.59,costco_business_delivery,2025-08-25T23:56:30Z,Cereal & Breakfast,True
100384764,"NuTrail Nut Granola, Blueberry Cinnamon, 22 oz",15.79,15.79,costco_business_delivery,2025-08-25T23:56:30Z,Cereal & Breakfast,True
cereal-breakfast,"Fruit Harvest Triple Berry Blend Cereal, 30.6 oz",12.59,12.59,costco_business_delivery,2025-08-25T23:56:30Z,Cereal & Breakfast,True
100312028,"Bob's Red Mill Quick Cooking 100% Whole Grain Oats, 112 oz",14.19,14.19,costco_business_delivery,2025-08-25T23:56:30Z,Cereal & Breakfast,True
11989518,"Log Cabin Original Syrup, 64 fl oz, 2 ct",11.19,11.19,costco_business_delivery,2025-08-25T23:56:30Z,Cereal & Breakfast,True
10178010,"Kirkland Signature Whole Milk, 1 Gallon, 2 ct",8.79,8.79,costco_business_delivery,2025-08-25T23:56:32Z,Dairy & Eggs,True
11043357,"Frigo Cheese Heads String Cheese Sticks, Original, 1 oz, 60 ct",14.19,14.19,costco_business_delivery,2025-08-25T23:56:32Z,Dairy & Eggs,True
10178009,"Kirkland Signature 2% Reduced Fat Milk, 1 Gallon, 2 ct",8.09,8.09,costco_business_delivery,2025-08-25T23:56:32Z,Dairy & Eggs,True
100228062,"Chobani Nonfat Greek Yogurt, Variety Pack, 5.3 oz, 20 ct",20.09,20.09,costco_business_delivery,2025-08-25T23:56:32Z,Dairy & Eggs,True
100284524,"Kirkland Signature Large Eggs, Cage Free, 5 Dozen",13.09,13.09,costco_business_delivery,2025-08-25T23:56:32Z,Dairy & Eggs,True
11531989,"Land O'Lakes Mini Moos Liquid Coffee Creamer Singles, Half and Half, 0.30 fl oz, 192 ct",15.29,15.29,costco_business_delivery,2025-08-25T23:56:32Z,Dairy & Eggs,True
11547013,"Half & Half, Half Gallon",5.69,5.69,costco_business_delivery,2025-08-25T23:56:32Z,Dairy & Eggs,True
11224666,"International Delight Liquid Coffee Creamer Singles, Non-Dairy, French Vanilla, 0.44 fl oz, 192 ct",16.09,16.09,costco_business_delivery,2025-08-25T23:56:32Z,Dairy & Eggs,True
11229983,"Tillamook Medium Cheddar Snacking Cheese, 0.75 oz, 52 ct",17.39,17.39,costco_business_delivery,2025-08-25T23:56:32Z,Dairy & Eggs,True
2001133820,"Babybel Mini Snack Cheese, Original, 0.71 oz, 36 ct",10.79,10.79,costco_business_delivery,2025-08-25T23:56:32Z,Dairy & Eggs,True
100342930,"Oikos Triple Zero Blended Greek Yogurt, Variety Pack, 5.3 oz, 18 ct",15.79,15.79,costco_business_delivery,2025-08-25T23:56:32Z,Dairy & Eggs,True
100351596,"Organic Non-Dairy Oat Beverage, 32 fl oz, 6 ct",12.59,12.59,costco_business_delivery,2025-08-25T23:56:32Z,Dairy & Eggs,True
100206293,"Coffee mate Liquid Coffee Creamer, Non-Dairy, French Vanilla, 56 fl oz, 2 ct",10.39,10.39,costco_business_delivery,2025-08-25T23:56:32Z,Dairy & Eggs,True
100392754,"Califia Farms Cafe Oatmilk, Dairy Free, 32 fl oz, 6 ct",18.79,18.79,costco_business_delivery,2025-08-25T23:56:32Z,Dairy & Eggs,True
100075753,"Coffee mate Liquid Coffee Creamer Singles, Non-Dairy, French Vanilla, 0.38 fl oz, 180 ct",13.79,13.79,costco_business_delivery,2025-08-25T23:56:32Z,Dairy & Eggs,True
10181276,"PHILADELPHIA Cream Cheese Spread, Original, 48 oz",11.89,11.89,costco_business_delivery,2025-08-25T23:56:32Z,Dairy & Eggs,True
11704595,"Coffee mate Liquid Coffee Creamer Singles, Non-Dairy, Original, 0.38 fl oz, 180 ct",12.79,12.79,costco_business_delivery,2025-08-25T23:56:32Z,Dairy & Eggs,True
11224668,"International Delight Liquid Coffee Creamer Singles, Non-Dairy, Hazelnut, 0.44 fl oz, 192 ct",16.09,16.09,costco_business_delivery,2025-08-25T23:56:32Z,Dairy & Eggs,True
100206954,"Califia Farms Cafe Almond Milk, Dairy Free, 32 fl oz, 6 ct",17.59,17.59,costco_business_delivery,2025-08-25T23:56:32Z,Dairy & Eggs,True
10181297,"PHILADELPHIA Cream Cheese Spread, Original, 1 oz, 50 ct",14.79,14.79,costco_business_delivery,2025-08-25T23:56:32Z,Dairy & Eggs,True
10182784,"Butter, Unsalted, Block, 1 lb, 30 ct",98.99,98.99,costco_business_delivery,2025-08-25T23:56:32Z,Dairy & Eggs,True
100372802,"Yoplait Original Low Fat Yogurt, Variety Pack, 6 oz, 24 ct",12.39,12.39,costco_business_delivery,2025-08-25T23:56:32Z,Dairy & Eggs,True
10178012,"Kirkland Signature Fat Free Milk, 1 Gallon, 2 ct",6.69,6.69,costco_business_delivery,2025-08-25T23:56:32Z,Dairy & Eggs,True
100237635,"International Delight Liquid Coffee Creamer Singles, Non-Dairy, Caramel Macchiato, 0.44 fl oz, 192 ct",16.09,16.09,costco_business_delivery,2025-08-25T23:56:32Z,Dairy & Eggs,True
11766532,"Schreiber American Cheese, 160 Slices, 5 lbs",14.79,14.79,costco_business_delivery,2025-08-25T23:56:32Z,Dairy & Eggs,True
100291657,"Kirkland Signature Organic Greek Nonfat Yogurt, Plain, 3 lbs",7.89,7.89,costco_business_delivery,2025-08-25T23:56:32Z,Dairy & Eggs,True
100373122,"Chobani Blended Greek Yogurt, Vanilla, 40 oz",6.69,6.69,costco_business_delivery,2025-08-25T23:56:32Z,Dairy & Eggs,True
11631667,"Cheswick Mozzarella Cheese, Feather Shredded, 5 lbs",13.99,13.99,costco_business_delivery,2025-08-25T23:56:32Z,Dairy & Eggs,True
11537857,"CA Select Farms Mild Cheddar Cheese, 30 Slices, 1.5 lbs",5.29,5.29,costco_business_delivery,2025-08-25T23:56:32Z,Dairy & Eggs,True
2001176325,"Chobani Complete Lowfat Greek Yogurt Drink, Variety Pack, 10 fl oz, 8 ct",15.79,15.79,costco_business_delivery,2025-08-25T23:56:32Z,Dairy & Eggs,True
10178591,"Low Fat Buttermilk, Half Gallon",3.29,3.29,costco_business_delivery,2025-08-25T23:56:32Z,Dairy & Eggs,True
2001186887,"Oatly Oatmilk, Original, 64 fl oz, 3 ct",13.39,13.39,costco_business_delivery,2025-08-25T23:56:32Z,Dairy & Eggs,True
100362709,"Daisy Sour Cream, 5 lbs",9.69,9.69,costco_business_delivery,2025-08-25T23:56:32Z,Dairy & Eggs,True
11897991,"Silk Almond Milk, Original, 64 fl oz, 3 ct",9.79,9.79,costco_business_delivery,2025-08-25T23:56:32Z,Dairy & Eggs,True
2001189700,"Kirkland Signature Heavy Whipped Cream, 15 fl oz, 3 ct",12.09,12.09,costco_business_delivery,2025-08-25T23:56:32Z,Dairy & Eggs,True
100081965,"Raskas Cream Cheese, 3 lbs",7.89,7.89,costco_business_delivery,2025-08-25T23:56:32Z,Dairy & Eggs,True
100343407,"Kirkland Signature Almond Non-Dairy Beverage, Unsweetened, 32 fl oz, 12 ct",16.19,16.19,costco_business_delivery,2025-08-25T23:56:32Z,Dairy & Eggs,True
11899115,"Tillamook Medium Cheddar Cheese, 52 Slices, 2.5 lbs",13.49,13.49,costco_business_delivery,2025-08-25T23:56:32Z,Dairy & Eggs,True
100373433,"Kirkland Signature Organic Whole Milk, Half Gallon, 3 ct",13.19,13.19,costco_business_delivery,2025-08-25T23:56:32Z,Dairy & Eggs,True
11254842,"Yoplait Go-Gurt Simple Low Fat Yogurt, Variety Pack, 2.25 oz, 32 ct",8.59,8.59,costco_business_delivery,2025-08-25T23:56:32Z,Dairy & Eggs,True
10181289,"Kirkland Signature Butter, Salted, Stick, 1 lb, 4 ct",13.78,13.78,costco_business_delivery,2025-08-25T23:56:32Z,Dairy & Eggs,True
11949420,"Coffee mate Liquid Coffee Creamer, Non-Dairy, French Vanilla, 50.7 fl oz, Pump Bottle",14.79,14.79,costco_business_delivery,2025-08-25T23:56:32Z,Dairy & Eggs,True
11537868,"North Beach Aged Parmesan Cheese, Shredded, 5 lbs",22.49,22.49,costco_business_delivery,2025-08-25T23:56:32Z,Dairy & Eggs,True
2001144982,"Coffee mate Liquid Coffee Creamer, Non-Dairy, Hazelnut, 66 fl oz",6.69,6.69,costco_business_delivery,2025-08-25T23:56:32Z,Dairy & Eggs,True
11537861,"Cheswick Mild Cheddar & Monterey Jack Cheese, Shredded, 5 lbs",14.79,14.79,costco_business_delivery,2025-08-25T23:56:32Z,Dairy & Eggs,True
11542119,"CA Select Farms Provolone Cheese, 30 Slices, 1.5 lbs",5.99,5.99,costco_business_delivery,2025-08-25T23:56:32Z,Dairy & Eggs,True
10181485,"N'Joy Powdered Coffee Creamer, Non-Dairy, 16 oz, 8 ct",18.59,18.59,costco_business_delivery,2025-08-25T23:56:32Z,Dairy & Eggs,True
11542120,"CA Select Farms Swiss Cheese, 30 Slices, 1.5 lbs",7.19,7.19,costco_business_delivery,2025-08-25T23:56:32Z,Dairy & Eggs,True
100157989,"So Delicious Dairy Free Organic Coconutmilk, Unsweetened, 32 fl oz, 6 ct",13.79,13.79,costco_business_delivery,2025-08-25T23:56:32Z,Dairy & Eggs,True
11604931,"Coffee mate Powdered Coffee Creamer, Non-Dairy, Original, 56 oz",9.59,9.59,costco_business_delivery,2025-08-25T23:56:32Z,Dairy & Eggs,True
11543210,"Cascade Dairy Mexican Four Cheese Blend, Shredded, 5 lbs",15.39,15.39,costco_business_delivery,2025-08-25T23:56:32Z,Dairy & Eggs,True
100316919,"Kirkland Signature Organic Lactose Free 2% Reduced Fat Milk, Half Gallon, 3 ct",15.69,15.69,costco_business_delivery,2025-08-25T23:56:32Z,Dairy & Eggs,True
11537848,"CA Select Farms Pepper Jack Cheese, 30 Slices, 1.5 lbs",5.49,5.49,costco_business_delivery,2025-08-25T23:56:32Z,Dairy & Eggs,True
10263939,"PHILADELPHIA Cream Cheese, Original, 48 oz",10.69,10.69,costco_business_delivery,2025-08-25T23:56:32Z,Dairy & Eggs,True
11537850,"Cheswick Mild Cheddar Cheese, Fancy Shredded, 5 lbs",14.79,14.79,costco_business_delivery,2025-08-25T23:56:32Z,Dairy & Eggs,True
10252802,"Producers Heavy Whipping Cream, Half Gallon",11.79,11.79,costco_business_delivery,2025-08-25T23:56:32Z,Dairy & Eggs,True
100082404,"BelGioioso Fresh Mozzarella Cheese Slices, 16 oz, 2 ct",9.89,9.89,costco_business_delivery,2025-08-25T23:56:32Z,Dairy & Eggs,True
11938074,"Kirkland Signature Butter, Unsalted, Sticks, 1 lb, 4 ct",13.78,13.78,costco_business_delivery,2025-08-25T23:56:32Z,Dairy & Eggs,True
100435366,"Starbucks Liquid Coffee Creamer, Caramel, 58 fl oz",6.49,6.49,costco_business_delivery,2025-08-25T23:56:32Z,Dairy & Eggs,True
2001178239,"Activia Lowfat Yogurt, Variety Pack, 4 oz, 24 ct",7.79,7.79,costco_business_delivery,2025-08-25T23:56:32Z,Dairy & Eggs,True
100384541,"Darigold Low Fat Chocolate Milk, 14 fl oz, 12 ct",19.69,19.69,costco_business_delivery,2025-08-25T23:56:32Z,Dairy & Eggs,True
100278209,"Kirkland Signature Organic Unsweetened Almond Beverage, Vanilla, 32 fl oz, 6 ct",9.99,9.99,costco_business_delivery,2025-08-25T23:56:32Z,Dairy & Eggs,True
11895915,"Nesquik Low-Fat Milk, Chocolate, 14 fl oz, 12 ct",19.89,19.89,costco_business_delivery,2025-08-25T23:56:32Z,Dairy & Eggs,True
11483288,"Mountain High Original Style Plain Yogurt, 64 oz",6.69,6.69,costco_business_delivery,2025-08-25T23:56:32Z,Dairy & Eggs,True
100284580,"Kirkland Signature Large Eggs, Cage Free, 2 Dozen",5.49,5.49,costco_business_delivery,2025-08-25T23:56:32Z,Dairy & Eggs,True
11768271,"Schreiber American Cheese, 120 Slices, 5 lbs",14.59,14.59,costco_business_delivery,2025-08-25T23:56:32Z,Dairy & Eggs,True
2001173696,"Coffee mate Liquid Coffee Creamer, Non-Dairy, Italian Sweet Crème, 66 fl oz",6.69,6.69,costco_business_delivery,2025-08-25T23:56:32Z,Dairy & Eggs,True
100461434,"Nest Medium Eggs, Cage Free, 15 Dozen",38.77,38.77,costco_business_delivery,2025-08-25T23:56:32Z,Dairy & Eggs,True
11315312,"Butter, Salted, Block, 1 lb, 30 ct",98.99,98.99,costco_business_delivery,2025-08-25T23:56:32Z,Dairy & Eggs,True
11949416,"Coffee mate Liquid Coffee Creamer, Non-Dairy, Hazelnut, 50.7 fl oz, Pump Bottle",14.79,14.79,costco_business_delivery,2025-08-25T23:56:32Z,Dairy & Eggs,True
11537862,"North Beach Mozzarella, Shredded, 5 lbs",13.99,13.99,costco_business_delivery,2025-08-25T23:56:32Z,Dairy & Eggs,True
100292053,"Kirkland Signature Liquid Egg Whites, Cage Free, 16 oz, 6 ct",13.59,13.59,costco_business_delivery,2025-08-25T23:56:32Z,Dairy & Eggs,True
11677760,"CA Select Farms Mild Cheddar & Monterey Jack Cheese, Shredded, 5 lbs",14.79,14.79,costco_business_delivery,2025-08-25T23:56:32Z,Dairy & Eggs,True
100158131,"BelGioioso Fresh Mozzarella Snacking Cheese, 1 oz, 24 ct",12.09,12.09,costco_business_delivery,2025-08-25T23:56:32Z,Dairy & Eggs,True
10182106,"Kraft Singles American Cheese, 96 Slices, 4 lbs",14.09,14.09,costco_business_delivery,2025-08-25T23:56:32Z,Dairy & Eggs,True
2001173730,"Coffee mate Liquid Coffee Creamer, Non-Dairy, Zero Sugar, French Vanilla, 66 fl oz",6.69,6.69,costco_business_delivery,2025-08-25T23:56:32Z,Dairy & Eggs,True
2001184388,"Coffee mate Natural Bliss Liquid Coffee Creamer, Sweet Cream, 56 fl oz",6.99,6.99,costco_business_delivery,2025-08-25T23:56:32Z,Dairy & Eggs,True
100435777,"Darigold 2% Reduced Fat Milk, 14 fl oz, 12 ct",19.69,19.69,costco_business_delivery,2025-08-25T23:56:32Z,Dairy & Eggs,True
100403698,"Kirkland Signature Organic Hard-Boiled Eggs, Cage Free, Peeled, 2 pk, 16 ct",14.79,14.79,costco_business_delivery,2025-08-25T23:56:32Z,Dairy & Eggs,True
2001201320,"Silk Soymilk, Original, 32 fl oz, 12 ct",25.79,25.79,costco_business_delivery,2025-08-25T23:56:32Z,Dairy & Eggs,True
100461464,"Extra Large Eggs, Cage Free, 15 Dozen",75.49,75.49,costco_business_delivery,2025-08-25T23:56:32Z,Dairy & Eggs,True
11895930,"Nesquik Low-Fat Milk, Strawberry, 14 fl oz, 12 ct",19.89,19.89,costco_business_delivery,2025-08-25T23:56:32Z,Dairy & Eggs,True
11537851,"Cheswick Mild Cheddar Cheese, 5 lbs",14.89,14.89,costco_business_delivery,2025-08-25T23:56:32Z,Dairy & Eggs,True
11537860,"Cheswick Mild Cheddar Cheese, Shredded, 5 lbs",14.79,14.79,costco_business_delivery,2025-08-25T23:56:32Z,Dairy & Eggs,True
100392698,"Cello Variety Pack, Cracker Cut, Premium Sliced Cheeses, 2 lbs",11.29,11.29,costco_business_delivery,2025-08-25T23:56:32Z,Dairy & Eggs,True
11537866,"Cheswick Pepper Jack Cheese, 5 lbs",15.39,15.39,costco_business_delivery,2025-08-25T23:56:32Z,Dairy & Eggs,True
100435794,"Darigold Whole Milk, 14 fl oz, 12 ct",19.69,19.69,costco_business_delivery,2025-08-25T23:56:32Z,Dairy & Eggs,True
11954589,"Cheswick Sharp Cheddar Cheese, Shredded, 5 lbs",16.39,16.39,costco_business_delivery,2025-08-25T23:56:32Z,Dairy & Eggs,True
2001163880,"Kirkland Signature Organic Whole Milk, 8 fl oz, 18 ct",17.79,17.79,costco_business_delivery,2025-08-25T23:56:32Z,Dairy & Eggs,True
11539707,"North Beach 3 Cheese Blend, Shredded, 5 lbs",14.69,14.69,costco_business_delivery,2025-08-25T23:56:32Z,Dairy & Eggs,True
100275482,"Country Crock Spread, Original, 5 lbs",8.39,8.39,costco_business_delivery,2025-08-25T23:56:32Z,Dairy & Eggs,True
11298354,"El Mexicano Queso Fresco Casero Crumbling Cheese, 4 lbs",16.79,16.79,costco_business_delivery,2025-08-25T23:56:32Z,Dairy & Eggs,True
2001175629,"Grassland Salted Butter Chips, 0.28 oz, 200 ct",17.59,17.59,costco_business_delivery,2025-08-25T23:56:32Z,Dairy & Eggs,True
100288009,"Kraft Grated Parmesan Cheese, 4.5 lbs",25.99,25.99,costco_business_delivery,2025-08-25T23:56:32Z,Dairy & Eggs,True
11542843,"Pacific Cheese Swiss Cheese, 4 lb avg wt",4.19,4.19,costco_business_delivery,2025-08-25T23:56:32Z,Dairy & Eggs,True
100370292,"Horizon Organic Whole Milk, 8 fl oz, 18 ct",21.99,21.99,costco_business_delivery,2025-08-25T23:56:32Z,Dairy & Eggs,True
100422072,"Sargento Balanced Breaks Cheese & Crackers, Variety Pack, 1.5 oz, 12 ct",11.39,11.39,costco_business_delivery,2025-08-25T23:56:35Z,Deli,True
100369005,"Kirkland Signature Cheese, Fruit & Nut Snack Packs, Variety Pack, 1.5 oz, 16 ct",12.19,12.19,costco_business_delivery,2025-08-25T23:56:35Z,Deli,True
100360578,"Sabra Hummus with Pretzels Cup, Classic, 4.56 oz, 12 ct",19.19,19.19,costco_business_delivery,2025-08-25T23:56:35Z,Deli,True
100284892,"Hillshire Snacking Plates, White Cheddar and Genoa Salame, 4 ct",9.99,9.99,costco_business_delivery,2025-08-25T23:56:35Z,Deli,True
100442148,"Kirkland Signature Uncured Extra Lean Ham, Sliced, 1.5 lbs, 2 ct",11.39,11.39,costco_business_delivery,2025-08-25T23:56:35Z,Deli,True
100318552,"BelGioioso Snacking Rolls, Provolone Cheese & Genoa Salame, 1.5 oz, 12 ct",14.09,14.09,costco_business_delivery,2025-08-25T23:56:35Z,Deli,True
11961611,"Wholly Guacamole Classic Guacamole Mini Cup, 2 oz, 20 ct",13.59,13.59,costco_business_delivery,2025-08-25T23:56:35Z,Deli,True
100206091,"Lunchables Cracker Stackers, Ham and Turkey Variety Pack, 6 ct",7.99,7.99,costco_business_delivery,2025-08-25T23:56:35Z,Deli,True
100383044,"Three Bridges Egg Bites, Uncured Bacon & Cheese, 7 ct",22.59,22.59,costco_business_delivery,2025-08-25T23:56:35Z,Deli,True
11986003,"Reser's Potato Salad, 5 lbs",8.29,8.29,costco_business_delivery,2025-08-25T23:56:35Z,Deli,True
100343513,"Kirkland Signature Turkey Breast, Oven Browned, 4 lb avg wt",4.89,4.89,costco_business_delivery,2025-08-25T23:56:35Z,Deli,True
100343530,"House Foods Organic Tofu, Firm, 16 oz, 4 ct",7.99,7.99,costco_business_delivery,2025-08-25T23:56:35Z,Deli,True
11761552,"Hormel Bread Ready Browned Turkey Breast, Sliced, 2 lbs",16.29,16.29,costco_business_delivery,2025-08-25T23:56:35Z,Deli,True
2001176143,"Kirkland Signature Sous Vide Egg Bites, Uncured Bacon & Gouda, 5 ct",14.59,14.59,costco_business_delivery,2025-08-25T23:56:35Z,Deli,True
2001141202,"Three Bridges Egg White Bites, Spinach & Bell Pepper, 4.6 oz, 7 ct",22.59,22.59,costco_business_delivery,2025-08-25T23:56:35Z,Deli,True
11047649,"Salad Bowls, Chicken Caesar, 6.25 oz, 4 ct",12.99,12.99,costco_business_delivery,2025-08-25T23:56:35Z,Deli,True
100339149,"Bar M Black Forest Ham, 9 lb avg wt",2.89,2.89,costco_business_delivery,2025-08-25T23:56:35Z,Deli,True
100273362,"Columbus Italian Dry Salame, Reduced Sodium, Sliced, 16 oz, 2 ct",15.59,15.59,costco_business_delivery,2025-08-25T23:56:35Z,Deli,True
11481577,"Kirkland Signature Oven Roasted Turkey Breast, Sliced, 14 oz, 3 ct",15.79,15.79,costco_business_delivery,2025-08-25T23:56:35Z,Deli,True
10178830,"Foster Farms Turkey Breast, Oil Browned, 8 lb avg wt",4.69,4.69,costco_business_delivery,2025-08-25T23:56:35Z,Deli,True
100407935,"Kirkland Signature Organic Salsa, Medium, 38 oz, 2 ct",11.29,11.29,costco_business_delivery,2025-08-25T23:56:35Z,Deli,True
100359646,"Fratelli Beretta All Natural Prosciutto, Sliced, 16 oz",12.39,12.39,costco_business_delivery,2025-08-25T23:56:35Z,Deli,True
100293172,"Bar M Roast Beef, 6 lb avg wt",5.89,5.89,costco_business_delivery,2025-08-25T23:56:35Z,Deli,True
100293173,"Bar M Deli Pastrami, 6 lb avg wt",5.59,5.59,costco_business_delivery,2025-08-25T23:56:35Z,Deli,True
100443518,"Margherita Hard Salami, Sliced, 2 lbs",10.19,10.19,costco_business_delivery,2025-08-25T23:56:35Z,Deli,True
100362681,"Mount Olive Italian Small Plate, 2.5 oz, 5 ct",14.09,14.09,costco_business_delivery,2025-08-25T23:56:35Z,Deli,True
100330091,"Hillshire Farm Lunchmeat, Sliced, Club Sandwich Variety Pack, 1 lb, 3 ct",16.79,16.79,costco_business_delivery,2025-08-25T23:56:35Z,Deli,True
100461037,"Fresh & Ready Turkey & Cheese Croissant Sandwich, 7 oz, 4 ct",17.99,17.99,costco_business_delivery,2025-08-25T23:56:35Z,Deli,True
11624829,"Hormel Bread Ready Hickory Smoked Turkey Breast, Sliced, 2 lbs",14.79,14.79,costco_business_delivery,2025-08-25T23:56:35Z,Deli,True
100228220,"Fresh & Ready Turkey & Cheese Sandwich on Multigrain, 8.5 oz, 4 ct",15.79,15.79,costco_business_delivery,2025-08-25T23:56:35Z,Deli,True
100420201,"Jongga Kimchi, Sliced Napa Cabbage, 88.1 oz",14.29,14.29,costco_business_delivery,2025-08-25T23:56:35Z,Deli,True
100443541,"Bar M Smoked Canadian Bacon, Sliced, 40 oz",10.19,10.19,costco_business_delivery,2025-08-25T23:56:35Z,Deli,True
11624863,"Hormel BREAD READY Buffet Ham, Sliced, 3 lbs",18.69,18.69,costco_business_delivery,2025-08-25T23:56:35Z,Deli,True
11975863,"Rotisserie Chicken Breast Meat, 46 oz",14.79,14.79,costco_business_delivery,2025-08-25T23:56:35Z,Deli,True
100245382,"Hillshire Farm Naturals Slow Roasted Turkey Breast, 11 oz, 3 ct",14.69,14.69,costco_business_delivery,2025-08-25T23:56:35Z,Deli,True
100228225,"Fresh & Ready Ham & Cheese Sandwich on Multigrain, 8.5 oz, 4 ct",15.59,15.59,costco_business_delivery,2025-08-25T23:56:35Z,Deli,True
100388658,"Farmland Smoked Flat Ham, Hickory Smoked, 11 lb avg wt",3.09,3.09,costco_business_delivery,2025-08-25T23:56:35Z,Deli,True
100339135,"Bar M Honey Ham, 9 lb avg wt",2.89,2.89,costco_business_delivery,2025-08-25T23:56:35Z,Deli,True
100461062,"Fresh & Ready Turkey & Bacon Club Multigrain Sandwich, 7.5 oz, 4 ct",17.99,17.99,costco_business_delivery,2025-08-25T23:56:35Z,Deli,True
100451208,"Taylor Farms Salad Bowl, Fiesta Salad with Chicken, 6.35 oz, 4 ct",13.09,13.09,costco_business_delivery,2025-08-25T23:56:35Z,Deli,True
2001194292,"Sargento Fun! Balanced Breaks, Variety Pack, 2 oz, 8 ct",11.39,11.39,costco_business_delivery,2025-08-25T23:56:35Z,Deli,True
11624864,"Hormel BREAD READY Roast Beef, Sliced, 2 lbs",22.59,22.59,costco_business_delivery,2025-08-25T23:56:35Z,Deli,True
100228244,"Fresh & Ready Garlic Pesto Penne Pasta Salad, 9.5 oz, 6 ct",19.19,19.19,costco_business_delivery,2025-08-25T23:56:35Z,Deli,True
11942778,"Hormel Cooked Ham, 13 lbs",43.99,43.99,costco_business_delivery,2025-08-25T23:56:35Z,Deli,True
100077155,"Claussen Kosher Dill Pickle Spears, Deli-Style, 80 oz",7.99,7.99,costco_business_delivery,2025-08-25T23:56:35Z,Deli,True
10182093,"Foster Farms Turkey Breast, Hickory Smoked, 8 lb avg wt",5.09,5.09,costco_business_delivery,2025-08-25T23:56:35Z,Deli,True
100297860,"Bar M Cooked Corned Beef, 6 lb avg wt",5.59,5.59,costco_business_delivery,2025-08-25T23:56:35Z,Deli,True
100461069,"Fresh & Ready Egg Salad on Wheat Sandwich, 5 oz, 6 ct",19.19,19.19,costco_business_delivery,2025-08-25T23:56:35Z,Deli,True
10178829,"Foster Farms Turkey Breast, Oven Roasted, 9 lb avg wt",3.79,3.79,costco_business_delivery,2025-08-25T23:56:35Z,Deli,True
100240829,"Azuma Gourmet Seaweed Salad, 28 oz",12.39,12.39,costco_business_delivery,2025-08-25T23:56:35Z,Deli,True
11624830,"Hormel BREAD READY Pastrami, Sliced, 2 lbs",22.59,22.59,costco_business_delivery,2025-08-25T23:56:35Z,Deli,True
100441748,"Margherita Pepperoni, Sliced, 12.5 lbs, 2 ct",84.99,84.99,costco_business_delivery,2025-08-25T23:56:35Z,Deli,True
10180817,"Foster Farms Turkey Pastrami, Hickory Smoked, 4 lb avg wt",3.09,3.09,costco_business_delivery,2025-08-25T23:56:35Z,Deli,True
100290868,"Molinari Italian Dry Salami, 3 lb chub",30.19,30.19,costco_business_delivery,2025-08-25T23:56:35Z,Deli,True
10180974,"Bananas, 3 lbs",1.89,1.89,costco_business_delivery,2025-08-25T23:56:37Z,Fresh Produce,True
11576937,"Premium Strawberries, 2 lbs",5.29,5.29,costco_business_delivery,2025-08-25T23:56:37Z,Fresh Produce,True
10179366,"Clementines, 5 lbs",8.29,8.29,costco_business_delivery,2025-08-25T23:56:37Z,Fresh Produce,True
11906534,"Premium Blueberries, 18 oz",5.79,5.79,costco_business_delivery,2025-08-25T23:56:37Z,Fresh Produce,True
10181240,"Romaine Lettuce Hearts, 6 ct",4.99,4.99,costco_business_delivery,2025-08-25T23:56:37Z,Fresh Produce,True
100393285,"Cosmic Crisp Apples, 5 lbs",8.09,8.09,costco_business_delivery,2025-08-25T23:56:37Z,Fresh Produce,True
10178422,Jumbo Seedless Watermelon,6.49,6.49,costco_business_delivery,2025-08-25T23:56:37Z,Fresh Produce,True
100354060,"Fuji Apples, 5 lbs",6.79,6.79,costco_business_delivery,2025-08-25T23:56:37Z,Fresh Produce,True
100453156,"Pink Lady Apples, 4 lbs",3.99,3.99,costco_business_delivery,2025-08-25T23:56:37Z,Fresh Produce,True
100343351,"Organic Baby Carrots, Cut & Peeled, 2 lbs, 2 ct",7.59,7.59,costco_business_delivery,2025-08-25T23:56:37Z,Fresh Produce,True
10182939,"Oranges, 10 lbs",15.29,15.29,costco_business_delivery,2025-08-25T23:56:37Z,Fresh Produce,True
100338663,"Lemons, 5 lbs",7.59,7.59,costco_business_delivery,2025-08-25T23:56:37Z,Fresh Produce,True
11122701,"Organic Baby Spinach, 1 lb",4.89,4.89,costco_business_delivery,2025-08-25T23:56:37Z,Fresh Produce,True
10181741,"Mixed Bell Peppers, 6 ct",7.89,7.89,costco_business_delivery,2025-08-25T23:56:37Z,Fresh Produce,True
10181893,"Grape Tomatoes, Clamshell, 2 lbs",6.89,6.89,costco_business_delivery,2025-08-25T23:56:37Z,Fresh Produce,True
11340978,"Raspberries, 12 oz",4.59,4.59,costco_business_delivery,2025-08-25T23:56:37Z,Fresh Produce,True
100154248,"Limes, 3 lbs",4.99,4.99,costco_business_delivery,2025-08-25T23:56:37Z,Fresh Produce,True
100278652,"Organic Long English Cucumber, 3 ct",7.69,7.69,costco_business_delivery,2025-08-25T23:56:37Z,Fresh Produce,True
100078811,Crownless Pineapple,3.59,3.59,costco_business_delivery,2025-08-25T23:56:37Z,Fresh Produce,True
10178488,"Christopher Ranch Monviso Peeled Garlic, 3 lbs",14.09,14.09,costco_business_delivery,2025-08-25T23:56:37Z,Fresh Produce,True
11313533,"Oranges, 40 lb case",37.99,37.99,costco_business_delivery,2025-08-25T23:56:37Z,Fresh Produce,True
100077591,"Cara Cara Oranges, 5 lbs",10.99,10.99,costco_business_delivery,2025-08-25T23:56:37Z,Fresh Produce,True
11899200,Avocados 6 ct,6.79,6.79,costco_business_delivery,2025-08-25T23:56:37Z,Fresh Produce,True
100228372,"Cantaloupe, 2 ct",6.19,6.19,costco_business_delivery,2025-08-25T23:56:37Z,Fresh Produce,True
100084342,"Tomatoes On The Vine, 4 lbs",7.89,7.89,costco_business_delivery,2025-08-25T23:56:37Z,Fresh Produce,True
100393689,"Organic Green Grapes, Seedless, 3 lbs",8.39,8.39,costco_business_delivery,2025-08-25T23:56:37Z,Fresh Produce,True
11135633,"Loose Large Tomatoes, 25 lbs",23.99,23.99,costco_business_delivery,2025-08-25T23:56:37Z,Fresh Produce,True
10182772,"Cucumbers, 6 ct",8.89,8.89,costco_business_delivery,2025-08-25T23:56:37Z,Fresh Produce,True
100292470,"Organic Celery Sticks, 2.5 lbs",7.19,7.19,costco_business_delivery,2025-08-25T23:56:37Z,Fresh Produce,True
10180999,"Jumbo Yellow Onions, 50 lbs",15.69,15.69,costco_business_delivery,2025-08-25T23:56:37Z,Fresh Produce,True
100087051,"Foodservice Green Onions, 2 lbs",5.49,5.49,costco_business_delivery,2025-08-25T23:56:37Z,Fresh Produce,True
100396112,"Peaches, Yellow, 4 lbs",11.99,11.99,costco_business_delivery,2025-08-25T23:56:37Z,Fresh Produce,True
100396589,"Nectarines, Yellow, 4 lbs",9.79,9.79,costco_business_delivery,2025-08-25T23:56:37Z,Fresh Produce,True
11780554,"Organic Spring Salad Mix, 1 lb",4.89,4.89,costco_business_delivery,2025-08-25T23:56:37Z,Fresh Produce,True
100084343,"Symphony Gourmet Tomato Ensemble Medley, 2 lbs",6.99,6.99,costco_business_delivery,2025-08-25T23:56:37Z,Fresh Produce,True
11753602,"Cilantro, 1 lb",4.09,4.09,costco_business_delivery,2025-08-25T23:56:37Z,Fresh Produce,True
10179298,"Cabbage Coleslaw, 5 lbs",4.99,4.99,costco_business_delivery,2025-08-25T23:56:37Z,Fresh Produce,True
100376925,"Iceberg Lettuce, 2 ct",2.89,2.89,costco_business_delivery,2025-08-25T23:56:37Z,Fresh Produce,True
100378070,"Red Onions, 10 lbs",13.29,13.29,costco_business_delivery,2025-08-25T23:56:37Z,Fresh Produce,True
100314233,"Organic Gala Apples, 3 lbs",5.99,5.99,costco_business_delivery,2025-08-25T23:56:37Z,Fresh Produce,True
11531030,"Jalapeno Peppers, 5 lbs",7.99,7.99,costco_business_delivery,2025-08-25T23:56:37Z,Fresh Produce,True
11775270,"Yellow Onions, 10 lbs",7.99,7.99,costco_business_delivery,2025-08-25T23:56:37Z,Fresh Produce,True
100091325,"Avocados, Stage 2 Ripened, Flat, 35 avg ct",26.99,26.99,costco_business_delivery,2025-08-25T23:56:37Z,Fresh Produce,True
100354101,"Honeycrisp Apples, 5 lbs",12.89,12.89,costco_business_delivery,2025-08-25T23:56:37Z,Fresh Produce,True
11904100,"Lemons, 165 Average ct",37.49,37.49,costco_business_delivery,2025-08-25T23:56:37Z,Fresh Produce,True
2001113111,"Organic Red Grapes, 3 lbs",7.89,7.89,costco_business_delivery,2025-08-25T23:56:37Z,Fresh Produce,True
100441356,"Premium Plums, 3 lbs",7.59,7.59,costco_business_delivery,2025-08-25T23:56:37Z,Fresh Produce,True
100082764,"Organic Mangos, 6 lbs",11.19,11.19,costco_business_delivery,2025-08-25T23:56:37Z,Fresh Produce,True
2001148664,"Baking Potatoes, 10 lbs",5.79,5.79,costco_business_delivery,2025-08-25T23:56:37Z,Fresh Produce,True
100364514,Golden Hami Melon,4.99,4.99,costco_business_delivery,2025-08-25T23:56:37Z,Fresh Produce,True
10178483,"Broccoli Florets, 3 lbs",6.19,6.19,costco_business_delivery,2025-08-25T23:56:37Z,Fresh Produce,True
10178708,"Zucchini, 6 ct",10.09,10.09,costco_business_delivery,2025-08-25T23:56:37Z,Fresh Produce,True
11528404,"Baking Potatoes, 50 lbs",13.99,13.99,costco_business_delivery,2025-08-25T23:56:37Z,Fresh Produce,True
100338636,"Green Bell Peppers, 5 lbs",11.09,11.09,costco_business_delivery,2025-08-25T23:56:37Z,Fresh Produce,True
100338656,"Red Bell Peppers, 5 lbs",13.09,13.09,costco_business_delivery,2025-08-25T23:56:37Z,Fresh Produce,True
100082414,"Strawberries Organic, 2 lbs",8.09,8.09,costco_business_delivery,2025-08-25T23:56:37Z,Fresh Produce,True
11312566,"Roma Tomatoes, 25 lbs",23.79,23.79,costco_business_delivery,2025-08-25T23:56:37Z,Fresh Produce,True
100080983,"Cherries, Clamshell, 2 lbs",8.89,8.89,costco_business_delivery,2025-08-25T23:56:37Z,Fresh Produce,True
100278997,"Organic Premium Mushrooms, Large White, 24 oz",5.99,5.99,costco_business_delivery,2025-08-25T23:56:37Z,Fresh Produce,True
100084195,"Salad Mix, 5 lbs",8.09,8.09,costco_business_delivery,2025-08-25T23:56:37Z,Fresh Produce,True
100295151,"Organic Baby Bella Mushrooms, 24 oz",6.79,6.79,costco_business_delivery,2025-08-25T23:56:37Z,Fresh Produce,True
11657869,"Cocktail Cucumbers, 1.5 lbs",6.79,6.79,costco_business_delivery,2025-08-25T23:56:37Z,Fresh Produce,True
11988037,"Blueberries Organic, 18 oz",6.79,6.79,costco_business_delivery,2025-08-25T23:56:37Z,Fresh Produce,True
11074336,"Mini Seedless Watermelon, 2 ct",7.59,7.59,costco_business_delivery,2025-08-25T23:56:37Z,Fresh Produce,True
10179965,"Mushrooms Sliced White, 2.5 lbs",9.69,9.69,costco_business_delivery,2025-08-25T23:56:37Z,Fresh Produce,True
100383789,"Gold Kiwi, 3 lbs",11.79,11.79,costco_business_delivery,2025-08-25T23:56:37Z,Fresh Produce,True
10179296,"Shredded Lettuce, 5 lbs",7.59,7.59,costco_business_delivery,2025-08-25T23:56:37Z,Fresh Produce,True
100082721,"Sweet Onion, 10 lbs",11.79,11.79,costco_business_delivery,2025-08-25T23:56:37Z,Fresh Produce,True
100082595,"The Little Potato Company Fresh Creamer Potatoes, Variety Pack, 5 lbs",7.29,7.29,costco_business_delivery,2025-08-25T23:56:37Z,Fresh Produce,True
100082531,"Green Cabbage Whole, 3 ct",8.79,8.79,costco_business_delivery,2025-08-25T23:56:37Z,Fresh Produce,True
100082756,"Blackberries Organic, 12 oz",6.59,6.59,costco_business_delivery,2025-08-25T23:56:37Z,Fresh Produce,True
100389240,"Green Kiwi, 3 lbs",9.09,9.09,costco_business_delivery,2025-08-25T23:56:37Z,Fresh Produce,True
100112083,"Organic Brussels Sprouts, 2 lbs",6.89,6.89,costco_business_delivery,2025-08-25T23:56:37Z,Fresh Produce,True
11312584,"Juicer Carrots, 25 lbs",18.39,18.39,costco_business_delivery,2025-08-25T23:56:37Z,Fresh Produce,True
10181236,"Super Sweet Corn, Fully Husked, 8 ct",8.29,8.29,costco_business_delivery,2025-08-25T23:56:37Z,Fresh Produce,True
100420683,"Grapefruit, 5 lbs",5.29,5.29,costco_business_delivery,2025-08-25T23:56:37Z,Fresh Produce,True
100082933,"Organic Cauliflower Florets, 2 lbs",8.59,8.59,costco_business_delivery,2025-08-25T23:56:37Z,Fresh Produce,True
10180592,"Campari Tomatoes, 2 lbs",6.39,6.39,costco_business_delivery,2025-08-25T23:56:37Z,Fresh Produce,True
11780918,"Small Red Potatoes US #1, 10 lbs",11.09,11.09,costco_business_delivery,2025-08-25T23:56:37Z,Fresh Produce,True
11365964,Colossal Garlic 2 lbs,5.89,5.89,costco_business_delivery,2025-08-25T23:56:37Z,Fresh Produce,True
11645499,"Mini Peppers, 1.5 lbs",6.09,6.09,costco_business_delivery,2025-08-25T23:56:37Z,Fresh Produce,True
100246814,"Ginger Root, 3 lbs",11.79,11.79,costco_business_delivery,2025-08-25T23:56:37Z,Fresh Produce,True
100272483,"Organic Green Beans, 2 lbs",6.99,6.99,costco_business_delivery,2025-08-25T23:56:37Z,Fresh Produce,True
100158132,"Organic Asparagus, 2.25 lbs",11.39,11.39,costco_business_delivery,2025-08-25T23:56:37Z,Fresh Produce,True
100078538,"Baby Bok Choy, 2 lbs",8.49,8.49,costco_business_delivery,2025-08-25T23:56:37Z,Fresh Produce,True
100279486,"Tomatillo, 5 lbs",9.09,9.09,costco_business_delivery,2025-08-25T23:56:37Z,Fresh Produce,True
2001130158,"Organic Pitted Medjool Dates, 24 oz",13.59,13.59,costco_business_delivery,2025-08-25T23:56:37Z,Fresh Produce,True
100084929,"Serrano Chile Peppers, 5 lbs",16.39,16.39,costco_business_delivery,2025-08-25T23:56:37Z,Fresh Produce,True
2001187675,"Organic Arugula, 10 oz",4.99,4.99,costco_business_delivery,2025-08-25T23:56:37Z,Fresh Produce,True
100295350,"Cherry Tomatoes on the Vine, 1.5 lbs",9.09,9.09,costco_business_delivery,2025-08-25T23:56:37Z,Fresh Produce,True
11937285,"Power Greens Organic, 1.5 lbs",7.39,7.39,costco_business_delivery,2025-08-25T23:56:37Z,Fresh Produce,True
100279487,"Poblano Peppers, 5 lbs",12.39,12.39,costco_business_delivery,2025-08-25T23:56:37Z,Fresh Produce,True
2001132513,"Fresh Guava, 2 lbs",7.49,7.49,costco_business_delivery,2025-08-25T23:56:37Z,Fresh Produce,True
100385964,"Corona Real Whole Guajillo Hot Chile Pods, 16 oz, 2 ct",12.29,12.29,costco_business_delivery,2025-08-25T23:56:37Z,Fresh Produce,True
100463500,"Hawaiian Papaya, 2 ct",8.19,8.19,costco_business_delivery,2025-08-25T23:56:37Z,Fresh Produce,True
100279468,"Napa Cabbage, 3 ct",9.89,9.89,costco_business_delivery,2025-08-25T23:56:37Z,Fresh Produce,True
2001205912,"Smucker's Uncrustables, Peanut Butter & Grape Jelly Sandwich, 2.4 oz, 24 ct",18.19,18.19,costco_business_delivery,2025-08-25T23:56:41Z,Frozen Foods,True
100273803,"Kirkland Signature Organic Strawberries, 4 lbs",13.59,13.59,costco_business_delivery,2025-08-25T23:56:41Z,Frozen Foods,True
2001205923,"Smucker's Uncrustables, Peanut Butter & Strawberry Jam Sandwich, 2.4 oz, 24 ct",18.19,18.19,costco_business_delivery,2025-08-25T23:56:41Z,Frozen Foods,True
100261908,"Kirkland Signature Three Berry Blend, 4 lbs",12.49,12.49,costco_business_delivery,2025-08-25T23:56:41Z,Frozen Foods,True
100354987,"Jimmy Dean Croissant Sandwich, Sausage, Cage Free Egg & Cheese, 12 ct",12.29,12.29,costco_business_delivery,2025-08-25T23:56:41Z,Frozen Foods,True
11777186,"Wawona Mango Chunks, 10 lbs",31.09,31.09,costco_business_delivery,2025-08-25T23:56:41Z,Frozen Foods,True
11664469,"Flav-R-Pac Whole Kernel Corn, 5 lbs",7.99,7.99,costco_business_delivery,2025-08-25T23:56:41Z,Frozen Foods,True
11978143,"Eggo Waffles, Homestyle, 72 ct",12.69,12.69,costco_business_delivery,2025-08-25T23:56:41Z,Frozen Foods,True
2001127264,"Hot Pockets Premium Pepperoni Pizza, 4.5 oz, 20 ct",13.99,13.99,costco_business_delivery,2025-08-25T23:56:41Z,Frozen Foods,True
11484252,"Flav-R-Pac Broccoli Florets, 3.5 lbs",7.39,7.39,costco_business_delivery,2025-08-25T23:56:41Z,Frozen Foods,True
11025900,"Flav-R-Pac Classic Mixed Vegetables, 5 lbs",7.99,7.99,costco_business_delivery,2025-08-25T23:56:41Z,Frozen Foods,True
11177281,"Tyson 100% All Natural Sausage Patties, 4 lbs",16.79,16.79,costco_business_delivery,2025-08-25T23:56:41Z,Frozen Foods,True
11105148,"Ore-Ida Crispy Tater Tots, 8 lbs",13.09,13.09,costco_business_delivery,2025-08-25T23:56:41Z,Frozen Foods,True
11626527,"Tyson Red Label Diced Chicken Breast, 10 lbs",48.99,48.99,costco_business_delivery,2025-08-25T23:56:41Z,Frozen Foods,True
11893904,"Kirkland Signature IQF Blueberries, 5 lbs",13.79,13.79,costco_business_delivery,2025-08-25T23:56:41Z,Frozen Foods,True
10182018,"Kirkland Signature Meatballs, Italian Style Beef, 6 lbs",22.59,22.59,costco_business_delivery,2025-08-25T23:56:41Z,Frozen Foods,True
10179877,"Flav-R-Pac Peas and Carrots, 5 lbs",7.59,7.59,costco_business_delivery,2025-08-25T23:56:41Z,Frozen Foods,True
100336680,"Kirkland Signature Chicken Bakes, 8 oz, 6 ct",15.49,15.49,costco_business_delivery,2025-08-25T23:56:41Z,Frozen Foods,True
10183711,"Foster Farms Jumbo Chicken Corn Dogs, 28 ct",17.39,17.39,costco_business_delivery,2025-08-25T23:56:41Z,Frozen Foods,True
11664513,"Flav-R-Pac Sweet Green Peas, 5 lbs",8.59,8.59,costco_business_delivery,2025-08-25T23:56:41Z,Frozen Foods,True
100418559,"Kellogg's Eggo Pancakes, Buttermilk, 64 ct",14.99,14.99,costco_business_delivery,2025-08-25T23:56:41Z,Frozen Foods,True
100273862,"Sandwich Bros Chicken Melt Flatbread Pocket Sandwiches, 2.5 oz, 15 ct",13.99,13.99,costco_business_delivery,2025-08-25T23:56:41Z,Frozen Foods,True
11897490,"Flav-R-Pac Cut Green Beans, 5 lbs",8.09,8.09,costco_business_delivery,2025-08-25T23:56:41Z,Frozen Foods,True
100357020,"Jimmy Dean Breakfast Bowl, Meat Lovers, 7 oz, 8 ct",21.59,21.59,costco_business_delivery,2025-08-25T23:56:41Z,Frozen Foods,True
11994453,"Tyson Panko Chicken Nuggets, 5 lbs",15.19,15.19,costco_business_delivery,2025-08-25T23:56:41Z,Frozen Foods,True
11941231,"El Monterey Burritos, Variety, 30 ct",23.19,23.19,costco_business_delivery,2025-08-25T23:56:41Z,Frozen Foods,True
2001153194,"Kirkland Signature Lightly Breaded Chicken Breast Chunks, Boneless Skinless, 4 lbs",18.19,18.19,costco_business_delivery,2025-08-25T23:56:41Z,Frozen Foods,True
100206532,"Kirkland Signature Organic Normandy Vegetable Blend, 5.5 lbs",12.99,12.99,costco_business_delivery,2025-08-25T23:56:41Z,Frozen Foods,True
100358021,"Kirkland Signature Ground Beef Patties, 1/4 lb Patty, 40 ct",51.99,51.99,costco_business_delivery,2025-08-25T23:56:41Z,Frozen Foods,True
100357041,"Jimmy Dean Delights English Muffin, Turkey Sausage, Egg White & Cheese, 12 ct",18.19,18.19,costco_business_delivery,2025-08-25T23:56:41Z,Frozen Foods,True
100445593,"Foster Farms Breaded Chicken Patties, Classic, 1/4 lb, 20 ct",18.19,18.19,costco_business_delivery,2025-08-25T23:56:41Z,Frozen Foods,True
2001158411,"Kirkland Signature Croissant Breakfast Sandwich, Applewood Smoked Bacon, Egg and Cheese, 4.82 oz, 8 ct",18.69,18.69,costco_business_delivery,2025-08-25T23:56:41Z,Frozen Foods,True
11664495,"Flav-R-Pac Diced Red Potatoes, 5 lbs",7.59,7.59,costco_business_delivery,2025-08-25T23:56:41Z,Frozen Foods,True
11617051,"Ore-Ida Golden Hash Brown Patties, 2.8 lbs, 6 ct",34.99,34.99,costco_business_delivery,2025-08-25T23:56:41Z,Frozen Foods,True
11981498,"Pierre Signatures Angus Cheeseburger, 6.2 oz, 8 ct",18.19,18.19,costco_business_delivery,2025-08-25T23:56:41Z,Frozen Foods,True
100113080,"El Monterey Mexican Grill Taquitos, Chicken & Cheese, 51 oz, 30 ct",16.59,16.59,costco_business_delivery,2025-08-25T23:56:41Z,Frozen Foods,True
100448180,"Farm Rich French Toast Sticks, Cinnamon, 48 oz",10.69,10.69,costco_business_delivery,2025-08-25T23:56:41Z,Frozen Foods,True
2001127073,"Hot Pockets Hickory Ham and Cheddar, 4.5 oz, 20 ct",13.99,13.99,costco_business_delivery,2025-08-25T23:56:41Z,Frozen Foods,True
11234632,"Foster Farms Chicken Breasts, Boneless Skinless, 10 lbs",29.39,29.39,costco_business_delivery,2025-08-25T23:56:41Z,Frozen Foods,True
2001185704,"La Boulangerie Smoked Ham & Swiss Cheese Pockets, 3.18 oz, 8 ct",16.19,16.19,costco_business_delivery,2025-08-25T23:56:41Z,Frozen Foods,True
100269982,"Kirkland Signature Stir Fry Vegetable Blend, 5.5 lbs",11.39,11.39,costco_business_delivery,2025-08-25T23:56:41Z,Frozen Foods,True
11942598,"Trident Seafoods The Ultimate Fish Stick, Alaska Pollock, 4 lbs",16.79,16.79,costco_business_delivery,2025-08-25T23:56:41Z,Frozen Foods,True
100421163,"Yummy Dino Buddies Dinosaur-Shaped Chicken Breast Nuggets, 5 lbs",16.29,16.29,costco_business_delivery,2025-08-25T23:56:41Z,Frozen Foods,True
2001169939,"Raybern’s Crafted Sandwiches, Philly Cheesesteak, 5.6 oz, 6 ct",14.79,14.79,costco_business_delivery,2025-08-25T23:56:41Z,Frozen Foods,True
2001123931,"Impossible Burger Patties Made From Plants, 4 oz, 10 ct",18.19,18.19,costco_business_delivery,2025-08-25T23:56:41Z,Frozen Foods,True
11236789,"Red Baron Deep Dish Pizza, Variety Pack, 12 ct",16.29,16.29,costco_business_delivery,2025-08-25T23:56:41Z,Frozen Foods,True
11627055,"Tyson Red Label Golden Crispy Chicken Tenderloins, Uncooked, 10 lbs",31.59,31.59,costco_business_delivery,2025-08-25T23:56:41Z,Frozen Foods,True
11867056,"Sabatasso's Thin Crust Pizza Singles, Variety, 12 ct",14.09,14.09,costco_business_delivery,2025-08-25T23:56:41Z,Frozen Foods,True
11947132,"Ajinomoto Yakisoba with Vegetables, 9 oz, 6 ct",18.19,18.19,costco_business_delivery,2025-08-25T23:56:41Z,Frozen Foods,True
100239399,"Royal Asia Vegetable Spring Rolls With Edamame, 50 ct",11.39,11.39,costco_business_delivery,2025-08-25T23:56:41Z,Frozen Foods,True
100082384,"BIG Ground Beef Patties, 1/3 lb Patty, 30 ct",44.99,44.99,costco_business_delivery,2025-08-25T23:56:41Z,Frozen Foods,True
100279456,"Sabatasso's French Bread Pepperoni Pizza, 9 ct",14.09,14.09,costco_business_delivery,2025-08-25T23:56:41Z,Frozen Foods,True
100363084,"Marie Callender's Chicken Pot Pies, 10 oz, 8 ct",14.99,14.99,costco_business_delivery,2025-08-25T23:56:41Z,Frozen Foods,True
100367675,"Kirkland Signature Chicken Wings, First and Second Sections, 10 lbs",33.79,33.79,costco_business_delivery,2025-08-25T23:56:41Z,Frozen Foods,True
11380983,"Posada Burritos, Shredded Steak & Cheese, 5 oz, 18 ct",19.19,19.19,costco_business_delivery,2025-08-25T23:56:41Z,Frozen Foods,True
10182015,"Kirkland Signature Lean Ground Beef, 91% Lean, 1 lb Chub, 5 ct",33.79,33.79,costco_business_delivery,2025-08-25T23:56:41Z,Frozen Foods,True
2001193727,"Kirkland Signature French Fries, Extra-Crispy, 5 lbs, 6 ct",37.99,37.99,costco_business_delivery,2025-08-25T23:56:41Z,Frozen Foods,True
11617047,"Ore-Ida Hash Browns, Shredded, 3 lbs, 6 ct",28.99,28.99,costco_business_delivery,2025-08-25T23:56:41Z,Frozen Foods,True
100368276,"Kirkland Signature Italian Sausage and Beef Lasagna, 3 lbs, 2 ct",20.19,20.19,costco_business_delivery,2025-08-25T23:56:41Z,Frozen Foods,True
2001184378,"Super Pretzel Soft Pretzels, King Size, 5 oz, 20 ct",12.99,12.99,costco_business_delivery,2025-08-25T23:56:41Z,Frozen Foods,True
11213945,"Posada Chimichangas, Steak & Cheese, 5 oz, 18 ct",19.19,19.19,costco_business_delivery,2025-08-25T23:56:41Z,Frozen Foods,True
11324270,"Smithfield Pork Sausage Links, 10 lbs",39.59,39.59,costco_business_delivery,2025-08-25T23:56:41Z,Frozen Foods,True
2001143791,"Kirkland Signature Cheese Pizza, 18.25 oz, 4 ct",13.39,13.39,costco_business_delivery,2025-08-25T23:56:41Z,Frozen Foods,True
2001183552,"McCain Golden Fry 3/8"" Straight Cut French Fries, 5 lbs, 6 ct",33.99,33.99,costco_business_delivery,2025-08-25T23:56:41Z,Frozen Foods,True
100315295,"Kahiki Chicken Rice Bowl with Teriyaki Sauce, 12.5 oz, 6 ct",18.09,18.09,costco_business_delivery,2025-08-25T23:56:41Z,Frozen Foods,True
2001177420,"Delimex Cocina Burrito Bowl, Chicken Poblano Queso, 10 oz, 5 ct",16.29,16.29,costco_business_delivery,2025-08-25T23:56:41Z,Frozen Foods,True
11680473,"Otis Spunkmeyer Frozen Cookie Dough, Chocolate Chunk, 6 lbs",20.89,20.89,costco_business_delivery,2025-08-25T23:56:41Z,Frozen Foods,True
100383047,"Kirkland Signature Ground Beef Patties, 75% Lean, 1/3 lb Patty, 18 ct",33.79,33.79,costco_business_delivery,2025-08-25T23:56:41Z,Frozen Foods,True
100155416,"Ore-Ida Fast Food French Fries, Extra Crispy, 6 lbs",11.79,11.79,costco_business_delivery,2025-08-25T23:56:41Z,Frozen Foods,True
100453916,"Kirkland Signature Chicken Breasts, Boneless Skinless, 6.5 lbs",21.59,21.59,costco_business_delivery,2025-08-25T23:56:41Z,Frozen Foods,True
11597262,"McCain Harvest Splendor 3/8"" Sweet Potato Fries, 2.5 lbs, 6 ct",39.59,39.59,costco_business_delivery,2025-08-25T23:56:41Z,Frozen Foods,True
11377766,"Farm Rich Battered Mozzarella Cheese Sticks, 3 lbs, 2 ct",21.19,21.19,costco_business_delivery,2025-08-25T23:56:41Z,Frozen Foods,True
2001177010,"Delimex Premium Beef Taquitos, 65 ct",13.59,13.59,costco_business_delivery,2025-08-25T23:56:41Z,Frozen Foods,True
2001139451,"Bachoco USA Halal Coated Jumbo Chicken Wing Sections, Fully Cooked, 10 lbs",46.29,46.29,costco_business_delivery,2025-08-25T23:56:41Z,Frozen Foods,True
100264489,"Kirkland Signature Pepperoni Pizza, Thin Crust, 4 ct",16.39,16.39,costco_business_delivery,2025-08-25T23:56:41Z,Frozen Foods,True
100368415,"Kirkland Signature Chicken Thighs, Boneless Skinless, 6.5 lbs",20.19,20.19,costco_business_delivery,2025-08-25T23:56:41Z,Frozen Foods,True
11629825,"Ore-Ida Crispy Crinkles French Fries, 8 lbs",11.19,11.19,costco_business_delivery,2025-08-25T23:56:41Z,Frozen Foods,True
11184273,"El Monterey Signature Chimichangas, Chicken & Cheese, 5 oz, 18 ct",22.59,22.59,costco_business_delivery,2025-08-25T23:56:41Z,Frozen Foods,True
2001153162,"Au Pain Dore Croissants, All Butter, 2.5 oz, 30 ct",16.79,16.79,costco_business_delivery,2025-08-25T23:56:41Z,Frozen Foods,True
11857273,"Caribbean Food Delights Jamaican Style Spicy Beef Patties, 5 oz, 10 ct",12.99,12.99,costco_business_delivery,2025-08-25T23:56:41Z,Frozen Foods,True
100368247,"Foster Farms Take Out Crispy Chicken Wings, Classic Buffalo, 4 lbs",22.09,22.09,costco_business_delivery,2025-08-25T23:56:41Z,Frozen Foods,True
2001177151,"Ling Ling Potstickers, Chicken & Vegetable, 4.2 lbs",14.59,14.59,costco_business_delivery,2025-08-25T23:56:41Z,Frozen Foods,True
11532193,"MorningStar Farms Chipotle Black Bean Burger, 1/4 lb Patty, 12 ct",13.69,13.69,costco_business_delivery,2025-08-25T23:56:41Z,Frozen Foods,True
2001182114,"Kirkland Signature Chicken Breast Fillets, Lightly Breaded, 48 oz",15.79,15.79,costco_business_delivery,2025-08-25T23:56:41Z,Frozen Foods,True
100075746,"Tyson Panko Breaded Chicken Breast Tenderloins, 5 lbs",20.89,20.89,costco_business_delivery,2025-08-25T23:56:41Z,Frozen Foods,True
11677846,"Yucatan Authentic Guacamole, 6 lbs",24.79,24.79,costco_business_delivery,2025-08-25T23:56:41Z,Frozen Foods,True
2001183532,"McCain Golden Fry 7/16"" Crinkle French Fries, 5 lbs, 6 ct",35.49,35.49,costco_business_delivery,2025-08-25T23:56:41Z,Frozen Foods,True
100367403,"Kirkland Signature Chicken Tenderloins, Boneless Skinless, 6 lbs",20.89,20.89,costco_business_delivery,2025-08-25T23:56:41Z,Frozen Foods,True
2001153139,"Au Pain Dore Demi Baguettes, 5.3 oz, 20 ct",15.19,15.19,costco_business_delivery,2025-08-25T23:56:41Z,Frozen Foods,True
11324796,"Kirkland Signature Farm-Raised Raw Shrimp, Tail-On, Peeled, Deveined, 21-25 ct, 2 lbs",16.69,16.69,costco_business_delivery,2025-08-25T23:56:41Z,Frozen Foods,True
11594723,"Brew City Beer Battered Onion Rings, Thick Cut, 40 oz",11.09,11.09,costco_business_delivery,2025-08-25T23:56:41Z,Frozen Foods,True
100330156,"Wawona Festival Fruit Blend, 10 lbs",28.69,28.69,costco_business_delivery,2025-08-25T23:56:41Z,Frozen Foods,True
100386188,"Yucatan Avocado Halves, 3 lbs",13.59,13.59,costco_business_delivery,2025-08-25T23:56:41Z,Frozen Foods,True
11094594,"Kirkland Signature Farm-Raised Cooked Shrimp, Tail-On, Peeled, Deveined, 31-40 ct, 2 lbs",17.49,17.49,costco_business_delivery,2025-08-25T23:56:41Z,Frozen Foods,True
11827063,"Wawona Pineapple Chunks, 10 lbs",27.69,27.69,costco_business_delivery,2025-08-25T23:56:41Z,Frozen Foods,True
100245970,"Philly's Best Steak Beef Sandwich Steaks, 4 oz Portion, 10 lbs",52.99,52.99,costco_business_delivery,2025-08-25T23:56:41Z,Frozen Foods,True
100396872,"Fairlife Protein Shake, Chocolate, 11.5 fl oz, 18 ct",38.39,38.39,costco_business_delivery,2025-08-25T23:56:43Z,Health & Beauty,True
100422260,"Kirkland Signature Baby Wipes, Fragrance Free, 900 ct",24.99,24.99,costco_business_delivery,2025-08-25T23:56:43Z,Health & Beauty,True
100284820,"Premier Protein Shake, 30g Protein, Vanilla, 11 fl oz, 18 ct",36.19,36.19,costco_business_delivery,2025-08-25T23:56:43Z,Health & Beauty,True
100284815,"Premier Protein Shake, 30g Protein, Chocolate, 11 fl oz, 18 ct",36.19,36.19,costco_business_delivery,2025-08-25T23:56:43Z,Health & Beauty,True
100379089,"Premier Protein Shake, 30g Protein, Cafe Latte, 11 fl oz, 18 ct",36.19,36.19,costco_business_delivery,2025-08-25T23:56:43Z,Health & Beauty,True
2001201605,"Liquid I.V. Hydration Multiplier Electrolyte Drink Mix, Sugar Free, Variety Pack, 0.45 oz, 30 ct",32.79,32.79,costco_business_delivery,2025-08-25T23:56:43Z,Health & Beauty,True
2001138408,"Fairlife Core Power High Protein Shake, 26g Protein, Chocolate, 14 fl oz, 10 ct",32.29,32.29,costco_business_delivery,2025-08-25T23:56:43Z,Health & Beauty,True
2001201622,"Liquid I.V. Hydration Multiplier Electrolyte Drink Mix, Variety Pack, 0.56 oz, 30 ct",33.79,33.79,costco_business_delivery,2025-08-25T23:56:43Z,Health & Beauty,True
2001183289,"Nurri Ultra-Filtered Milk Shake, 30g Protein, Chocolate, 11 fl oz, 12 ct",22.59,22.59,costco_business_delivery,2025-08-25T23:56:43Z,Health & Beauty,True
100320566,"Orgain Organic Protein + 50 Superfoods Plant Based Protein Powder, 21g Protein, Vanilla Bean, 2.7 lbs",38.39,38.39,costco_business_delivery,2025-08-25T23:56:43Z,Health & Beauty,True
100314490,"Premier Protein Shake, 30g Protein, Strawberries and Cream, 11 fl oz, 18 ct",36.19,36.19,costco_business_delivery,2025-08-25T23:56:43Z,Health & Beauty,True
100456377,"Muscle Milk Genuine Protein Shake, 25g Protein, Zero Sugar, Chocolate, 11 fl oz, 18 ct",29.19,29.19,costco_business_delivery,2025-08-25T23:56:43Z,Health & Beauty,True
2001197866,"Premier Protein Shake, 30g Protein, Cookie Dough, 11 fl oz, 18 ct",36.19,36.19,costco_business_delivery,2025-08-25T23:56:43Z,Health & Beauty,True
100404457,"Premier Protein Shake, 30g Protein, Chocolate Peanut Butter, 11 fl oz, 18 ct",36.19,36.19,costco_business_delivery,2025-08-25T23:56:43Z,Health & Beauty,True
2001178605,"Orgain 30g Protein Shake, Chocolate Fudge, 11 fl oz, 18 ct",34.19,34.19,costco_business_delivery,2025-08-25T23:56:43Z,Health & Beauty,True
2001193196,"Nurri Ultra-Filtered Milk Shake, 30g Protein, Vanilla, 11 fl oz, 12 ct",22.59,22.59,costco_business_delivery,2025-08-25T23:56:43Z,Health & Beauty,True
100316920,"Huggies Plus Natural Care Baby Wipes, Unscented, Disney Baby Designs, 1152 Wipes",33.99,33.99,costco_business_delivery,2025-08-25T23:56:43Z,Health & Beauty,True
2001202898,"Spylt Caffeinated Protein Milk, Cookies and Cream, 11 fl oz, 15 ct",31.59,31.59,costco_business_delivery,2025-08-25T23:56:43Z,Health & Beauty,True
100344790,"ChapStick Moisturizer Lip Balm, Original, 0.15 oz, 12 ct",15.79,15.79,costco_business_delivery,2025-08-25T23:56:43Z,Health & Beauty,True
2001180923,"Liquid I.V. Hydration Multiplier + Energy Electrolyte Drink Mix, Blackberry Peach, 0.56 oz, 26 ct",32.79,32.79,costco_business_delivery,2025-08-25T23:56:43Z,Health & Beauty,True
2001173734,"Liquid I.V. Hydration Multiplier Electrolyte Drink Mix, Popsicle Firecracker, 0.56 oz, 30 ct",32.79,32.79,costco_business_delivery,2025-08-25T23:56:43Z,Health & Beauty,True
11240530,"Zipfizz Vitamin Energy Hydration Drink Mix, Variety Pack, 30 ct",33.79,33.79,costco_business_delivery,2025-08-25T23:56:43Z,Health & Beauty,True
2001188936,"Celsius Live Fit Essential Energy Drink Mix, Variety Pack, 30 ct",11.77,11.77,costco_business_delivery,2025-08-25T23:56:43Z,Health & Beauty,True
100399855,"Orgain Organic Protein + 50 Superfoods Plant Based Protein Powder, 21g Protein, Creamy Chocolate Fudge, 2.64 lbs",38.39,38.39,costco_business_delivery,2025-08-25T23:56:43Z,Health & Beauty,True
2001200726,"Spylt Caffeinated Protein Milk, Chocolate, 11 fl oz, 15 ct",31.59,31.59,costco_business_delivery,2025-08-25T23:56:43Z,Health & Beauty,True
health-beauty,"Q-tips Cotton Swabs, 1875 ct",11.39,11.39,costco_business_delivery,2025-08-25T23:56:43Z,Health & Beauty,True
11954659,"Listerine Ultraclean Mouthwash, Cool Mint, 1.5 L, 2 ct",16.69,16.69,costco_business_delivery,2025-08-25T23:56:43Z,Health & Beauty,True
2001153929,"Aveeno Daily Moisturizing Body Lotion, Fragrance Free, 24 fl oz, 2 ct",20.19,20.19,costco_business_delivery,2025-08-25T23:56:43Z,Health & Beauty,True
100353572,"Vital Proteins Collagen Peptides, Unflavored, 24 oz",27.79,27.79,costco_business_delivery,2025-08-25T23:56:43Z,Health & Beauty,True
100344811,"ChapStick Lip Balm, Classic Strawberry, 0.15 oz, 12 ct",15.79,15.79,costco_business_delivery,2025-08-25T23:56:43Z,Health & Beauty,True
10184901,"HALLS Relief Cough Drops, Triple Soothing Action, Honey Lemon, 20 ct",22.79,22.79,costco_business_delivery,2025-08-25T23:56:43Z,Health & Beauty,True
100344808,"ChapStick Lip Balm, Original, 0.15 oz, 12 ct",15.79,15.79,costco_business_delivery,2025-08-25T23:56:43Z,Health & Beauty,True
2001196951,"Huggies Plus Little Movers Diapers, Disney Baby, Size 5, 156 ct",49.99,49.99,costco_business_delivery,2025-08-25T23:56:43Z,Health & Beauty,True
2001196889,"Huggies Plus Little Movers Diapers, Disney Baby, Size 6, 126 ct",49.99,49.99,costco_business_delivery,2025-08-25T23:56:43Z,Health & Beauty,True
100393001,"Crest Complete Toothpaste Plus Scope, Advanced Freshness, 8.2 oz, 5 ct",12.79,12.79,costco_business_delivery,2025-08-25T23:56:43Z,Health & Beauty,True
2001182020,"Premier Protein Shake, 30g Protein, Limited Edition Pumpkin Spice, 11 fl oz, 18 ct",36.19,36.19,costco_business_delivery,2025-08-25T23:56:43Z,Health & Beauty,True
2001191733,"Kirkland Signature Diapers, Size 6, 132 ct",39.99,39.99,costco_business_delivery,2025-08-25T23:56:43Z,Health & Beauty,True
2001191753,"Kirkland Signature Diapers, Size 5, 168 ct",39.99,39.99,costco_business_delivery,2025-08-25T23:56:43Z,Health & Beauty,True
2001203004,"Joyburst Protein Coffee Beverage, Dark Roast, 11 fl oz, 18 ct",36.19,36.19,costco_business_delivery,2025-08-25T23:56:43Z,Health & Beauty,True
2001169495,"Old Spice Deodorant for Men, Pure Sport High Endurance, 3 oz, 5 ct",11.79,11.79,costco_business_delivery,2025-08-25T23:56:43Z,Health & Beauty,True
100341112,"Ensure Original Nutrition Shake, Milk Chocolate, 8 fl oz, 30 ct",49.99,49.99,costco_business_delivery,2025-08-25T23:56:43Z,Health & Beauty,True
2001173983,"Premier Protein Shake, 30g Protein, Limited Edition Root Beer Float, 11 fl oz, 18 ct",36.19,36.19,costco_business_delivery,2025-08-25T23:56:43Z,Health & Beauty,True
100463784,"Crest 3D White Advanced Whitening Toothpaste, 5.2 oz, 5 ct",18.19,18.19,costco_business_delivery,2025-08-25T23:56:43Z,Health & Beauty,True
10181759,"HALLS Relief Cough Drops, Triple Soothing Action, Cherry, 20 ct",22.79,22.79,costco_business_delivery,2025-08-25T23:56:43Z,Health & Beauty,True
100344788,"ChapStick Lip Balm, Classic Cherry, 0.15 oz, 12 ct",15.79,15.79,costco_business_delivery,2025-08-25T23:56:43Z,Health & Beauty,True
2001196912,"Huggies Plus Little Movers Diapers, Disney Baby, Size 4, 180 ct",49.99,49.99,costco_business_delivery,2025-08-25T23:56:43Z,Health & Beauty,True
100377094,"Dove Beauty Bar Soap, Original, 3.75 oz, 16 ct",20.89,20.89,costco_business_delivery,2025-08-25T23:56:43Z,Health & Beauty,True
2001164011,"PBfit Organic Peanut Butter Powder, 30 oz",15.79,15.79,costco_business_delivery,2025-08-25T23:56:43Z,Health & Beauty,True
2001166558,"Head & Shoulders 2-in-1 Dandruff Shampoo and Conditioner Advanced Scalp Care with Aloe Vera, Coconut Water & Vitamins, 40 fl oz",12.29,12.29,costco_business_delivery,2025-08-25T23:56:43Z,Health & Beauty,True
100346962,"Colgate Total Toothpaste, 6.4 oz, 5 ct",19.19,19.19,costco_business_delivery,2025-08-25T23:56:43Z,Health & Beauty,True
10178504,"Halls Cough Drops, Mentho-Lyptus, 20 ct",22.79,22.79,costco_business_delivery,2025-08-25T23:56:43Z,Health & Beauty,True
2001139878,"Crest Pro-Health Mouthwash with Fluoride, Advanced Complete Care, 33.8 fl oz, 3 ct",11.39,11.39,costco_business_delivery,2025-08-25T23:56:43Z,Health & Beauty,True
health-beauty,"Orgain Creatine, Unflavored, 23.8 oz",22.59,22.59,costco_business_delivery,2025-08-25T23:56:43Z,Health & Beauty,True
2001191766,"Kirkland Signature Diapers, Size 4, 198 ct",39.99,39.99,costco_business_delivery,2025-08-25T23:56:43Z,Health & Beauty,True
100341131,"Ensure Original Nutrition Shake, Vanilla, 8 fl oz, 30 ct",49.99,49.99,costco_business_delivery,2025-08-25T23:56:43Z,Health & Beauty,True
11164373,"Carmex Classic Lip Balm, 0.35 oz, 12 ct",15.79,15.79,costco_business_delivery,2025-08-25T23:56:43Z,Health & Beauty,True
2001169388,"Bic Sensitive 3 Razors, 3 Blades, Lubricating Strip, Pivoting Head, 24 ct",22.59,22.59,costco_business_delivery,2025-08-25T23:56:43Z,Health & Beauty,True
2001171395,"Dove Advanced Care Invisible+ Antiperspirant Deodorant Stick, Cucumber & Cactus Water, 2.6 oz, 4 ct",15.69,15.69,costco_business_delivery,2025-08-25T23:56:43Z,Health & Beauty,True
2001147522,"Pantene Multi-Tasker 10 in 1 Shampoo, 38.2 fl oz",11.79,11.79,costco_business_delivery,2025-08-25T23:56:43Z,Health & Beauty,True
2001189164,"Oral-B Glide Floss, Advanced Bacterial Defense, 6 ct",12.79,12.79,costco_business_delivery,2025-08-25T23:56:43Z,Health & Beauty,True
100377127,"Dove Sensitive Skin Beauty Bar Soap, Hypo-Allergenic, 3.75 oz, 16 ct",20.89,20.89,costco_business_delivery,2025-08-25T23:56:43Z,Health & Beauty,True
2001138473,"Liquid I.V. Hydration Multiplier Electrolyte Drink Mix, Variety Pack, 0.56 oz, 30 ct",32.79,32.79,costco_business_delivery,2025-08-25T23:56:43Z,Health & Beauty,True
100446119,"Kirkland Signature ProCare Infant Formula Milk-Based Powder with Iron, 42 oz",28.77,28.77,costco_business_delivery,2025-08-25T23:56:43Z,Health & Beauty,True
2001147668,"Nestle Nido Fortificada Dry Whole Milk, 4.85 lbs",25.99,25.99,costco_business_delivery,2025-08-25T23:56:43Z,Health & Beauty,True
100082073,"Huggies Plus Little Snugglers Diapers, Disney Baby, Size 2, 174 ct",39.99,39.99,costco_business_delivery,2025-08-25T23:56:43Z,Health & Beauty,True
2001167055,"Zena Greens Organic Supergreens Fruits & Vegetables, Mixed Berry, 45 ct",32.59,32.59,costco_business_delivery,2025-08-25T23:56:43Z,Health & Beauty,True
100401847,"Kirkland Signature Moisture Shampoo, Nourish + Hydrate, 33.8 fl oz",11.39,11.39,costco_business_delivery,2025-08-25T23:56:43Z,Health & Beauty,True
100457816,"Degree Men UltraClear+ Antiperspirant Deodorant, Black & White, 2.7 oz, 5 ct",13.79,13.79,costco_business_delivery,2025-08-25T23:56:43Z,Health & Beauty,True
2001181864,"Burt’s Bees Beeswax Lip Balm, 0.15 oz, 10 ct",28.19,28.19,costco_business_delivery,2025-08-25T23:56:43Z,Health & Beauty,True
2001178025,"Kirkland Signature Whey Protein Powder, Creamy Chocolate, 5.4 lbs",54.99,54.99,costco_business_delivery,2025-08-25T23:56:43Z,Health & Beauty,True
2001196923,"Huggies Plus Little Movers Diapers, Disney Baby, Size 3, 204 ct",49.99,49.99,costco_business_delivery,2025-08-25T23:56:43Z,Health & Beauty,True
2001147532,"Pantene Multi-Tasker 10 in 1 Conditioner, 38.2 fl oz",11.79,11.79,costco_business_delivery,2025-08-25T23:56:43Z,Health & Beauty,True
100082079,"Huggies Plus Little Snugglers Diapers, Disney Baby, Size 1, 192 ct",39.99,39.99,costco_business_delivery,2025-08-25T23:56:43Z,Health & Beauty,True
2001197094,"Dove Deep Moisture Body Wash, 23 fl oz, 3 ct",20.19,20.19,costco_business_delivery,2025-08-25T23:56:43Z,Health & Beauty,True
100348675,"Olay Ultra Moisture Advanced Plus Body Wash, 23.6 fl oz, 3 ct",13.69,13.69,costco_business_delivery,2025-08-25T23:56:43Z,Health & Beauty,True
100153123,"Swisspers Premium Cotton Rounds, 900 ct",14.79,14.79,costco_business_delivery,2025-08-25T23:56:43Z,Health & Beauty,True
100427655,"Kirkland Signature Liquid Body Wash, Citrus, 27 fl oz, 2 ct",11.59,11.59,costco_business_delivery,2025-08-25T23:56:43Z,Health & Beauty,True
100442750,"Irish Spring Bar Soap, Original, 4.5 oz, 20 ct",13.99,13.99,costco_business_delivery,2025-08-25T23:56:43Z,Health & Beauty,True
100461005,"Kirkland Signature Baby Wipes, Fresh Spring Scent, 900 ct",24.99,24.99,costco_business_delivery,2025-08-25T23:56:43Z,Health & Beauty,True
2001152865,"Neutrogena Hydro Boost Water Cream, 1.7 fl oz, 2 ct",33.79,33.79,costco_business_delivery,2025-08-25T23:56:43Z,Health & Beauty,True
2001163601,"Kirkland Signature Daily Makeup Remover Towelettes, 180 ct",15.99,15.99,costco_business_delivery,2025-08-25T23:56:43Z,Health & Beauty,True
100402088,"Kirkland Signature Moisture Conditioner, Nourish + Hydrate, 33.8 fl oz",11.39,11.39,costco_business_delivery,2025-08-25T23:56:43Z,Health & Beauty,True
2001122867,"Cetaphil Moisturizing Cream Ultimate with Prebiotic Aloe, Very Dry to Dry Sensitive Skin, 20 oz + 16 oz",22.59,22.59,costco_business_delivery,2025-08-25T23:56:43Z,Health & Beauty,True
2001124135,"Cetaphil Moisturizing Lotion, Dry to Normal Sensitive Skin, 20 fl oz, 2 ct",22.59,22.59,costco_business_delivery,2025-08-25T23:56:43Z,Health & Beauty,True
100376162,"Kirkland Signature Bar Soap with Shea Butter, 4.5 oz, 15 ct",15.29,15.29,costco_business_delivery,2025-08-25T23:56:43Z,Health & Beauty,True
2001169410,"Bic Soleil Simply Smooth Disposable Razors, 3 Blades, Variety Pack, 24 ct",22.59,22.59,costco_business_delivery,2025-08-25T23:56:43Z,Health & Beauty,True
2001169088,"Neutrogena Makeup Remover Towelettes, 125 ct",22.59,22.59,costco_business_delivery,2025-08-25T23:56:43Z,Health & Beauty,True
2001122480,"Nexxus Advanced Therappe Shampoo and Humectress Conditioner, 32 fl oz, 2 ct",33.79,33.79,costco_business_delivery,2025-08-25T23:56:43Z,Health & Beauty,True
2001196468,"AG1 Greens Powder Supplement, 0.42 oz, 40 ct",77.99,77.99,costco_business_delivery,2025-08-25T23:56:43Z,Health & Beauty,True
100342526,"PediaSure Grow & Gain OptiGRO Plus Shake, Vanilla, 8 fl oz, 24 ct",34.99,34.99,costco_business_delivery,2025-08-25T23:56:43Z,Health & Beauty,True
100400400,"Gillette Ultimate Protection Antiperspirant Deodorant, Non-Irritant Cool Wave, 3.8 oz, 5 ct",15.19,15.19,costco_business_delivery,2025-08-25T23:56:43Z,Health & Beauty,True
100241591,"Nestle Nido Toddler Milk Beverage, Kinder 1 Plus, 4.85 lbs",28.69,28.69,costco_business_delivery,2025-08-25T23:56:43Z,Health & Beauty,True
2001177075,"Midol Complete Acetaminophen Caplets, 2 caplets, 25 ct",14.79,14.79,costco_business_delivery,2025-08-25T23:56:43Z,Health & Beauty,True
2001174530,"Aleve Naproxen Sodium Caplets, 220 mg, 60 ct",16.79,16.79,costco_business_delivery,2025-08-25T23:56:43Z,Health & Beauty,True
2001191864,"DayQuil Severe Cold & Flu Fast Relief Liquid, 1 fl oz, 8 ct",22.59,22.59,costco_business_delivery,2025-08-25T23:56:43Z,Health & Beauty,True
11601806,"Advil Ibuprofen 200 mg, Pain Reliever and Fever Reducer, 360 Tablets",22.59,22.59,costco_business_delivery,2025-08-25T23:56:43Z,Health & Beauty,True
11904221,"Kirkland Signature Ground Beef, 80% Lean, 10 lb avg wt",4.59,4.59,costco_business_delivery,2025-08-25T23:56:46Z,Meat & Seafood,True
11896624,"Kirkland Signature Beef Hot Dogs, 12 Links, 1.5 lbs, 3 ct",22.59,22.59,costco_business_delivery,2025-08-25T23:56:46Z,Meat & Seafood,True
100462467,"Kirkland Signature Fully-Cooked Bacon, Hickory Wood Smoked, 1 lb",19.19,19.19,costco_business_delivery,2025-08-25T23:56:46Z,Meat & Seafood,True
100341854,"Kirkland Signature Chicken Breasts, Boneless Skinless, 6 lb avg wt",3.19,3.19,costco_business_delivery,2025-08-25T23:56:46Z,Meat & Seafood,True
11906219,"Kirkland Signature Smoked Salmon, 12 oz, 2 ct",27.19,27.19,costco_business_delivery,2025-08-25T23:56:46Z,Meat & Seafood,True
2001195863,"Case Sale Disjointed Chicken Wings with Tip Removed, 7-11 Wings, 40 lbs",87.99,87.99,costco_business_delivery,2025-08-25T23:56:46Z,Meat & Seafood,True
2001209174,"Case Sale Jumbo Chicken Thighs, Boneless Skinless, 40 lb",92.59,92.59,costco_business_delivery,2025-08-25T23:56:46Z,Meat & Seafood,True
11467741,"Kirkland Signature Beef Dinner Franks, Costco's 1/4 lb Plus, 14 Links, 3.81 lbs",19.09,19.09,costco_business_delivery,2025-08-25T23:56:46Z,Meat & Seafood,True
11500824,"Jimmy Dean Fresh Pork Sausage, 3 lbs",11.99,11.99,costco_business_delivery,2025-08-25T23:56:46Z,Meat & Seafood,True
11904219,"Kirkland Signature Ground Beef, 73% Lean, 10 lb avg wt",4.29,4.29,costco_business_delivery,2025-08-25T23:56:46Z,Meat & Seafood,True
11673537,"Daily's 3/8"" Fully-Cooked Diced Bacon Bits, 10 lbs",73.99,73.99,costco_business_delivery,2025-08-25T23:56:46Z,Meat & Seafood,True
11657313,"Daily's Special Slab Fully-Cooked Bacon, 300 ct",56.79,56.79,costco_business_delivery,2025-08-25T23:56:46Z,Meat & Seafood,True
11949347,"Kirkland Signature Ground Beef, 90% Lean, 10 lb avg wt",5.09,5.09,costco_business_delivery,2025-08-25T23:56:46Z,Meat & Seafood,True
11484666,"Tarantino Ground Pork, 4 lbs",10.39,10.39,costco_business_delivery,2025-08-25T23:56:46Z,Meat & Seafood,True
2001134165,"Kirkland Signature Sliced Bacon, Hickory Smoked, 1 lb, 4 ct",22.59,22.59,costco_business_delivery,2025-08-25T23:56:46Z,Meat & Seafood,True
2001195813,"Case Sale Chicken Thighs Bone-In, 40 lbs",53.59,53.59,costco_business_delivery,2025-08-25T23:56:46Z,Meat & Seafood,True
11757150,"Evergood Louisiana Brand Hot Link Sausage, 12 Links, 3 lbs",13.79,13.79,costco_business_delivery,2025-08-25T23:56:46Z,Meat & Seafood,True
2001148009,"Swift Commodity Pork Shoulder Butt, Boneless, 17 lb avg wt",2.59,2.59,costco_business_delivery,2025-08-25T23:56:46Z,Meat & Seafood,True
100341867,"Kirkland Signature Chicken Thighs, Boneless Skinless, 8 lb avg wt",3.19,3.19,costco_business_delivery,2025-08-25T23:56:46Z,Meat & Seafood,True
2001195825,"Case Sale Chicken Breasts, Boneless Skinless, 40 lbs",101.59,101.59,costco_business_delivery,2025-08-25T23:56:46Z,Meat & Seafood,True
11467742,"Kirkland Signature Beef Polish Sausage, Costco's 1/4 lb Plus, 14 Links, 3.81 lbs",19.09,19.09,costco_business_delivery,2025-08-25T23:56:46Z,Meat & Seafood,True
100078409,"Hebrew National 100% Kosher Beef Franks, 12 oz, 4 ct",15.69,15.69,costco_business_delivery,2025-08-25T23:56:46Z,Meat & Seafood,True
100076691,"USDA Choice Commodity Beef Brisket, 18 lb avg wt",5.59,5.59,costco_business_delivery,2025-08-25T23:56:46Z,Meat & Seafood,True
2001209140,"Case Sale Jumbo Halal Chicken Breast, Boneless, Skinless, 40 lbs",108.59,108.59,costco_business_delivery,2025-08-25T23:56:46Z,Meat & Seafood,True
100367947,"Columbus Uncured Turkey Bacon, Hickory Smoked, Sliced, 2.5 lbs",16.79,16.79,costco_business_delivery,2025-08-25T23:56:46Z,Meat & Seafood,True
100396907,"Halal Ground Beef, 80% Lean, 3 lbs",17.64,17.64,costco_business_delivery,2025-08-25T23:56:46Z,Meat & Seafood,True
11148508,"Aidells Smoked Chicken Sausage, Chicken & Apple, 3 lbs",16.79,16.79,costco_business_delivery,2025-08-25T23:56:46Z,Meat & Seafood,True
100080403,"Kirkland Signature Halal Leg of Lamb, Boneless, 5 lb avg wt",6.09,6.09,costco_business_delivery,2025-08-25T23:56:46Z,Meat & Seafood,True
11987146,"Kirkland Signature Beef Dinner Franks, Costco's 1/4 lb Plus, 120 Links, 32.52 lbs",119.79,119.79,costco_business_delivery,2025-08-25T23:56:46Z,Meat & Seafood,True
2001201214,"Norbest Fresh Ground Turkey, 93% Lean, 1.7 lbs, 4 ct",26.79,26.79,costco_business_delivery,2025-08-25T23:56:46Z,Meat & Seafood,True
11547339,"USDA Choice Beef Lip-On Ribeye, 19 lb avg wt",13.99,13.99,costco_business_delivery,2025-08-25T23:56:46Z,Meat & Seafood,True
100311918,"Kirkland Signature Original Bratwurst, 14 ct, 3.5 lbs",13.59,13.59,costco_business_delivery,2025-08-25T23:56:46Z,Meat & Seafood,True
100341884,"Kirkland Signature Chicken Thighs, 10 lb avg wt",1.99,1.99,costco_business_delivery,2025-08-25T23:56:46Z,Meat & Seafood,True
11956035,"Tarantino Breakfast Pork Sausage Links, 5 lbs",16.49,16.49,costco_business_delivery,2025-08-25T23:56:46Z,Meat & Seafood,True
2001148106,"Swift Pork Belly, Boneless, 11 lb avg wt",4.39,4.39,costco_business_delivery,2025-08-25T23:56:46Z,Meat & Seafood,True
11671651,"Reynaldo's Pork Chorizo, 3 lbs",7.09,7.09,costco_business_delivery,2025-08-25T23:56:46Z,Meat & Seafood,True
2001171642,"Kirkland Signature Chicken Sausage Links, Parmesan & Cracked Black Pepper, 48 oz",14.79,14.79,costco_business_delivery,2025-08-25T23:56:46Z,Meat & Seafood,True
2001163735,"Sunnyvalley Applewood Smoked Bacon, Sliced, 5 lbs",30.59,30.59,costco_business_delivery,2025-08-25T23:56:46Z,Meat & Seafood,True
2001195837,"Case Sale Chicken Drumsticks, 40 lbs",37.59,37.59,costco_business_delivery,2025-08-25T23:56:46Z,Meat & Seafood,True
100315406,"Swift Pork Loin, Strap On, Boneless",2.79,2.79,costco_business_delivery,2025-08-25T23:56:46Z,Meat & Seafood,True
100082832,"USDA Select Beef Eye of Round, 6 lb avg wt",5.29,5.29,costco_business_delivery,2025-08-25T23:56:46Z,Meat & Seafood,True
11547489,"USDA Choice Beef New York Strip, 18 lb avg wt",9.89,9.89,costco_business_delivery,2025-08-25T23:56:46Z,Meat & Seafood,True
100076165,"Kirkland Signature Halal Frenched Rack of Lamb, 2 lb avg wt",16.09,16.09,costco_business_delivery,2025-08-25T23:56:46Z,Meat & Seafood,True
11340480,"Kirkland Signature Chicken Thighs, 10 lb avg wt",1.99,1.99,costco_business_delivery,2025-08-25T23:56:46Z,Meat & Seafood,True
100316807,"Halal Beef Chuck Roll, 14 lb avg wt",5.59,5.59,costco_business_delivery,2025-08-25T23:56:46Z,Meat & Seafood,True
10181082,"Pilgrim's Farms Young Chicken Whole Fryers, 2 ct, 14 lb avg wt",1.19,1.19,costco_business_delivery,2025-08-25T23:56:46Z,Meat & Seafood,True
2001139265,"Kirkland Signature Thick Sliced Bacon, Center Cut, 1.5 lbs, 2 ct",18.19,18.19,costco_business_delivery,2025-08-25T23:56:46Z,Meat & Seafood,True
11340509,"Kirkland Signature Chicken Thighs, Boneless Skinless, 9 lb avg wt",3.19,3.19,costco_business_delivery,2025-08-25T23:56:46Z,Meat & Seafood,True
100115175,"USDA Choice Beef Short Ribs, 16 lb avg wt",6.69,6.69,costco_business_delivery,2025-08-25T23:56:46Z,Meat & Seafood,True
11962319,"USDA Choice Diced Lifter Meat for Carne Asada, 10 lbs",62.99,62.99,costco_business_delivery,2025-08-25T23:56:46Z,Meat & Seafood,True
100078461,"USDA Choice Beef Flank Steak, 12 lb avg wt",10.79,10.79,costco_business_delivery,2025-08-25T23:56:46Z,Meat & Seafood,True
11340479,"Kirkland Signature Chicken Breasts, Boneless Skinless, 6 lb avg wt",3.19,3.19,costco_business_delivery,2025-08-25T23:56:46Z,Meat & Seafood,True
100078741,"USDA Choice Beef PSMO Tenderloin, 8 lb avg wt",18.09,18.09,costco_business_delivery,2025-08-25T23:56:46Z,Meat & Seafood,True
11748406,"Kirkland Signature Organic Ground Beef, 85% Lean, 4 lbs",23.09,23.09,costco_business_delivery,2025-08-25T23:56:46Z,Meat & Seafood,True
100341855,"Kirkland Signature Chicken Drumsticks, 8 lb avg wt",1.19,1.19,costco_business_delivery,2025-08-25T23:56:46Z,Meat & Seafood,True
11583263,"USDA Select Beef Tri Tip, 22 lb avg wt",6.39,6.39,costco_business_delivery,2025-08-25T23:56:46Z,Meat & Seafood,True
100341851,"Kirkland Signature Chicken Party Wings, 7 lb avg wt",2.99,2.99,costco_business_delivery,2025-08-25T23:56:46Z,Meat & Seafood,True
100082810,"USDA Prime Commodity Beef Brisket, 14 lb avg wt",5.99,5.99,costco_business_delivery,2025-08-25T23:56:46Z,Meat & Seafood,True
100075738,"Foppen Norwegian Smoked Salmon Slices, 12 oz",15.69,15.69,costco_business_delivery,2025-08-25T23:56:46Z,Meat & Seafood,True
2001132383,"Swift Pork Loin Backribs, 11 lb avg wt",3.79,3.79,costco_business_delivery,2025-08-25T23:56:46Z,Meat & Seafood,True
100106691,"Nathan's Famous Skinless Bun Length Beef Franks, 28 ct",18.19,18.19,costco_business_delivery,2025-08-25T23:56:46Z,Meat & Seafood,True
11545684,"USDA Choice Beef Tri Tip, 10 lb avg wt",8.69,8.69,costco_business_delivery,2025-08-25T23:56:46Z,Meat & Seafood,True
2001209154,"Case Sale Jumbo Halal Chicken Thighs, Boneless ,Skinless, 40 lbs",100.59,100.59,costco_business_delivery,2025-08-25T23:56:46Z,Meat & Seafood,True
11483550,"Beef Oxtail, 5 lb avg wt",8.09,8.09,costco_business_delivery,2025-08-25T23:56:46Z,Meat & Seafood,True
11896087,"Handy Claw Crab Meat, 16 oz",11.99,11.99,costco_business_delivery,2025-08-25T23:56:46Z,Meat & Seafood,True
2001148012,"Swift Pork Cushion Meat, Boneless, 15 lb avg wt",2.49,2.49,costco_business_delivery,2025-08-25T23:56:46Z,Meat & Seafood,True
2001134166,"Kirkland Signature Sliced Bacon, Hickory Smoked, Low Sodium, 1 lb, 4 ct",22.59,22.59,costco_business_delivery,2025-08-25T23:56:46Z,Meat & Seafood,True
100315422,"Swift Pork Belly, Skin On, Boneless, 12 lb avg wt",4.39,4.39,costco_business_delivery,2025-08-25T23:56:46Z,Meat & Seafood,True
100343379,"Deen Halal Turkey Bacon, Sliced, 5 lbs",34.99,34.99,costco_business_delivery,2025-08-25T23:56:46Z,Meat & Seafood,True
100316771,"Halal Beef Boneless Ribeye, 12 lb avg wt",12.09,12.09,costco_business_delivery,2025-08-25T23:56:46Z,Meat & Seafood,True
100440561,"Trans Ocean Crab Classic Imitation Crab, Flake, 2.5 lbs",7.99,7.99,costco_business_delivery,2025-08-25T23:56:46Z,Meat & Seafood,True
100312007,"Swift St. Louis Style Pork Spareribs, 10 lb avg wt",3.89,3.89,costco_business_delivery,2025-08-25T23:56:46Z,Meat & Seafood,True
100447003,"Ball Park Prime Uncured Beef Franks, 14 Links, 2.3 lbs",12.19,12.19,costco_business_delivery,2025-08-25T23:56:46Z,Meat & Seafood,True
100082815,"USDA Prime Beef Ribeye, 16 lb avg wt",16.99,16.99,costco_business_delivery,2025-08-25T23:56:46Z,Meat & Seafood,True
2001209181,"Case Sale Halal Leg Quarters, 40 lb",42.99,42.99,costco_business_delivery,2025-08-25T23:56:46Z,Meat & Seafood,True
11574235,"USDA Select Beef Lip-On Ribeye, 19 lb avg wt",11.59,11.59,costco_business_delivery,2025-08-25T23:56:46Z,Meat & Seafood,True
100271632,"USDA Choice Beef Top Sirloin Steak, Boneless, 8 oz, 4 ct",28.19,28.19,costco_business_delivery,2025-08-25T23:56:46Z,Meat & Seafood,True
11574232,"USDA Select Beef Neck Off Chuck Roll, 32 lb avg wt",5.29,5.29,costco_business_delivery,2025-08-25T23:56:46Z,Meat & Seafood,True
100077618,"Organic Fresh Chicken Breasts, Boneless Skinless, 5 lb avg wt",6.19,6.19,costco_business_delivery,2025-08-25T23:56:46Z,Meat & Seafood,True
2001148723,"Daily's 14/16 Gas Flush Layer Bacon, Honey Cured, Sliced, 15 lbs",109.69,109.69,costco_business_delivery,2025-08-25T23:56:46Z,Meat & Seafood,True
100079812,"Kirkland Signature Chicken Party Wings, 7 lb avg wt",2.99,2.99,costco_business_delivery,2025-08-25T23:56:46Z,Meat & Seafood,True
100422618,"Fresh Farmed Atlantic Salmon, Product of Norway, F Trim, 4 lb avg wt",12.09,12.09,costco_business_delivery,2025-08-25T23:56:46Z,Meat & Seafood,True
11466755,"Hebrew National Quarter Pound Beef Franks, 3.5 lbs",15.19,15.19,costco_business_delivery,2025-08-25T23:56:46Z,Meat & Seafood,True
100380451,"USDA Choice Beef Meaty Back Ribs, Bone-In, 5 lb avg wt",5.59,5.59,costco_business_delivery,2025-08-25T23:56:46Z,Meat & Seafood,True
100082172,"USDA Select Special Trim, 17 lb avg wt",5.09,5.09,costco_business_delivery,2025-08-25T23:56:46Z,Meat & Seafood,True
2001142803,"USDA Choice Chuck Roll, 16 lb avg wt",5.44,5.44,costco_business_delivery,2025-08-25T23:56:46Z,Meat & Seafood,True
2001163736,"Sunnyvalley Honey Cured Bacon, Hickory Smoked, Sliced, 5 lbs",30.59,30.59,costco_business_delivery,2025-08-25T23:56:46Z,Meat & Seafood,True
100080719,"Wild Fresh Sockeye Salmon Fillet, Boneless, 2 lb avg wt",14.09,14.09,costco_business_delivery,2025-08-25T23:56:46Z,Meat & Seafood,True
11195958,"Evergood Polish Kielbasa, 4.5 lbs",21.59,21.59,costco_business_delivery,2025-08-25T23:56:46Z,Meat & Seafood,True
100315423,"Swift Pork Shoulder Butt, Bone-In, 19 lb avg wt",2.49,2.49,costco_business_delivery,2025-08-25T23:56:46Z,Meat & Seafood,True
100078820,"USDA Choice Beef Flap Meat, 22 lb avg wt",11.74,11.74,costco_business_delivery,2025-08-25T23:56:46Z,Meat & Seafood,True
2001148724,"Daily's 10/12 Gas Flush Layer Bacon, Deep Applewood Smoked, Sliced, 15 lbs",117.49,117.49,costco_business_delivery,2025-08-25T23:56:46Z,Meat & Seafood,True
100128772,"Kam Yen Jan Chinese Style Pork Sausage, 21 oz, 2 ct",15.79,15.79,costco_business_delivery,2025-08-25T23:56:46Z,Meat & Seafood,True
11574234,"USDA Select Beef Sirloin Tip Knuckle, 13 lb avg wt",5.89,5.89,costco_business_delivery,2025-08-25T23:56:46Z,Meat & Seafood,True
100271630,"USDA Choice Beef Ribeye Steak, 12 oz, 4 ct",56.09,56.09,costco_business_delivery,2025-08-25T23:56:46Z,Meat & Seafood,True
100118202,"USDA Select Beef Shoulder Clod, 28 lb avg wt",4.99,4.99,costco_business_delivery,2025-08-25T23:56:46Z,Meat & Seafood,True
11118645,"Nissin Cup Noodles Flavored Soup, Chicken, 2.5 oz, 24 ct",14.39,14.39,costco_business_delivery,2025-08-25T23:56:50Z,Pantry & Dry Goods,True
11988900,"Kirkland Signature Organic Applesauce Pouch, 3.17 oz, 24 ct",12.29,12.29,costco_business_delivery,2025-08-25T23:56:50Z,Pantry & Dry Goods,True
10181627,"Sugar in the Raw Turbinado Cane Sugar Packets, 500 ct",10.69,10.69,costco_business_delivery,2025-08-25T23:56:50Z,Pantry & Dry Goods,True
11613216,"Best Foods Real Mayonnaise, 1 Gallon",20.99,20.99,costco_business_delivery,2025-08-25T23:56:50Z,Pantry & Dry Goods,True
11073510,"Four Monks Distilled White Vinegar, 1 Gallon, 2 ct",6.59,6.59,costco_business_delivery,2025-08-25T23:56:50Z,Pantry & Dry Goods,True
100152456,"Tree Top Apple Sauce, 47.3 oz, 4 ct",13.79,13.79,costco_business_delivery,2025-08-25T23:56:50Z,Pantry & Dry Goods,True
10178400,"Pam Original Non-Stick Cooking Spray, 12 oz, 2 ct",7.89,7.89,costco_business_delivery,2025-08-25T23:56:50Z,Pantry & Dry Goods,True
11338530,"Wilsey Premium Whole Egg Mayonnaise, 1 Gallon",11.29,11.29,costco_business_delivery,2025-08-25T23:56:50Z,Pantry & Dry Goods,True
100083822,"Del Monte Sliced Yellow Cling Peaches in Light Syrup, #10 can, 106 oz",11.09,11.09,costco_business_delivery,2025-08-25T23:56:50Z,Pantry & Dry Goods,True
11118644,"Nissin Cup Ramen Noodles Flavored Soup, Beef, 2.5 oz, 24 ct",14.39,14.39,costco_business_delivery,2025-08-25T23:56:50Z,Pantry & Dry Goods,True
11895020,"Skippy Creamy Peanut Butter, 48 oz, 2 ct",13.09,13.09,costco_business_delivery,2025-08-25T23:56:50Z,Pantry & Dry Goods,True
2001170572,"Kirkland Signature Olive Oil, 5.4 fl oz",19.99,19.99,costco_business_delivery,2025-08-25T23:56:50Z,Pantry & Dry Goods,True
11936751,"Kirkland Signature Imported Basil Pesto, 22 oz",11.79,11.79,costco_business_delivery,2025-08-25T23:56:50Z,Pantry & Dry Goods,True
11904601,"Kirkland Signature Organic Extra Virgin Olive Oil, 2 Liter",18.49,18.49,costco_business_delivery,2025-08-25T23:56:50Z,Pantry & Dry Goods,True
11919457,"Kraft Macaroni & Cheese Cups, 2.05 oz, 12 ct",9.29,9.29,costco_business_delivery,2025-08-25T23:56:50Z,Pantry & Dry Goods,True
100268799,"Kraft Real Mayonnaise Portion Packets, 200 ct",11.99,11.99,costco_business_delivery,2025-08-25T23:56:50Z,Pantry & Dry Goods,True
11766942,"Smucker's Strawberry Preserves, 32 oz, 2 ct",8.59,8.59,costco_business_delivery,2025-08-25T23:56:50Z,Pantry & Dry Goods,True
100269363,"Mercantile & Fancy Mandarin Oranges, #10 can, 6 lbs 10 oz",10.79,10.79,costco_business_delivery,2025-08-25T23:56:50Z,Pantry & Dry Goods,True
100373058,"Prego Pasta Sauce, Traditional Lower Sodium, 45 oz, 3 ct",10.39,10.39,costco_business_delivery,2025-08-25T23:56:50Z,Pantry & Dry Goods,True
11006152,"Kirkland Signature Creamy Liquid Shortening, 35 lbs",35.59,35.59,costco_business_delivery,2025-08-25T23:56:50Z,Pantry & Dry Goods,True
11066215,"Splenda Zero Calorie Sweetener Portion Packets, 1000 ct",16.09,16.09,costco_business_delivery,2025-08-25T23:56:50Z,Pantry & Dry Goods,True
11006151,"Kirkland Signature Soybean Oil, 35 lbs",34.09,34.09,costco_business_delivery,2025-08-25T23:56:50Z,Pantry & Dry Goods,True
11892182,"Del Monte Golden Sweet Whole Kernel Corn, #10 can, 6 lbs 10 oz",6.19,6.19,costco_business_delivery,2025-08-25T23:56:50Z,Pantry & Dry Goods,True
11765667,"Sweet Baby Ray's Barbecue Sauce, 1 Gallon",14.09,14.09,costco_business_delivery,2025-08-25T23:56:50Z,Pantry & Dry Goods,True
100280408,"Nutella Hazelnut Spread with Cocoa, 6.6 lbs",26.69,26.69,costco_business_delivery,2025-08-25T23:56:50Z,Pantry & Dry Goods,True
10178042,"Homai California Calrose Rice, Premium Sushi Rice, Medium Grain, 50 lbs",28.09,28.09,costco_business_delivery,2025-08-25T23:56:50Z,Pantry & Dry Goods,True
10181579,"Kirkland Signature Premium Chunk Chicken Breast, 12.5 oz, 6 ct",15.49,15.49,costco_business_delivery,2025-08-25T23:56:50Z,Pantry & Dry Goods,True
11340303,"Diamond Crystal Granulated Salt, 25 lb",6.99,6.99,costco_business_delivery,2025-08-25T23:56:50Z,Pantry & Dry Goods,True
11374548,"Del Sol Sliced Jalapeno Peppers, 1 Gallon",8.09,8.09,costco_business_delivery,2025-08-25T23:56:50Z,Pantry & Dry Goods,True
10181672,"C&H Pure Cane Sugar Packets, 2000 ct",16.89,16.89,costco_business_delivery,2025-08-25T23:56:50Z,Pantry & Dry Goods,True
11362100,"Hunt's Ketchup Portion Packets, 1000 ct",29.39,29.39,costco_business_delivery,2025-08-25T23:56:50Z,Pantry & Dry Goods,True
11669994,"SPAM, Less Sodium, 12 oz, 8 ct",27.09,27.09,costco_business_delivery,2025-08-25T23:56:50Z,Pantry & Dry Goods,True
100377917,"Nongshim Tonkotsu Ramen Premium Noodle Soup, Rich Pork Broth, 3.56 oz, 6 ct",8.79,8.79,costco_business_delivery,2025-08-25T23:56:50Z,Pantry & Dry Goods,True
11949456,"Kirkland Signature Minced California Garlic, 48 oz",7.99,7.99,costco_business_delivery,2025-08-25T23:56:50Z,Pantry & Dry Goods,True
11897922,"Hidden Valley Ranch Homestyle Dressing and Topping, 40 fl oz, 2 ct",13.09,13.09,costco_business_delivery,2025-08-25T23:56:50Z,Pantry & Dry Goods,True
100373358,"Nongshim Shin Ramyun Noodle Soup, Gourmet Spicy, 4.2 oz, 12 ct",19.19,19.19,costco_business_delivery,2025-08-25T23:56:50Z,Pantry & Dry Goods,True
11306786,"Pleasant Valley 3/16"" Cut Old Fashioned Kosher Dill Pickle Chips, 128 fl oz",8.89,8.89,costco_business_delivery,2025-08-25T23:56:50Z,Pantry & Dry Goods,True
100106541,"Dole Mandarin Oranges Fruit Cups, 4 oz, 16 ct",9.69,9.69,costco_business_delivery,2025-08-25T23:56:50Z,Pantry & Dry Goods,True
11138026,"Heinz Tomato Ketchup, 114 oz",12.29,12.29,costco_business_delivery,2025-08-25T23:56:50Z,Pantry & Dry Goods,True
100334179,"Kirkland Signature Organic Almond Butter, Creamy, 27 oz",9.99,9.99,costco_business_delivery,2025-08-25T23:56:50Z,Pantry & Dry Goods,True
11302316,"Kirkland Signature Crumbled Bacon Bits, 1.25 lbs",10.19,10.19,costco_business_delivery,2025-08-25T23:56:50Z,Pantry & Dry Goods,True
10178579,"Chicken of the Sea Chunk Light Tuna in Water, 66.5 oz",12.69,12.69,costco_business_delivery,2025-08-25T23:56:50Z,Pantry & Dry Goods,True
11313916,"French's Classic Yellow Mustard, 105 oz",6.19,6.19,costco_business_delivery,2025-08-25T23:56:50Z,Pantry & Dry Goods,True
11118646,"Nissin Cup Ramen Noodles Flavored Soup, Shrimp, 2.5 oz, 24 ct",14.39,14.39,costco_business_delivery,2025-08-25T23:56:50Z,Pantry & Dry Goods,True
10178363,"Que Bueno Nacho Cheese Sauce, #10 can, 6 lbs 10 oz",18.19,18.19,costco_business_delivery,2025-08-25T23:56:50Z,Pantry & Dry Goods,True
2001163046,"Nongshim Bowl Ramen Noodle Soup, Hot and Spicy, 3.03 oz, 18 ct",20.49,20.49,costco_business_delivery,2025-08-25T23:56:50Z,Pantry & Dry Goods,True
100276778,"Nissin Hot & Spicy Ramen Noodle Bowl, 3.32 oz, 18 ct",16.59,16.59,costco_business_delivery,2025-08-25T23:56:50Z,Pantry & Dry Goods,True
100460669,"Heinz Ketchup, Relish, Mustard Grill Pack, 4 ct",10.69,10.69,costco_business_delivery,2025-08-25T23:56:50Z,Pantry & Dry Goods,True
11979010,"Stevia in the Raw Zero Calorie Sweetener Portion Packets, 800 ct",16.79,16.79,costco_business_delivery,2025-08-25T23:56:50Z,Pantry & Dry Goods,True
10254214,"Superb Refined Canola Oil, 35 lbs",34.59,34.59,costco_business_delivery,2025-08-25T23:56:50Z,Pantry & Dry Goods,True
11815204,"Master Chef Clear Frying Oil, 35 lbs",34.59,34.59,costco_business_delivery,2025-08-25T23:56:50Z,Pantry & Dry Goods,True
2001147720,"Samyang Buldak Stir-Fried Ramen, Carbonara, Spicy Chicken, 3.7 oz, 6 ct",13.09,13.09,costco_business_delivery,2025-08-25T23:56:50Z,Pantry & Dry Goods,True
100207621,"Chicken of the Sea Premium Chunk Light Tuna in Water, 7 oz, 12 ct",17.49,17.49,costco_business_delivery,2025-08-25T23:56:50Z,Pantry & Dry Goods,True
11188162,"Heinz Tomato Ketchup, 44 oz, 3 ct",13.19,13.19,costco_business_delivery,2025-08-25T23:56:50Z,Pantry & Dry Goods,True
100106659,"Ken's Ranch Dressing, 1 Gallon",14.79,14.79,costco_business_delivery,2025-08-25T23:56:50Z,Pantry & Dry Goods,True
11954450,"Kirkland Signature Pure Sea Salt, Fine Grain, 30 oz",4.19,4.19,costco_business_delivery,2025-08-25T23:56:50Z,Pantry & Dry Goods,True
10181088,"Kraft Premium Mayonnaise, 1 Gallon",13.09,13.09,costco_business_delivery,2025-08-25T23:56:50Z,Pantry & Dry Goods,True
10182906,"S&W Homestyle Tomato Sauce, #10 can, 6 lbs 10 oz",5.99,5.99,costco_business_delivery,2025-08-25T23:56:50Z,Pantry & Dry Goods,True
11364939,"Cholula Hot Sauce, Original, 12 fl oz, 2 ct",11.39,11.39,costco_business_delivery,2025-08-25T23:56:50Z,Pantry & Dry Goods,True
11947737,"SPAM, Classic, 12 oz, 8 ct",27.09,27.09,costco_business_delivery,2025-08-25T23:56:50Z,Pantry & Dry Goods,True
100082094,"Best Foods Real Mayonnaise, 64 fl oz",10.09,10.09,costco_business_delivery,2025-08-25T23:56:50Z,Pantry & Dry Goods,True
11243278,"Hunt's Tomato Ketchup, #10 can, 7 lbs 2 oz",7.19,7.19,costco_business_delivery,2025-08-25T23:56:50Z,Pantry & Dry Goods,True
11956061,"Kirkland Signature Thai Hom Mali Jasmine Rice, Long Grain, 50 lbs",39.99,39.99,costco_business_delivery,2025-08-25T23:56:50Z,Pantry & Dry Goods,True
100082723,"Bumble Bee Tuna Salad with Crackers, Original, 3.5 oz, 9 ct",15.79,15.79,costco_business_delivery,2025-08-25T23:56:50Z,Pantry & Dry Goods,True
10178283,"Del Monte Blue Lake Fancy Cut Green Beans, #10 can, 6 lbs 5 oz",5.79,5.79,costco_business_delivery,2025-08-25T23:56:50Z,Pantry & Dry Goods,True
100082579,"French's Classic Yellow Mustard Portion Packets, 500 ct",11.39,11.39,costco_business_delivery,2025-08-25T23:56:50Z,Pantry & Dry Goods,True
100195653,"Olde Thompson Cracked Black Pepper, 5 lbs",34.49,34.49,costco_business_delivery,2025-08-25T23:56:50Z,Pantry & Dry Goods,True
100082743,"Kirkland Signature Organic Creamy Peanut Butter, 28 oz, 2 ct",11.39,11.39,costco_business_delivery,2025-08-25T23:56:50Z,Pantry & Dry Goods,True
11956054,"Kirkland Signature Thai Hom Mali Jasmine Rice, Long Grain, 25 lbs",24.59,24.59,costco_business_delivery,2025-08-25T23:56:50Z,Pantry & Dry Goods,True
100195654,"Olde Thompson Granulated Garlic, 7 lbs",37.19,37.19,costco_business_delivery,2025-08-25T23:56:50Z,Pantry & Dry Goods,True
11374536,"Del Sol Nacho Sliced Jalapeno Peppers, #10 can, 6 lbs 4 oz",6.89,6.89,costco_business_delivery,2025-08-25T23:56:50Z,Pantry & Dry Goods,True
11895921,"Kirkland Signature Organic Soup Stock, Chicken, 32 fl oz, 6 ct",11.19,11.19,costco_business_delivery,2025-08-25T23:56:50Z,Pantry & Dry Goods,True
11340608,"Wilsey Premium Whole Egg Mayonnaise, 30 lbs",42.19,42.19,costco_business_delivery,2025-08-25T23:56:50Z,Pantry & Dry Goods,True
2001127119,"Bibigo Cooked Sticky White Rice Bowls, Medium Grain, 7.4 oz, 12 ct",14.09,14.09,costco_business_delivery,2025-08-25T23:56:50Z,Pantry & Dry Goods,True
100260996,"Smucker's Jam & Jelly Cups, Variety Pack, 0.5 oz, 200 ct",19.39,19.39,costco_business_delivery,2025-08-25T23:56:50Z,Pantry & Dry Goods,True
100367943,"Idahoan Real Premium Mashed Potatoes, 3.25 lbs",11.39,11.39,costco_business_delivery,2025-08-25T23:56:50Z,Pantry & Dry Goods,True
2001151053,"GoGo SqueeZ Organic Fruit On The Go, Variety Pack, 3.2 oz, 28 ct",12.79,12.79,costco_business_delivery,2025-08-25T23:56:50Z,Pantry & Dry Goods,True
2001157949,"Dole Mango Chunks Fruit Cup, 4 oz, 16 ct",10.09,10.09,costco_business_delivery,2025-08-25T23:56:50Z,Pantry & Dry Goods,True
100080882,"Royal Basmati Rice, Long Grain, 20 lbs",19.49,19.49,costco_business_delivery,2025-08-25T23:56:50Z,Pantry & Dry Goods,True
10178568,"Rosarita Refried Beans, #10 can, Original, 7 lbs",9.29,9.29,costco_business_delivery,2025-08-25T23:56:50Z,Pantry & Dry Goods,True
2001151126,"Orchard Naturals Organic Diced Peaches, Yellow Cling, 4 oz, 24 ct",13.59,13.59,costco_business_delivery,2025-08-25T23:56:50Z,Pantry & Dry Goods,True
11629704,"Kirkland Signature Artichoke Hearts, 33 oz, 2 ct",12.59,12.59,costco_business_delivery,2025-08-25T23:56:50Z,Pantry & Dry Goods,True
10190599,"French's Classic Yellow Mustard, 30 oz, 2 ct",6.59,6.59,costco_business_delivery,2025-08-25T23:56:50Z,Pantry & Dry Goods,True
100332970,"Del Monte Whole Kernel Corn, 15.25 oz, 12 ct",14.09,14.09,costco_business_delivery,2025-08-25T23:56:50Z,Pantry & Dry Goods,True
10178267,"Frank's RedHot Cayenne Pepper Sauce, Original, 1 Gallon",16.79,16.79,costco_business_delivery,2025-08-25T23:56:50Z,Pantry & Dry Goods,True
11341394,"Knorr Chicken Flavor Bouillon, Caldo con Sabor de Pollo, 7.9 lbs",17.69,17.69,costco_business_delivery,2025-08-25T23:56:50Z,Pantry & Dry Goods,True
10181593,"Heinz Tomato Ketchup, #10 can, 7 lbs 2 oz",11.09,11.09,costco_business_delivery,2025-08-25T23:56:50Z,Pantry & Dry Goods,True
100243700,"Nongshim Shin Ramyun Black Premium Noodle Soup Cup, Spicy, 3.5 oz, 8 ct",14.09,14.09,costco_business_delivery,2025-08-25T23:56:50Z,Pantry & Dry Goods,True
11771999,"Kirkland Signature Extra Virgin Olive Oil, 2 Liter",29.39,29.39,costco_business_delivery,2025-08-25T23:56:50Z,Pantry & Dry Goods,True
100435898,"Morton Coarse Kosher Salt, 53 oz",3.69,3.69,costco_business_delivery,2025-08-25T23:56:50Z,Pantry & Dry Goods,True
11186839,"Teasdale Black Beans, #10 can, 6 lbs 12 oz",6.89,6.89,costco_business_delivery,2025-08-25T23:56:50Z,Pantry & Dry Goods,True
100392052,"Ken's Caesar Dressing, 1 Gallon",19.99,19.99,costco_business_delivery,2025-08-25T23:56:50Z,Pantry & Dry Goods,True
pantry-dry-goods,"S&W Ready-Cut Diced Tomatoes, #10 can, 6 lbs 6 oz",6.19,6.19,costco_business_delivery,2025-08-25T23:56:50Z,Pantry & Dry Goods,True
11758416,"Fresh Gourmet Homestyle Croutons, 2.5 lbs, 4 ct",22.59,22.59,costco_business_delivery,2025-08-25T23:56:50Z,Pantry & Dry Goods,True
10193067,"Chef-mate Country Sausage Gravy, #10 can, 6 lbs 9 oz",12.89,12.89,costco_business_delivery,2025-08-25T23:56:50Z,Pantry & Dry Goods,True
100457091,"Kirkland Signature Albacore Solid White Tuna in Water, 7 oz, 8 ct",17.59,17.59,costco_business_delivery,2025-08-25T23:56:50Z,Pantry & Dry Goods,True
2001143887,"Scoop Away Complete Performance Plus, Clumping Cat Litter, Fresh Scent, 10.5 lbs, 4 ct",16.59,16.59,costco_business_delivery,2025-08-25T23:56:53Z,Pet Supplies,True
11002816,"Kirkland Signature Chicken & Rice Dog Food, 40 lbs",39.99,39.99,costco_business_delivery,2025-08-25T23:56:53Z,Pet Supplies,True
11002807,"Kirkland Signature Super Premium Lamb & Rice Dog Food, 40 lbs",39.99,39.99,costco_business_delivery,2025-08-25T23:56:53Z,Pet Supplies,True
2001207761,"Kirkland Signature Jerky Treats for Dogs, Chicken Breast Recipe, 48 oz",19.19,19.19,costco_business_delivery,2025-08-25T23:56:53Z,Pet Supplies,True
2001169230,"Kirkland Signature Absorbent Pads, Extra-Large, 100 ct",21.19,21.19,costco_business_delivery,2025-08-25T23:56:53Z,Pet Supplies,True
2001120137,"Kirkland Signature Dog Food, Chicken & Rice Formula, 13.2 oz, 24 ct",33.99,33.99,costco_business_delivery,2025-08-25T23:56:53Z,Pet Supplies,True
pet-supplies,"Purina Friskies Pate, Variety Pack, 5.5 oz, 60 ct",46.99,46.99,costco_business_delivery,2025-08-25T23:56:53Z,Pet Supplies,True
100204278,"Kirkland Signature Nature's Domain Dog Food, Turkey & Pea Stew, 13.2 oz, 24 ct",35.99,35.99,costco_business_delivery,2025-08-25T23:56:53Z,Pet Supplies,True
11340937,"Kirkland Signature Cat Food Super Premium, 25 lbs",27.49,27.49,costco_business_delivery,2025-08-25T23:56:53Z,Pet Supplies,True
100442021,"Kirkland Signature Premium Dog Biscuits, 15 lbs",18.69,18.69,costco_business_delivery,2025-08-25T23:56:53Z,Pet Supplies,True
2001125991,"Kirkland Signature Pâté Adult Cat Food, Variety Pack, 3.5 oz, 45 ct",34.99,34.99,costco_business_delivery,2025-08-25T23:56:53Z,Pet Supplies,True
2001157253,"Kirkland Signature Canned Cat Food, Chunks in Gravy, Variety Pack, 3 oz, 48 ct",31.59,31.59,costco_business_delivery,2025-08-25T23:56:53Z,Pet Supplies,True
100338479,"Kirkland Signature Nature's Domain Small Breed Salmon & Lentil Formula for Dogs, 20 lbs",27.89,27.89,costco_business_delivery,2025-08-25T23:56:53Z,Pet Supplies,True
100229772,"Kirkland Signature Super Premium Chicken & Rice Dog Food, 20 lbs",22.09,22.09,costco_business_delivery,2025-08-25T23:56:53Z,Pet Supplies,True
100199429,"Kirkland Signature Nature's Domain Cat Food, 18 lbs",26.99,26.99,costco_business_delivery,2025-08-25T23:56:53Z,Pet Supplies,True
100193684,"Kirkland Signature Super Premium Healthy Weight Indoor Adult Cat Formula, Cat Food, 20 lbs",21.19,21.19,costco_business_delivery,2025-08-25T23:56:53Z,Pet Supplies,True
2001144009,"Full Moon Kitchen-Crafted Natural Dog Treats, Chicken Fillet, 48 oz",25.99,25.99,costco_business_delivery,2025-08-25T23:56:53Z,Pet Supplies,True
2001166863,"Kirkland Signature Loaf Wet Dog Food, Small Breed Adult Dogs, Variety Pack, 3.5 oz, 45 ct",33.79,33.79,costco_business_delivery,2025-08-25T23:56:53Z,Pet Supplies,True
100087215,"Kirkland Signature Puppy Formula Chicken, Rice and Vegetable Dog Food, 20 lbs",21.19,21.19,costco_business_delivery,2025-08-25T23:56:53Z,Pet Supplies,True
100228421,"Kirkland Signature Dental Chews, 72 ct",30.59,30.59,costco_business_delivery,2025-08-25T23:56:53Z,Pet Supplies,True
100312907,"Kirkland Signature Nature's Domain Puppy Chicken & Pea Formula, Dog Food, 20 lbs",24.89,24.89,costco_business_delivery,2025-08-25T23:56:53Z,Pet Supplies,True
100280765,"Audubon Park Nature’s Blend Premium Wild Bird Food, 40 lbs",25.59,25.59,costco_business_delivery,2025-08-25T23:56:53Z,Pet Supplies,True
