id,name,price,promotion_price,store_id,last_seen_time,category,active
0020204500000,USDA Choice Beef Ribeye Steak Bone-In Value Pack - 3 Lb,76.47,,3132,2025-08-25T23:50:19Z,meat-and-seafood,True
0002113012537,waterfront BISTRO Shrimp Raw Colossal Shell & Tail On Frozen 13-15 Count - 2 Lb,27.98,,3132,2025-08-25T23:50:19Z,meat-and-seafood,True
0002113037133,Chef Counter Carne Asada 16 Oz - 16 OZ,11.99,,3132,2025-08-25T23:50:19Z,meat-and-seafood,True
0023363000000,Fresh Farmed Atlantic Salmon Fillet Color Added  - 1.5 lb,16.49,,3132,2025-08-25T23:50:19Z,meat-and-seafood,True
0002113037136,Chef's Counter Lemon Peppercorn Chicken Breast - 12 Oz,5.99,,3132,2025-08-25T23:50:19Z,meat-and-seafood,True
0020203600000,USDA Choice Beef Ribeye Steak Boneless - 1.5 Lb,40.49,,3132,2025-08-25T23:50:19Z,meat-and-seafood,True
0002113012531,waterfront BISTRO Frozen Raw Shell On Tail On Extra Jumbo Shrimp 16-20 Ct - 2 Lb,25.98,,3132,2025-08-25T23:50:19Z,meat-and-seafood,True
0028428000000,Pork Top Loin Chop Bnls Mega Pack - LB,10.97,,3132,2025-08-25T23:50:19Z,meat-and-seafood,True
0020787300000,Signature Select Chicken Thigh Bone In Value Pack - 4.5 Lb,11.21,,3132,2025-08-25T23:50:19Z,meat-and-seafood,True
0020786500000,Signature Select Chicken Breast Boneless Skinless With Rib Meat - 3.5 Lb,13.97,,3132,2025-08-25T23:50:19Z,meat-and-seafood,True
0020786700000,Signature Select Chicken Thigh Boneless Skinless Value Pack - 3 lb,19.47,,3132,2025-08-25T23:50:19Z,meat-and-seafood,True
0002113012323,waterfront BISTRO Shrimp Raw Large Ez Peel Shell & Tail On Frozen 31-40 Count - 2 Lb,11.98,,3132,2025-08-25T23:50:19Z,meat-and-seafood,True
0007527801674,Foster Farms Chicken Leg Quarters - 10 LB,9.9,,3132,2025-08-25T23:50:19Z,meat-and-seafood,True
0028396600000,Pork Loin Chops Assorted Bone In Mega Pack - LB,11.81,,3132,2025-08-25T23:50:19Z,meat-and-seafood,True
0020214600000,USDA Choice Beef Top Loin New York Strip Steak Boneless Value Pack - 3.5 Lb,101.46,,3132,2025-08-25T23:50:19Z,meat-and-seafood,True
0020346500000,Pork Sparerib Previously Frozen - 4.5 Lb,32.81,,3132,2025-08-25T23:50:19Z,meat-and-seafood,True
0002113012280,waterfront BISTRO Boneless Skin On Wild Alaskan Pink Salmon Fillets - 32 Oz,10.99,,3132,2025-08-25T23:50:19Z,meat-and-seafood,True
0023146300000,Atlantic Salmon Skin On Fillet 1 ct - 7 oz ea,6.99,,3132,2025-08-25T23:50:19Z,meat-and-seafood,True
0002113012528,waterfront BISTRO Boneless Skinless Tilapia Fillets - 32 Oz,10.99,,3132,2025-08-25T23:50:19Z,meat-and-seafood,True
0020232300000,USDA Choice Beef Top Round Steak for London Broil - 2 Lb,31.98,,3132,2025-08-25T23:50:19Z,meat-and-seafood,True
0023362900000,Fresh Farm Raised Atlantic Salmon Fillet Color Added Value Pack - 2 lb,17.98,,3132,2025-08-25T23:50:19Z,meat-and-seafood,True
0020490300000,ROSIE Organic Chicken Whole Chicken Fresh - 4.50 LB,13.46,,3132,2025-08-25T23:50:19Z,meat-and-seafood,True
0089677500277,Agrosuper Chicken Wings - 10 LB,24.99,,3132,2025-08-25T23:50:19Z,meat-and-seafood,True
0002113015931,Signature SELECT 91% Lean 9% Fat Ground Beef - 40 oz,15.99,,3132,2025-08-25T23:50:19Z,meat-and-seafood,True
0065384909482,Natural Blue Fish Wild Caught Tuna Ahi Steaks - 12 Oz,10.99,,3132,2025-08-25T23:50:19Z,meat-and-seafood,True
0020745000000,Boneless Skinless Chicken Breasts - 1.75 lb,6.98,,3132,2025-08-25T23:50:19Z,meat-and-seafood,True
0020332800000,Signature SELECT Boneless Pork Top Loin Chops - 1.5 Lb,17.99,,3132,2025-08-25T23:50:19Z,meat-and-seafood,True
0020198300000,USDA Choice Beef Chuck Flanken Style Ribs - 1.5 Lb,22.49,,3132,2025-08-25T23:50:19Z,meat-and-seafood,True
0023654600000,Frozen Raw Lobster Tail 1 Count - Each,9.99,,3132,2025-08-25T23:50:19Z,meat-and-seafood,True
0085003616803,Real Good Foods Chicken Nuggets - 20 oz,8.99,,3132,2025-08-25T23:50:19Z,meat-and-seafood,True
0020231200000,USDA Choice Beef Round Stir Fry Strips - 1 Lb,13.99,,3132,2025-08-25T23:50:19Z,meat-and-seafood,True
0020208900000,USDA Choice Beef Back Rib Frozen - 4 Lb,23.96,,3132,2025-08-25T23:50:19Z,meat-and-seafood,True
0023580400000,Previously Frozen Raw Color Added Lobster Tail 1 ct - 3 oz,9.99,,3132,2025-08-25T23:50:19Z,meat-and-seafood,True
0002113015930,Signature Select 80% Lean 20% Fat Ground Beef Patties - 40 oz,13.99,,3132,2025-08-25T23:50:19Z,meat-and-seafood,True
0002113012545,waterfront BISTRO Boneless Skin On Wild Alaskan Pink Salmon Fillets - 16 Oz,8.99,,3132,2025-08-25T23:50:19Z,meat-and-seafood,True
0020490600000,ROSIE Organic Chicken Thighs Boneless Skinless - 1.25 LB,13.74,,3132,2025-08-25T23:50:19Z,meat-and-seafood,True
0020787200000,Signature Select Chicken Drumstick Value Pack - 4.5 lb,11.21,,3132,2025-08-25T23:50:19Z,meat-and-seafood,True
0020193100000,USDA Choice Beef Chuck Steak Boneless - 1.5 Lb,21.74,,3132,2025-08-25T23:50:19Z,meat-and-seafood,True
0007701361572,Just Bare Lightly Breaded Spicy Chicken Breast Bites - 24 OZ,15.99,,3132,2025-08-25T23:50:19Z,meat-and-seafood,True
0026080500000,Foster Farms Fresh & Natural Whole Chicken - 6 Lbs.,14.94,,3132,2025-08-25T23:50:19Z,meat-and-seafood,True
0002113012529,waterfront BISTRO Swai Fillets Boneless & Skinless - 32 Oz,8.99,,3132,2025-08-25T23:50:19Z,meat-and-seafood,True
0082979302003,Del Real Beef Barbacoa - 16 Oz,13.99,,3132,2025-08-25T23:50:19Z,meat-and-seafood,True
0020585500000,ROCKY Chicken Whole Chicken Fresh - 4.50 LB,13.46,,3132,2025-08-25T23:50:19Z,meat-and-seafood,True
0028168000000,Open Nature Grass Fed Angus Beef Skirt Steak Whole - 2 Lb,35.98,,3132,2025-08-25T23:50:19Z,meat-and-seafood,True
0023363000000,Fresh Farmed Atlantic Salmon Fillet Color Added  - 1.5 lb,16.49,,3132,2025-08-25T23:50:19Z,meat-and-seafood,True
0020319900000,Meat Counter Pork Shoulder Blade Steak Value Pack - 3.5 Lb,19.22,,3132,2025-08-25T23:50:19Z,meat-and-seafood,True
0020222900000,USDA Choice Loin Tri Tip Steak Boneless Extreme Value Pack - 3.5 Lb,66.46,,3132,2025-08-25T23:50:19Z,meat-and-seafood,True
0007024717811,Carando Abruzzese Italian Meatballs - 16 oz,8.49,,3132,2025-08-25T23:50:19Z,meat-and-seafood,True
0020203600000,USDA Choice Beef Ribeye Steak Boneless - 1.5 Lb,40.49,,3132,2025-08-25T23:50:19Z,meat-and-seafood,True
0020222100000,USDA Choice Beef Loin Tri Tip Steak - 2 Lb,38.98,,3132,2025-08-25T23:50:19Z,meat-and-seafood,True
0002113012537,waterfront BISTRO Shrimp Raw Colossal Shell & Tail On Frozen 13-15 Count - 2 Lb,27.98,,3132,2025-08-25T23:50:19Z,meat-and-seafood,True
0006456322677,Yummy Dino Buddies - 35 oz,11.49,,3132,2025-08-25T23:50:19Z,meat-and-seafood,True
0020523000000,Open Nature All Natural Chicken Tenders - 1 lb,9.99,,3132,2025-08-25T23:50:19Z,meat-and-seafood,True
0020269800000,USDA Choice Beef Outside Skirt Steak Boneless - 2 Lb,29.98,,3132,2025-08-25T23:50:19Z,meat-and-seafood,True
0020213900000,USDA Choice Beef Top Loin New York Strip Steak Bone In - 0.85 Lb,20.39,,3132,2025-08-25T23:50:19Z,meat-and-seafood,True
0020234100000,USDA Choice Beef Bottom Round Steak Thin - 1 Lb,13.99,,3132,2025-08-25T23:50:19Z,meat-and-seafood,True
0020197500000,USDA Choice Beef Chuck Short Ribs - 2 Lb,25.98,,3132,2025-08-25T23:50:19Z,meat-and-seafood,True
0002113021052,Signature Select/Farms Frozen Boneless Skinless Chicken Breasts - 40 Oz,13.99,,3132,2025-08-25T23:50:19Z,meat-and-seafood,True
0002370001410,Tyson Frozen Crispy Chicken Breast Strips - 1.56 Lb,10.49,,3132,2025-08-25T23:50:19Z,meat-and-seafood,True
0020577300000,Rocky All Natural Free Range Boneless Skinless Chicken Thighs - 1.25 Lb,11.24,,3132,2025-08-25T23:50:19Z,meat-and-seafood,True
0023270900000,Salmon Atlantic Skinless Fillet Farmed - LB,11.99,,3132,2025-08-25T23:50:19Z,meat-and-seafood,True
0007701361570,Just Bare Lightly Breaded Spicy Chicken Breast Fillets - 24 OZ,15.99,,3132,2025-08-25T23:50:19Z,meat-and-seafood,True
0026586500000,Foster Farms Boneless Skinless Simply Raised Chicken Thigh Fillets - 1.25 lb,11.24,,3132,2025-08-25T23:50:19Z,meat-and-seafood,True
0002113037144,Chef's Counter Buttery Garlic Sirloin Steak - 12 Oz,8.99,,3132,2025-08-25T23:50:19Z,meat-and-seafood,True
0020319400000,Pork Shoulder Country Style Ribs Value Pack - 4.5 Lb,24.71,,3132,2025-08-25T23:50:19Z,meat-and-seafood,True
0007527899548,Foster Farms Chicken Patties - 28 Oz,11.99,,3132,2025-08-25T23:50:19Z,meat-and-seafood,True
0027392700000,Rocky Chicken Drumsticks Value Pack Air Chilled Non Gmo - 3.5 Lb,10.47,,3132,2025-08-25T23:50:19Z,meat-and-seafood,True
0002113021053,Signature Select/Farms Frozen Chicken Wings - 48 Oz.,17.99,,3132,2025-08-25T23:50:19Z,meat-and-seafood,True
0002113012568,waterfront BISTRO Shrimp Argentine Red Raw Wild Caught Shell & Tail On 13 To 15 Count - 32 Oz,19.98,,3132,2025-08-25T23:50:19Z,meat-and-seafood,True
0002113037133,Chef Counter Carne Asada 16 Oz - 16 OZ,11.99,,3132,2025-08-25T23:50:19Z,meat-and-seafood,True
0007527899421,Foster Farms Shredded Chicken Breast - 20 Oz,12.99,,3132,2025-08-25T23:50:19Z,meat-and-seafood,True
0020223400000,USDA Choice Beef Tenderloin Filet Mignon Steak - 1 Lb,30.99,,3132,2025-08-25T23:50:19Z,meat-and-seafood,True
0023280700000,Halibut Portion Fresh 6 Oz - EA,12.99,,3132,2025-08-25T23:50:19Z,meat-and-seafood,True
0023662000000,Lobster Tail Raw 3 Oz Previously Frozen 2 Count - Each,19.98,,3132,2025-08-25T23:50:19Z,meat-and-seafood,True
0026582900000,Foster Farms Boneless Skinless Simply Raised Chicken Breast - 1.25 lb,11.24,,3132,2025-08-25T23:50:19Z,meat-and-seafood,True
0007701361563,Just Bare Lightly Breaded Spicy Boneless Chicken Breast Strips - 24 oz,15.99,,3132,2025-08-25T23:50:19Z,meat-and-seafood,True
0002113012550,waterfront BISTRO Raw Peeled & Deveined Tail On Large Shrimp 31-40 Ct - 32 Oz,23.98,,3132,2025-08-25T23:50:19Z,meat-and-seafood,True
0023360200000,Open Nature Skin On Wild Caught Alaskan Sockeye Salmon Fillet - 1 Lb,15.99,,3132,2025-08-25T23:50:19Z,meat-and-seafood,True
0068644331511,Redbird Farms Iqf Bone In Chicken Thighs 32 Oz - 32 OZ,9.99,,3132,2025-08-25T23:50:19Z,meat-and-seafood,True
0008463244196,Isernios Ground Chicken - 16 oz,8.99,,3132,2025-08-25T23:50:19Z,meat-and-seafood,True
0020191300000,Thin Boneless Beef Chuck Steak USDA Choice Value Pack - 2 Lb,28.98,,3132,2025-08-25T23:50:19Z,meat-and-seafood,True
0020787400000,Signature Select Chicken Wing Value Pack - 3.5 Lb,20.97,,3132,2025-08-25T23:50:19Z,meat-and-seafood,True
0020078900000,ROCKY Chicken Wings Party Tray Pack - 1.25 Lb,7.49,,3132,2025-08-25T23:50:19Z,meat-and-seafood,True
0007813973507,Crazy Cuizine Chicken Mandarin Orange - 22 Oz,10.99,,3132,2025-08-25T23:50:19Z,meat-and-seafood,True
0020214200000,USDA Choice Beef Top Loin New York Strip Steak Boneless Thin Cut - 1.25 Lb,38.74,,3132,2025-08-25T23:50:19Z,meat-and-seafood,True
0002113012549,waterfront BISTRO Raw Peeled & Deveined Tail On Shrimp 16-20 Ct - 32 Oz,29.98,,3132,2025-08-25T23:50:19Z,meat-and-seafood,True
0026583100000,Foster Farms Simply Raised Thin Sliced Chicken Breast Fillets - 1.25 lb,12.49,,3132,2025-08-25T23:50:19Z,meat-and-seafood,True
0081005729083,Beyond Steak Plantbased Seared Steak - 10 Oz,9.99,,3132,2025-08-25T23:50:19Z,meat-and-seafood,True
0007024717986,Carando Meatballs Italian Style Sicilian Recipe Hot - 16 Oz,8.49,,3132,2025-08-25T23:50:19Z,meat-and-seafood,True
0020206000000,USDA Choice Ribeye Steak Boneless Thin - 1 Lb,27.99,,3132,2025-08-25T23:50:19Z,meat-and-seafood,True
0020572000000,Signature Select Chicken Leg Quarters - 4.5 lb,11.21,,3132,2025-08-25T23:50:19Z,meat-and-seafood,True
0023027300000,Service Case Previously Frozen Bay Scallops - 1 lb,9.99,,3132,2025-08-25T23:50:19Z,meat-and-seafood,True
0026580900000,Foster Farms Simply Raised Chicken Thighs Bone In No Antibiotic Ever - 2.50 LB,8.73,,3132,2025-08-25T23:50:19Z,meat-and-seafood,True
0006456322505,F.c. All Natural Chicken Nuggets Abf - 24 Oz,6.99,,3132,2025-08-25T23:50:19Z,meat-and-seafood,True
0082979301113,Del Real Chili Verde - 16 Oz,13.99,,3132,2025-08-25T23:50:19Z,meat-and-seafood,True
0020197100000,Beef USDA Choice Chuck Mock Tender Steak Thin - 1 Lb,12.99,,3132,2025-08-25T23:50:19Z,meat-and-seafood,True
0020665400000,Open Nature Beef Grass Fed Angus Ribeye Roast Boneless Service Case - 1 Lb,24.99,,3132,2025-08-25T23:50:19Z,meat-and-seafood,True
0020214500000,USDA Choice Beef Top Loin New York Strip Steak Boneless - 1 Lb,29.99,,3132,2025-08-25T23:50:19Z,meat-and-seafood,True
0020219700000,Boneless Beef Top Sirloin Steak USDA Choice Value Pack - 3.5 Lb,52.47,,3132,2025-08-25T23:50:19Z,meat-and-seafood,True
0027705200000,Foster Farms Fresh & Natural Cage Free Chicken Gizzards & Hearts - 1 Lb,3.49,,3132,2025-08-25T23:50:19Z,meat-and-seafood,True
0007527899670,Foster Farms Take Out Crispy Chicken Wings Classic Buffalo - 16 Oz,8.99,,3132,2025-08-25T23:50:19Z,meat-and-seafood,True
0020319300000,Boneless Pork Shoulder Country Style Ribs Value Pack - 3.5 Lb,22.72,,3132,2025-08-25T23:50:19Z,meat-and-seafood,True
0007989311709,Open Nature Wild Caught North Atlantic Colossal Sea Scallops Under 15 ct - 16 oz,26.99,,3132,2025-08-25T23:50:19Z,meat-and-seafood,True
0023013600000,Sockeye Salmon Fillet Fresh - 1 Lb,27.99,,3132,2025-08-25T23:50:19Z,meat-and-seafood,True
0026091900000,USDA Choice Beef Taco Meat - 1.25 Lb,19.99,,3132,2025-08-25T23:50:19Z,meat-and-seafood,True
0002370001452,Tyson Frozen Dino Nuggets - 29 Oz,7.49,,3132,2025-08-25T23:50:19Z,meat-and-seafood,True
0003666902856,Cooked Perfect Cooked Homestyle Meatballs - 28 oz,7.99,,3132,2025-08-25T23:50:19Z,meat-and-seafood,True
0007701361557,Just Bare Fully Cooked Breaded Chicken Breast Bites - 24 oz,15.99,,3132,2025-08-25T23:50:19Z,meat-and-seafood,True
0023113700000,Lobster Roll Salad - 0.5 lb,4.0,,3132,2025-08-25T23:50:19Z,meat-and-seafood,True
0002113012547,waterfront BISTRO Boneless Skinless Wild Alaskan Cod Fillets - 16 Oz,9.99,,3132,2025-08-25T23:50:19Z,meat-and-seafood,True
0007989315930,Open Nature Snow Crab Clusters - 24 Oz,24.99,,3132,2025-08-25T23:50:19Z,meat-and-seafood,True
0068644331200,Red Bird Farms Chicken Burger Frozen - 32 OZ,8.49,,3132,2025-08-25T23:50:19Z,meat-and-seafood,True
0020791300000,ROCKY Chicken Thighs Bone In Air Chill Non Gmo - 1.50 LB,7.49,,3132,2025-08-25T23:50:19Z,meat-and-seafood,True
0020963100000,Boneless Skinless Chicken Thighs - 1 lb,4.99,,3132,2025-08-25T23:50:19Z,meat-and-seafood,True
0007989312654,Open Nature Wild Caught Sockeye Salmon Fillet - 12 Oz,14.99,,3132,2025-08-25T23:50:19Z,meat-and-seafood,True
0002113015929,Signature SELECT 73% Lean 27% Fat Ground Beef Patties - 40 oz,12.99,,3132,2025-08-25T23:50:19Z,meat-and-seafood,True
0020815000000,USDA Choice Beef Loin Tri Tip Roast 1 Count Service Case - 2.50 Lb,44.97,,3132,2025-08-25T23:50:19Z,meat-and-seafood,True
0020219600000,USDA Choice Beef Top Sirloin Steak Boneless - 1.5 Lb,29.99,,3132,2025-08-25T23:50:19Z,meat-and-seafood,True
0007989316392,Open Nature Patagonian Bay Scallops - 16 oz,10.99,,3132,2025-08-25T23:50:19Z,meat-and-seafood,True
0007989312502,Open Nature Beef Marrow Bones Grass Fed - 32 Oz,11.99,,3132,2025-08-25T23:50:19Z,meat-and-seafood,True
0002113021054,Signature Select/Farms Boneless Skinless Chicken Tenderloins - 40 Oz.,14.99,,3132,2025-08-25T23:50:19Z,meat-and-seafood,True
0020523700000,Open Nature Boneless Skinless All Natural Chicken Breasts - 1.5 lb,12.74,,3132,2025-08-25T23:50:19Z,meat-and-seafood,True
0027470200000,Boneless Skinless Chicken Breast Multi Meal Deal - 1.25 lb,6.24,,3132,2025-08-25T23:50:19Z,meat-and-seafood,True
0062790710879,Marcangelo Bacon Wrapped Sweet Italian Pork Sausages - 18.7 OZ,5.99,,3132,2025-08-25T23:50:19Z,meat-and-seafood,True
0027600800000,Aspen Ridge Choice Beef Ribeye Steak Boneless - 2 Lb,55.98,,3132,2025-08-25T23:50:19Z,meat-and-seafood,True
0007274580489,PERDUE Simply Smart Organics Gluten Free Breaded Chicken Tenders Frozen Fully Cooked - 22 Oz,13.49,,3132,2025-08-25T23:50:19Z,meat-and-seafood,True
0002113037143,Chef's Counter Chimichurri Sirloin Steak - 12 Oz,8.99,,3132,2025-08-25T23:50:19Z,meat-and-seafood,True
0020234200000,USDA Choice Bottom Round Steak Thin Value Pack - 1.5 Lb,20.24,,3132,2025-08-25T23:50:19Z,meat-and-seafood,True
0007527890566,Foster Farms Chicken Breast Tenders Boneless Skinless Frozen - 40 Oz,13.99,,3132,2025-08-25T23:50:19Z,meat-and-seafood,True
0005369159994,Big Shoulders Pulled Pork In BBQ Sauce - 16 Oz,11.49,,3132,2025-08-25T23:50:19Z,meat-and-seafood,True
0023082200000,Crawfish Cooked Previously Frozen - 1 Lb,7.99,,3132,2025-08-25T23:50:19Z,meat-and-seafood,True
0020025300000,Rocky All Natural Free Range Boneless Skinless Chicken Breast Value Pack - 2.5 Lb,19.98,,3132,2025-08-25T23:50:19Z,meat-and-seafood,True
0020319200000,Pork Shoulder Country Style Ribs Boneless - 2 Lb,13.98,,3132,2025-08-25T23:50:19Z,meat-and-seafood,True
0002370001625,Tyson Frozen Grilled Chicken Breast Strips - 22 oz,10.49,,3132,2025-08-25T23:50:19Z,meat-and-seafood,True
0008463231522,Isernios Al Pastor Diced Pork 12oz - 12 OZ,7.49,,3132,2025-08-25T23:50:19Z,meat-and-seafood,True
0023014800000,Fresh Dover Sole Fillet 1 ct - 0.75 lb,5.24,,3132,2025-08-25T23:50:19Z,meat-and-seafood,True
0081166302160,Jack Daniels Baby Back Pork Ribs with Jack Daniels BBQ Sauce - 24 Oz,15.49,,3132,2025-08-25T23:50:19Z,meat-and-seafood,True
0027750200000,Chef's Counter/Signature SELECT Beef Tri Tip Steakhouse - 1.75 Lb,19.23,,3132,2025-08-25T23:50:19Z,meat-and-seafood,True
0006456322681,Yummy Dino Buddies Chicken Nugget - 56 Oz,14.99,,3132,2025-08-25T23:50:19Z,meat-and-seafood,True
0002113037610,Chef's Counter Mesquite Pork Chops P12 - 12 Oz,4.99,,3132,2025-08-25T23:50:19Z,meat-and-seafood,True
0082979301003,Del Real Foods Pork Slow Cooked Carnitas - 16 Oz,13.99,,3132,2025-08-25T23:50:19Z,meat-and-seafood,True
0002370001415,Tyson Anytizers Crispy Boneless Chicken Bites Bag - 1.5 lb,10.49,,3132,2025-08-25T23:50:19Z,meat-and-seafood,True
0082979300192,Del Real Chicken Tamale - 24 Oz,13.99,,3132,2025-08-25T23:50:19Z,meat-and-seafood,True
0007527899544,Foster Farms Chicken Breast Bites Buffalo - 24 Oz,12.99,,3132,2025-08-25T23:50:19Z,meat-and-seafood,True
0023003100000,Fresh Catfish Nuggets - 1 lb,6.99,,3132,2025-08-25T23:50:19Z,meat-and-seafood,True
0023023800000,Fresh Cooked Dungeness Crab Whole 1 ct - 1.75 lb,29.73,,3132,2025-08-25T23:50:19Z,meat-and-seafood,True
0020664700000,Open Nature Grass Fed Angus Boneless Ribeye Steak - .75 Lb,20.24,,3132,2025-08-25T23:50:19Z,meat-and-seafood,True
0020211000000,Signature Select Beef Flat Iron Steak Boneless - 1.5 Lb,28.49,,3132,2025-08-25T23:50:19Z,meat-and-seafood,True
0062790709390,Marcangelo Bacon Wrapped Chicken Breast Skewers - 9.87 OZ,5.99,,3132,2025-08-25T23:50:19Z,meat-and-seafood,True
0007527890564,Foster Farms Chicken Thighs Boneless Skinless Individually Frozen - 40 OZ,11.99,,3132,2025-08-25T23:50:19Z,meat-and-seafood,True
0002113012287,waterfront BISTRO Crabmeat Imitation Leg Style Fully Cooked - 8 Oz,2.49,,3132,2025-08-25T23:50:19Z,meat-and-seafood,True
0007989316468,O Organics Grass Fed Beef Steak Tenderloin - 10 Oz,29.99,,3132,2025-08-25T23:50:19Z,meat-and-seafood,True
0002370006023,Tyson Fully Cooked Chicken Patties - 23 Oz,7.49,,3132,2025-08-25T23:50:19Z,meat-and-seafood,True
0023007300000,Fresh Farmed Steelhead Trout Fillet Color Added - 1 lb,12.99,,3132,2025-08-25T23:50:19Z,meat-and-seafood,True
0002370006026,Tyson Frozen Chicken Nuggets - 29 oz,7.49,,3132,2025-08-25T23:50:19Z,meat-and-seafood,True
0081026402369,Kevins Natural Foods Paleo Cilantro Lime Chicken - 16 Oz,12.99,,3132,2025-08-25T23:50:19Z,meat-and-seafood,True
0002113037138,Chef's Counter Teriyaki Style Chicken Thigh - 16 Oz,5.99,,3132,2025-08-25T23:50:19Z,meat-and-seafood,True
0007024718082,Carando Mozzarella Rustica Italian Style Meatballs - 16 Oz,8.49,,3132,2025-08-25T23:50:19Z,meat-and-seafood,True
0005369153502,Big Shoulders Fajita Seasoned Chicken Strips 16 Oz - 16 OZ,7.49,,3132,2025-08-25T23:50:19Z,meat-and-seafood,True
0007701361581,Just Bare Lightly Breaded Chicken Breast Italian Style Strips - 24 Oz,15.99,,3132,2025-08-25T23:50:19Z,meat-and-seafood,True
0006456322188,Yummy Chicken Breast Tenders All Natural - 21.7 Oz,6.99,,3132,2025-08-25T23:50:19Z,meat-and-seafood,True
0002370006027,Tyson Stuffed Chicken Cordon Bleu Frozen 10 Oz - 10 OZ,6.99,,3132,2025-08-25T23:50:19Z,meat-and-seafood,True
0023031800000,Previously Frozen Raw Extra Jumbo Shrimp 16-20 ct - 1 lb,13.99,,3132,2025-08-25T23:50:19Z,meat-and-seafood,True
0007701361574,Just Bare Original Fully Cooked Chicken Breast Fillets - 24 oz,15.99,,3132,2025-08-25T23:50:19Z,meat-and-seafood,True
0076722633791,Sukhi's Indian Chicken Tikka Masala Gluten Free Prepared Meal - 15 Oz,12.99,,3132,2025-08-25T23:50:19Z,meat-and-seafood,True
0004440015630,Gortons Beer Batter Fish Fillets 11 Oz - 11.0 OZ,5.99,,3132,2025-08-25T23:50:19Z,meat-and-seafood,True
0002370001485,Tyson Southern Style Fully Cooked Chicken Breast Tenderloins - 25 oz,10.49,,3132,2025-08-25T23:50:19Z,meat-and-seafood,True
0026593600000,Foster Farms Simply Raised Chicken Breast Tenders No Antibiotic Ever - 1.25 LB,12.49,,3132,2025-08-25T23:50:19Z,meat-and-seafood,True
0023122700000,Atlantic Marinated Salmon With Citrus Lemon Portion 1 ct - 7 oz ea,6.99,,3132,2025-08-25T23:50:19Z,meat-and-seafood,True
0027468500000,USDA Choice Beef Eye of Round Steak - 1.00 Lb,15.49,,3132,2025-08-25T23:50:19Z,meat-and-seafood,True
0007527899733,Foster Farms Crispy Chicken Fillet W/buttermilk Ranch Sauce - 18 OZ,12.99,,3132,2025-08-25T23:50:19Z,meat-and-seafood,True
0006456322693,Yummy Dinosaur Chicken Breast Nuggets - 21 oz,6.99,,3132,2025-08-25T23:50:19Z,meat-and-seafood,True
0020563600000,Rosie Organic Chicken Party Wings - 1 lb,6.99,,3132,2025-08-25T23:50:19Z,meat-and-seafood,True
0002113014334,Waterfront Bistro Catfish Fillets - 16 Oz,8.99,,3132,2025-08-25T23:50:19Z,meat-and-seafood,True
0023009500000,Fresh Wild Pacific Rockfish Fillet - 1 lb,6.99,,3132,2025-08-25T23:50:19Z,meat-and-seafood,True
0002113012327,waterfront BISTRO Cooked Peeled Tail Off Salad Style Shrimp 91-110 Ct - 32 Oz,17.98,,3132,2025-08-25T23:50:19Z,meat-and-seafood,True
0023533300000,Seafood Service Counter Fish Rockfish Fillet Fresh Wild - 1.00 Lb,6.99,,3132,2025-08-25T23:50:19Z,meat-and-seafood,True
0004222226064,Jennie-o Frozen Turkey Burger Seasoned - 32 Oz,11.49,,3132,2025-08-25T23:50:19Z,meat-and-seafood,True
0007892978560,Lloyds Pork Ribs Babyback With Bbq Sauce - 2.5 Lb,22.49,,3132,2025-08-25T23:50:19Z,meat-and-seafood,True
0007701361559,Just Bare Fully Cooked Lightly Breaded Chicken Breast Strips - 24 oz,15.99,,3132,2025-08-25T23:50:19Z,meat-and-seafood,True
0002113034787,Signature Select Chicken Fajitas 16 Oz - 16 OZ,8.99,,3132,2025-08-25T23:50:19Z,meat-and-seafood,True
0020325000000,Pork Loin Country Style Ribs Boneless - 1.5 Lb,18.74,,3132,2025-08-25T23:50:19Z,meat-and-seafood,True
0007701361598,Just Bare Roasted Chicken Breast Bites - 22.08OZ,15.99,,3132,2025-08-25T23:50:19Z,meat-and-seafood,True
0020206400000,USDA Choice Beef Rib Steak Bone In - 2.00 Lb,51.98,,3132,2025-08-25T23:50:19Z,meat-and-seafood,True
0020522700000,Open Nature Boneless Skinless All Natural Chicken Breast Value Pack - 3 lb,22.47,,3132,2025-08-25T23:50:19Z,meat-and-seafood,True
0002113037607,Chef's Counter Garlic Herb Pork Chops P12 - 12 Oz,4.99,,3132,2025-08-25T23:50:19Z,meat-and-seafood,True
0020235400000,USDA Choice Beef Eye Of Round Steak Thin Cut - 1 Lb,14.99,,3132,2025-08-25T23:50:19Z,meat-and-seafood,True
0020818100000,Meat Service Counter USDA Choice Beef Top Round London Broil - 2.50 Lb,39.98,,3132,2025-08-25T23:50:19Z,meat-and-seafood,True
0002370001866,Tyson Frozen Crispy Chicken Breast Strips Family Pack - 40 Oz,19.99,,3132,2025-08-25T23:50:19Z,meat-and-seafood,True
0002113011042,Signature SELECT Turkey Meatballs - 24 oz,8.99,,3132,2025-08-25T23:50:19Z,meat-and-seafood,True
0007274581512,PERDUE Air Fryer Ready Roasted Crispy Chicken Wings - 22 oz,13.49,,3132,2025-08-25T23:50:19Z,meat-and-seafood,True
0028248700000,Pork Spareribs Whiskey Black Pepper Rub - LB,18.27,,3132,2025-08-25T23:50:19Z,meat-and-seafood,True
0026584400000,Foster Farms Simply Raised Chicken Wings - 1.25 lb,9.99,,3132,2025-08-25T23:50:19Z,meat-and-seafood,True
0007274580423,PERDUE Frozen Fully Cooked Panko Breaded Chicken Breast - 29 oz,7.49,,3132,2025-08-25T23:50:19Z,meat-and-seafood,True
0020209000000,USDA Choice Beef Back Ribs - 1.75 Lb,10.48,,3132,2025-08-25T23:50:19Z,meat-and-seafood,True
0007527899497,Foster Farms Chicken Wings Honey BBQ - 22 Oz,8.99,,3132,2025-08-25T23:50:19Z,meat-and-seafood,True
0020211100000,Signature Select Beef Boneless Flank Steak - 1.75 Lb,34.98,,3132,2025-08-25T23:50:19Z,meat-and-seafood,True
0002370006024,Tyson Frozen Spicy Chicken Patties - 23 OZ,7.49,,3132,2025-08-25T23:50:19Z,meat-and-seafood,True
0005369153175,Big Shoulders Back Rib Sweet & Smoky Sugar Rib - 32 OZ,19.99,,3132,2025-08-25T23:50:19Z,meat-and-seafood,True
0020581000000,ROCKY Boneless Skinless Chicken Breasts - 1.25 lb,11.24,,3132,2025-08-25T23:50:19Z,meat-and-seafood,True
0003469512570,John Soules Chicken Fajitas Family Size Fully Cooked - 16 Oz,7.99,,3132,2025-08-25T23:50:19Z,meat-and-seafood,True
0002113012326,waterfront BISTRO Cooked Shell Off Tail On Shrimp 51-60 Ct - 32 Oz,19.98,,3132,2025-08-25T23:50:19Z,meat-and-seafood,True
0002113037136,Chef's Counter Lemon Peppercorn Chicken Breast - 12 Oz,5.99,,3132,2025-08-25T23:50:19Z,meat-and-seafood,True
0020589600000,Chicken Breast Boneless Skinless Diced - 1.5 Lb,8.99,,3132,2025-08-25T23:50:19Z,meat-and-seafood,True
0007708340718,Rosina Meatballs Italian Style - 26 Oz,10.99,,3132,2025-08-25T23:50:19Z,meat-and-seafood,True
0007527890979,Foster Farms Chicken Breast Strips Grilled - 20 Oz,12.99,,3132,2025-08-25T23:50:19Z,meat-and-seafood,True
0020523300000,Open Nature Chicken Thighs Bone-in Air Chill - 2.00 Lb,7.98,,3132,2025-08-25T23:50:19Z,meat-and-seafood,True
0020331300000,Thin Bone-In Pork Loin Chops - 1.5 Lb,9.74,,3132,2025-08-25T23:50:19Z,meat-and-seafood,True
0002370001627,Tyson Oven Roasted Diced Grilled & Ready Chicken Breast - 22 oz,10.49,,3132,2025-08-25T23:50:19Z,meat-and-seafood,True
0003039210141,Oysters Medium Fresh - 10 Oz,8.99,,3132,2025-08-25T23:50:19Z,meat-and-seafood,True
0082840481400,Stoneridge Ranch Shaved Pastrami - 14 Oz,13.99,,3132,2025-08-25T23:50:19Z,meat-and-seafood,True
0003666906177,Cooked Perfect Turkey Meatballs - 20 OZ,7.99,,3132,2025-08-25T23:50:19Z,meat-and-seafood,True
0081669702107,Impossible Burger Patties Made From Plants - 24 oz,18.49,,3132,2025-08-25T23:50:19Z,meat-and-seafood,True
0003469512460,John Soules Beef Fajitas Family Size Fully Cooked - 14 Oz,16.99,,3132,2025-08-25T23:50:19Z,meat-and-seafood,True
0081026402373,Kevins Natural Foods Thai Style Coconut Chicken - 16 Oz.,12.99,,3132,2025-08-25T23:50:19Z,meat-and-seafood,True
0028348900000,USDA Choice Beef Taco Meat Carne Asada Marinated Up To 10% Solution - 1 Lb,14.99,,3132,2025-08-25T23:50:19Z,meat-and-seafood,True
0020078400000,Rocky All Natural Free Range Thin Sliced Boneless Skinless Chicken Breast - 1.25 Lb,12.49,,3132,2025-08-25T23:50:19Z,meat-and-seafood,True
0023626600000,Frozen Cooked Dungeness Crab Whole  1 ct - 1.50 lb (subject to availability),28.49,,3132,2025-08-25T23:50:19Z,meat-and-seafood,True
0023023200000,Previously Frozen Cooked Crawfish Whole - 1 lb,5.99,,3132,2025-08-25T23:50:19Z,meat-and-seafood,True
0023199300000,Open Nature Alaskan Cod Wild Fillets Not Kosher Certified - 1 Lb,12.99,,3132,2025-08-25T23:50:19Z,meat-and-seafood,True
0023869300000,Shrimpmeat Cooked Salad Style Salt Added Fresh - 1 Lb,6.99,,3132,2025-08-25T23:50:19Z,meat-and-seafood,True
0020319800000,Pork Shoulder Blade Steak - 1.5 Lb,8.99,,3132,2025-08-25T23:50:19Z,meat-and-seafood,True
0006456322701,Yummy Chkn Brst Nuggets - 28 OZ,11.49,,3132,2025-08-25T23:50:19Z,meat-and-seafood,True
0007274581513,Perdue Air Fryer Ready Crispy Wings - 22 Oz,13.49,,3132,2025-08-25T23:50:19Z,meat-and-seafood,True
0027667100000,Signature SELECT Chicken Thighs Boneless Skinless - 1 Lb,4.99,,3132,2025-08-25T23:50:19Z,meat-and-seafood,True
0026580800000,Foster Farms Simply Raised Chicken Drumsticks No Antibiotics Ever - 2.50 LB,9.98,,3132,2025-08-25T23:50:19Z,meat-and-seafood,True
0062790711345,Bacon Wrapped Bratwurst Sausages 17.6 Oz - 17.6 OZ,5.99,,3132,2025-08-25T23:50:19Z,meat-and-seafood,True
0002113012285,waterfront BISTRO Crabmeat Imitation Flake Style Fully Cooked - 8 Oz,2.49,,3132,2025-08-25T23:50:19Z,meat-and-seafood,True
0002113012325,waterfront BISTRO Shrimp Cooked Large Tail On Frozen 31-40 Count - 2 Lb,17.98,,3132,2025-08-25T23:50:19Z,meat-and-seafood,True
0089533400106,Jack Daniels Pulled Pork Seasoned and Cooked - 16 Oz,10.99,,3132,2025-08-25T23:50:19Z,meat-and-seafood,True
0005369153049,Big Shoulders Boneless Ribs In BBQ Sauce - 16 Oz,11.49,,3132,2025-08-25T23:50:19Z,meat-and-seafood,True
0023022300000,Previously Frozen Cooked Snow Crab Cluster 1 ct - 0.5 lb,13.5,,3132,2025-08-25T23:50:19Z,meat-and-seafood,True
0007274580471,PERDUE Frozen Fully Cooked Crispy Chicken Strips - 26 oz,12.99,,3132,2025-08-25T23:50:19Z,meat-and-seafood,True
0007708340712,Rosina Angus Beef Meatballs - 20 Oz,10.99,,3132,2025-08-25T23:50:19Z,meat-and-seafood,True
0020083600000,Thin Sliced Boneless Skinless Chicken Breasts - 1.5 lb,8.99,,3132,2025-08-25T23:50:19Z,meat-and-seafood,True
0020672800000,Open Nature Beef Grass Fed Angus Stew Meat - 1 Lb,10.99,,3132,2025-08-25T23:50:19Z,meat-and-seafood,True
0020256700000,USDA Choice Beef Cubed Steak - 1 Lb,15.99,,3132,2025-08-25T23:50:19Z,meat-and-seafood,True
0007708340721,Rosina Meatballs Home Style - 26 Oz,10.99,,3132,2025-08-25T23:50:19Z,meat-and-seafood,True
0020490500000,ROSIE Organic Chicken Breast Boneless Skinless Thin Sliced - 1.25 Lb,13.74,,3132,2025-08-25T23:50:19Z,meat-and-seafood,True
0020654700000,Open Nature New York Boneless Steak Grass Fed Angus Beef Top Loin Butcher Counter - 0.8 Lb,16.79,,3132,2025-08-25T23:50:19Z,meat-and-seafood,True
0007813971065,Crazy Cuizine Potstickers Chicken - 20 Oz,6.99,,3132,2025-08-25T23:50:19Z,meat-and-seafood,True
0026081300000,Foster Farms Chicken Livers Fresh - 1.00 LB,3.49,,3132,2025-08-25T23:50:19Z,meat-and-seafood,True
0002113037134,Chef's Counter Italian Style Chicken Breast - 12 Oz,5.99,,3132,2025-08-25T23:50:19Z,meat-and-seafood,True
0081026402371,Kevins Natural Foods Korean Style Bbq Chicken - 16 Oz.,12.99,,3132,2025-08-25T23:50:19Z,meat-and-seafood,True
0007527800607,Foster Farms Chicken Breast Strips Southwestern Seasoned - 6 Oz,5.99,,3132,2025-08-25T23:50:19Z,meat-and-seafood,True
0082979306102,Carnitas And Cheese Mini Pupusa - 16.8 Oz,11.99,,3132,2025-08-25T23:50:19Z,meat-and-seafood,True
0009222782310,Amylu Chicken Meatballs Roasted Garlic 10 Oz - 10 OZ,7.99,,3132,2025-08-25T23:50:19Z,meat-and-seafood,True
0003760047371,Hormel Slow Simmered Beef Roast Au Jus - 15 Oz.,13.79,,3132,2025-08-25T23:50:19Z,meat-and-seafood,True
0068644331310,Red Bird Farms Chicken Tres Chiles Frozen - 32 OZ,8.49,,3132,2025-08-25T23:50:19Z,meat-and-seafood,True
0002370006025,Tyson Frozen Chicken Nuggets Family Pack - 64 OZ,19.99,,3132,2025-08-25T23:50:19Z,meat-and-seafood,True
0028270700000,Chicken Thighs Boneless Teriyaki Orange Marinade Up To 10% Solution - LB,5.24,,3132,2025-08-25T23:50:19Z,meat-and-seafood,True
0007274580411,PERDUE Chicken Breast Patties Fully Cooked Frozen Meal - 28.8 Oz,7.49,,3132,2025-08-25T23:50:19Z,meat-and-seafood,True
0023098200000,Seafood Counter Fish Catfish Headed & Gutted Skinless Fresh - 1.50 LB,14.99,,3132,2025-08-25T23:50:19Z,meat-and-seafood,True
0007527890974,Foster Farms Crispy Chicken Strips - 24 oz,12.99,,3132,2025-08-25T23:50:19Z,meat-and-seafood,True
0027469000000,USDA Choice Beef for Stew - 1.00 Lb,15.99,,3132,2025-08-25T23:50:19Z,meat-and-seafood,True
0007527890969,Foster Farms Chicken Breast Nuggets - 33.6 Oz,11.99,,3132,2025-08-25T23:50:19Z,meat-and-seafood,True
0020490700000,Rosie Boneless Skinless Organic Chicken Breasts - 1.25 lb,13.74,,3132,2025-08-25T23:50:19Z,meat-and-seafood,True
0003666906175,Cooked Perfect Angus Beef Meatballs - 18 Oz,7.99,,3132,2025-08-25T23:50:19Z,meat-and-seafood,True
0002113030253,Signature SELECT Homestyle Bite Size Meatballs - 26 oz,8.99,,3132,2025-08-25T23:50:19Z,meat-and-seafood,True
0081026402677,Kevin's Honey Garlic Beef - 16 Oz,14.99,,3132,2025-08-25T23:50:19Z,meat-and-seafood,True
0007527890973,Foster Farms Chicken Strips Buffalo Style Hot - 24 Oz,12.99,,3132,2025-08-25T23:50:19Z,meat-and-seafood,True
0003469512286,John Soules Chicken Breast Fajita - 8 Oz,7.99,,3132,2025-08-25T23:50:19Z,meat-and-seafood,True
0002113032289,Signature Select Chicken Breast Diced Pieces Fz 40 Oz - 40 OZ,14.99,,3132,2025-08-25T23:50:19Z,meat-and-seafood,True
0007527899644,Foster Farms Chicken Breast Nugget Spicy - 28 OZ,11.99,,3132,2025-08-25T23:50:19Z,meat-and-seafood,True
0081002093547,Jack Daniels Thin Sliced Beef Brisket - 15 OZ,15.99,,3132,2025-08-25T23:50:19Z,meat-and-seafood,True
0007989316471,O Organics Beef Steak Top Loin Grass Fed - 10 Oz,22.99,,3132,2025-08-25T23:50:19Z,meat-and-seafood,True
0005369153505,Big Shoulders Rotisserie Seasoned Pulled Chicken 16 Oz - 16 OZ,7.49,,3132,2025-08-25T23:50:19Z,meat-and-seafood,True
0020441400000,Branding Iron Ranch Beef Carne Asada Service Case - 1.75 Lb,22.73,,3132,2025-08-25T23:50:19Z,meat-and-seafood,True
0028421800000,Meat Counter Pork Country Style Rib Boneless - 1.50 LB,7.99,,3132,2025-08-25T23:50:19Z,meat-and-seafood,True
0023246400000,Oysters BBQ Farm Fresh - EA (Subject to Availability),1.69,,3132,2025-08-25T23:50:19Z,meat-and-seafood,True
0007527899672,Foster Farms Take Out crispy Chicken Wings Sweet Chipotle Bbq - 16 Oz,8.99,,3132,2025-08-25T23:50:19Z,meat-and-seafood,True
0002113020645,Signature SELECT Baby Back Ribs Barbeque Famly Pack - 24 Oz,16.99,,3132,2025-08-25T23:50:19Z,meat-and-seafood,True
0020786300000,Signature Select Chicken Breast Boneless Skinless - 2 lb,13.98,,3132,2025-08-25T23:50:19Z,meat-and-seafood,True
0007527890543,Sunland Chicken Breasts Boneless Individually Frozen - 64 Oz,12.99,,3132,2025-08-25T23:50:19Z,meat-and-seafood,True
0027647400000,Aspen Ridge Choice Beef Tenderloin Steak - 1 Lb,34.99,,3132,2025-08-25T23:50:19Z,meat-and-seafood,True
0027468400000,USDA Choice Beef Bottom Round Steak - 1.00 Lb,13.49,,3132,2025-08-25T23:50:19Z,meat-and-seafood,True
0007527890563,Foster Farms Chicken Breast Fillets With Rib Meat Boneless Skinless - 40 Oz,13.99,,3132,2025-08-25T23:50:19Z,meat-and-seafood,True
0003760025756,Hormel Meatloaf Homestyle - 15 Oz,10.99,,3132,2025-08-25T23:50:19Z,meat-and-seafood,True
0023783400000,Shrimp Raw Frozen 31 To 40 Count - 1 Lb,6.99,,3132,2025-08-25T23:50:19Z,meat-and-seafood,True
0020747200000,Chicken Drumsticks Service Case - 2 Lb,3.98,,3132,2025-08-25T23:50:19Z,meat-and-seafood,True
0007274580431,PERDUE Breaded Fully Cooked No Antibiotics Ever Chicken Breast Tenders Sealed Bag - 29 oz,7.49,,3132,2025-08-25T23:50:19Z,meat-and-seafood,True
0002113018041,Signature Select Beef Patties 73% Lean 27% Fat 80 Oz - 80 OZ,23.49,,3132,2025-08-25T23:50:19Z,meat-and-seafood,True
0087797100651,Royal Asia Shrimp Wonton Soup - 16 OZ,5.99,,3132,2025-08-25T23:50:19Z,meat-and-seafood,True
0003469512262,John Soules Beef Fajitas Fully Cooked - 6 Oz,8.49,,3132,2025-08-25T23:50:19Z,meat-and-seafood,True
0023016900000,Tilapia Fillet Fresh - 1 Lb,7.99,,3132,2025-08-25T23:50:19Z,meat-and-seafood,True
0062790711556,Marcangelo Chicken Breast Skewers Teriyaki 11.28 Oz - 11.280Z,5.99,,3132,2025-08-25T23:50:19Z,meat-and-seafood,True
0023013800000,Fish Salmon Sockeye Steak Fresh Service Case - 1 Lb,27.99,,3132,2025-08-25T23:50:19Z,meat-and-seafood,True
0081188403116,Pork Tocino - 12 Oz,6.49,,3132,2025-08-25T23:50:19Z,meat-and-seafood,True
0020331000000,Pork Loin Chops Bone In - 1.50 Lb,8.99,,3132,2025-08-25T23:50:19Z,meat-and-seafood,True
0007701301065,Pilgrim's Breaded Popcorn Chicken - 24 Oz,6.99,,3132,2025-08-25T23:50:19Z,meat-and-seafood,True
0002370001409,Tyson Buffalo Style Frozen Chicken Strips - 25 Oz,10.49,,3132,2025-08-25T23:50:19Z,meat-and-seafood,True
0007701301317,Pilgrims Chicken Pot Pie Loaded Nuggets - 19.2 Oz,6.99,,3132,2025-08-25T23:50:19Z,meat-and-seafood,True
0002113012637,waterfront BISTRO Crab Meat Claw Wild Caught Ready To Eat - 8 Oz,10.99,,3132,2025-08-25T23:50:19Z,meat-and-seafood,True
0004849911348,Cantellas Taco Style Seasoned Ground Chicken - 16 OZ,8.79,,3132,2025-08-25T23:50:19Z,meat-and-seafood,True
0007527895146,Foster Farms Mini Chicken Corn Dogs 84 Count Bag - 56 OZ,20.99,,3132,2025-08-25T23:50:19Z,meat-and-seafood,True
0009477621202,Clams Italiana - 15.90 Oz,10.99,,3132,2025-08-25T23:50:19Z,meat-and-seafood,True
0023027400000,Sea Scallops Under 15 Count Per Pound Colossal Size Previously Frozen - 1 Lb,21.99,,3132,2025-08-25T23:50:19Z,meat-and-seafood,True
0007813971035,Crazy Cuizine Potstickers Pork - 20 Oz,6.99,,3132,2025-08-25T23:50:19Z,meat-and-seafood,True
0007527890941,Foster Farms Orange Chicken - 24 Oz,12.99,,3132,2025-08-25T23:50:19Z,meat-and-seafood,True
0023225900000,Tilapia Whole Fresh - 1 Lb,0.5,,3132,2025-08-25T23:50:19Z,meat-and-seafood,True
0002370001493,Tyson Anytizers Frozen Sweet Bbq Flavored Boneless Chicken Bites Bag - 1.5 Lb,10.49,,3132,2025-08-25T23:50:19Z,meat-and-seafood,True
0020580800000,ROCKY Chicken Drumsticks - 1.25 LB,4.99,,3132,2025-08-25T23:50:19Z,meat-and-seafood,True
0002113012636,waterfront BISTRO Crab Meat Lump Wild Caught Ready To Eat - 8 Oz,17.99,,3132,2025-08-25T23:50:19Z,meat-and-seafood,True
0023004700000,Fresh Catfish Fillet - 1 lb,12.99,,3132,2025-08-25T23:50:19Z,meat-and-seafood,True
0003666906485,Italian Style Meatballs - 40 Oz,15.99,,3132,2025-08-25T23:50:19Z,meat-and-seafood,True
0002113012590,Signature SELECT Baby Back Ribs Barbeque 49ers - 24 Oz,16.99,,3132,2025-08-25T23:50:19Z,meat-and-seafood,True
0002113021055,Signature Select/Farms Chicken Thighs Boneless Skinless Frozen - 40 Oz,11.99,,3132,2025-08-25T23:50:19Z,meat-and-seafood,True
0002113033991,Signature Select Chicken Hawaiian Style - 16 Oz,8.99,,3132,2025-08-25T23:50:19Z,meat-and-seafood,True
0007527899547,Foster Farms Popcorn Chicken - 24 oz,12.99,,3132,2025-08-25T23:50:19Z,meat-and-seafood,True
0007989311611,Open Nature Ground Chicken - 16 oz,9.99,,3132,2025-08-25T23:50:19Z,meat-and-seafood,True
0023281300000,Seafood Halibut Fresh Portion - 6 Oz,12.99,,3132,2025-08-25T23:50:19Z,meat-and-seafood,True
0008463244192,Isernio's Ground Chicken 32 Oz - 32 OZ,19.99,,3132,2025-08-25T23:50:19Z,meat-and-seafood,True
0002113037145,Chef's Counter Tangy Orange Chicken Breast Strips - 16 Oz,6.49,,3132,2025-08-25T23:50:19Z,meat-and-seafood,True
0023541000000,Fresh Prince Edward Island Mussels - 1 lb,7.99,,3132,2025-08-25T23:50:19Z,meat-and-seafood,True
0007527801405,Foster Farms Chicken Breast Shredded - 12 Oz,9.99,,3132,2025-08-25T23:50:19Z,meat-and-seafood,True
0002113032835,Signature SELECT Meatball Italian Dinner Size - 26 Oz,8.99,,3132,2025-08-25T23:50:19Z,meat-and-seafood,True
0062790710878,Marcangelo Bacon Wrapped Italian Pork Sausage Spicy Italian - 17.6 OZ,7.99,,3132,2025-08-25T23:50:19Z,meat-and-seafood,True
0007527899496,Foster Farms Chicken Wings Hot & Spicy - 22 Oz,8.99,,3132,2025-08-25T23:50:19Z,meat-and-seafood,True
0081669702304,Impossible Meatballs Made From Plants - 14 OZ,10.99,,3132,2025-08-25T23:50:19Z,meat-and-seafood,True
0023180000000,Halibut Fillet Fresh - 1 Lb,26.99,,3132,2025-08-25T23:50:19Z,meat-and-seafood,True
0007274580700,PERDUE Frozen Fully Cooked Chicken Breasts - 22 oz,7.49,,3132,2025-08-25T23:50:19Z,meat-and-seafood,True
0023165000000,Shrimp 31/40 Raw Peeled & Deveined Hatch Chili - LB,26.63,,3132,2025-08-25T23:50:19Z,meat-and-seafood,True
0023040100000,Service Case Fresh Cooked Salt Added Shrimp Meat - 1 lb,6.99,,3132,2025-08-25T23:50:19Z,meat-and-seafood,True
0007989312269,Open Nature Fully Cooked Wild Caught Peeled Tail Off Shrimp Meat - 16 Oz,8.99,,3132,2025-08-25T23:50:19Z,meat-and-seafood,True
0028229800000,Ready Meals Spinach Feta Cream Cheese Stuffed Chicken Breast 18 Oz - Lb,10.8,,3132,2025-08-25T23:50:19Z,meat-and-seafood,True
0023021600000,Previously Frozen Cooked Dungeness Crab Section 1 ct - 0.50 lb,13.5,,3132,2025-08-25T23:50:19Z,meat-and-seafood,True
0002113034786,Signature Select Chicken White Wine Pepper Sauce 16 Oz - 16 OZ,8.99,,3132,2025-08-25T23:50:19Z,meat-and-seafood,True
0028273000000,Chicken Breasts Garlic Parmesan Marinade Up To 10% Solution - 0.5 Lb,2.5,,3132,2025-08-25T23:50:19Z,meat-and-seafood,True
0007701361610,Just Bare Oven Roasted Chicken Breast Bites 19.2 Oz - 19.2 OZ,15.99,,3132,2025-08-25T23:50:19Z,meat-and-seafood,True
0023006500000,Seafood Service Counter Fish Halibut Steak Fresh - 1.00 Lb,24.99,,3132,2025-08-25T23:50:19Z,meat-and-seafood,True
0002113012639,waterfront BISTRO Crab Meat Jumbo Lump Wild Caught Ready To Eat - 8 Oz,31.99,,3132,2025-08-25T23:50:19Z,meat-and-seafood,True
0002113012571,waterfront BISTRO Shrimp Gulf Raw Wild Caught Shell & Tail On Jumbo 21 To 25 Count - 16 Oz,10.99,,3132,2025-08-25T23:50:19Z,meat-and-seafood,True
0081026402550,Kevin's Natural Foods Mongolian Style Beef - 16 Oz,14.99,,3132,2025-08-25T23:50:19Z,meat-and-seafood,True
0020524000000,O Organics Boneless Skinless Chicken Breasts - 1.5 lb,14.99,,3132,2025-08-25T23:50:19Z,meat-and-seafood,True
0006456322796,Yummy All Natural Alphabet-Shaped Chicken Breast Nuggets - 21 Oz,6.99,,3132,2025-08-25T23:50:19Z,meat-and-seafood,True
0007274581511,Perdue Air Fryer Ready Hot N Spicy Crispy Wings - 22 Oz,13.49,,3132,2025-08-25T23:50:19Z,meat-and-seafood,True
0082979303213,Del Real Chicken Al Pastor Strips - 15 OZ,13.99,,3132,2025-08-25T23:50:19Z,meat-and-seafood,True
0020743200000,Pork Chop Loin Top Loin Chops Boneless Service Case - 1.5 Lb.,17.99,,3132,2025-08-25T23:50:19Z,meat-and-seafood,True
0023506800000,Seafood Counter Ahi Shoyu Poke P/F Co - 0.50 LB,8.49,,3132,2025-08-25T23:50:19Z,meat-and-seafood,True
0002113037135,Chef's Counter Smoky Bbq Seasoned Chicken - 12 Oz,5.99,,3132,2025-08-25T23:50:19Z,meat-and-seafood,True
0023821700000,Seafood Counter Wfb Shrimp 31-40 Peeled & Deveined - 1.00 LB,12.99,,3132,2025-08-25T23:50:19Z,meat-and-seafood,True
0023240100000,Ceviche Shrimp Tropical - 1 Lb,12.99,,3132,2025-08-25T23:50:19Z,meat-and-seafood,True
0002113012627,waterfront BISTRO Cooked Shrimp with Cocktail Sauce - 16 Oz,9.99,,3132,2025-08-25T23:50:19Z,meat-and-seafood,True
0004542516714,Dockside Classics Lobster Cakes Gourmet 4 Count - 12 Oz,7.49,,3132,2025-08-25T23:50:19Z,meat-and-seafood,True
0007274580656,PERDUE Simple Smart Organics Breaded Chicken Breast Nuggets Gluten Free Fully Cooked Meal - 22 Oz,13.49,,3132,2025-08-25T23:50:19Z,meat-and-seafood,True
0027600900000,Aspen Ridge Natural Angus USDA Choice Beef Boneless New York Strip Steak - 1.00 Lb,30.99,,3132,2025-08-25T23:50:19Z,meat-and-seafood,True
0007433800761,Sabrett Franks In A Blanket - 12.5 OZ,10.99,,3132,2025-08-25T23:50:19Z,meat-and-seafood,True
0002113012295,waterfront BISTRO Frozen Cooked Tail On Extra Large Shrimp 21-25 Ct - 2 Lb,25.98,,3132,2025-08-25T23:50:19Z,meat-and-seafood,True
0081291600753,Mays Beef Patties Regular - 32 Oz,15.99,,3132,2025-08-25T23:50:19Z,meat-and-seafood,True
0002113037139,Chef's Counter Balsamic Peppercorn Beef Tips - 16 Oz,11.99,,3132,2025-08-25T23:50:19Z,meat-and-seafood,True
0062790711557,Marcangelo Chicken Skewer Sweet Chili Lime 11.28 Oz - 11.28OZ,5.99,,3132,2025-08-25T23:50:19Z,meat-and-seafood,True
0082749200013,Hacienda Chicken Feet - 48 OZ,8.99,,3132,2025-08-25T23:50:19Z,meat-and-seafood,True
0088831300030,Nathan's Bagel Dogs - 16 Oz,7.99,,3132,2025-08-25T23:50:19Z,meat-and-seafood,True
0007527899674,Foster Farms Take Out Crispy Wings Chipotle Bbq - 64 Oz,34.99,,3132,2025-08-25T23:50:19Z,meat-and-seafood,True
0002370006028,Tyson Chicken Broccoli & Cheese 10 Oz - 10 OZ,6.99,,3132,2025-08-25T23:50:19Z,meat-and-seafood,True
0007527899675,Foster Farms Take Out Crispy Wings Classic Buffalo - 64 Oz,34.99,,3132,2025-08-25T23:50:19Z,meat-and-seafood,True
0028244700000,Pork St Louis Style Ribs - LB,26.28,,3132,2025-08-25T23:50:19Z,meat-and-seafood,True
0020879900000,ROCKY Chicken Wings Party Wings Service Case - 1 Lb,6.99,,3132,2025-08-25T23:50:19Z,meat-and-seafood,True
0006456322697,Chicken Nuggets Dinosaur Gf - 18 Oz,6.99,,3132,2025-08-25T23:50:19Z,meat-and-seafood,True
0028227700000,Ready Meals Apple Cranberry Cornbread Stuffed Porkchops - 0.5 Lb,10.8,,3132,2025-08-25T23:50:19Z,meat-and-seafood,True
0007527800606,Foster Farms Chicken Breast Strips Grilled - 6 Oz,5.99,,3132,2025-08-25T23:50:19Z,meat-and-seafood,True
0007274580377,PERDUE Simply Smart Organics Lightly Breaded Chicken Breast Dino Nuggets Fully Cooked - 24 Oz,13.49,,3132,2025-08-25T23:50:19Z,meat-and-seafood,True
0004542516544,Dockside Classics Crab Cakes Premium 4 Count - 12 Oz,7.49,,3132,2025-08-25T23:50:19Z,meat-and-seafood,True
0081669702114,Impossible Made From Plants Chicken Nuggets - 13.5 Oz,10.99,,3132,2025-08-25T23:50:19Z,meat-and-seafood,True
0004311546510,Richwood Meat Co. Beef Sirloin Patties - 42.5 Oz,18.99,,3132,2025-08-25T23:50:19Z,meat-and-seafood,True
0002113037612,Chefs Counter Pork Medallions Chimichurri P12 16 Oz - 16 OZ,7.99,,3132,2025-08-25T23:50:19Z,meat-and-seafood,True
0028241900000,Pork Backribs - LB,13.3,,3132,2025-08-25T23:50:19Z,meat-and-seafood,True
0023024900000,Squid/Calamari Steak Raw Previously Frozen - 1 LB,9.99,,3132,2025-08-25T23:50:19Z,meat-and-seafood,True
0028282200000,Signature Select Pork Spareribs 1 Lb - LB,20.05,,3132,2025-08-25T23:50:19Z,meat-and-seafood,True
0009222781110,Amylu Sea Salt Cracked Black Pepper Chicken Meatballs 10 Oz - 10 OZ,7.99,,3132,2025-08-25T23:50:19Z,meat-and-seafood,True
0081026402742,Kevin'S Orange Chicken - 16 Oz,12.99,,3132,2025-08-25T23:50:19Z,meat-and-seafood,True
0087797100741,Royal Asia Sesame Shrimp Toast Sweet Chili Sauce 10oz - 10 OZ,5.99,,3132,2025-08-25T23:50:19Z,meat-and-seafood,True
0071516604417,Trans Ocean Crab Classic Flake Style - 8 Oz,3.99,,3132,2025-08-25T23:50:19Z,meat-and-seafood,True
0003760015491,Hormel Beef Tips & Gravy Slow Simmered - 15 Oz,13.79,,3132,2025-08-25T23:50:19Z,meat-and-seafood,True
0020189800000,USDA Choice Beef Chuck Cross Rib Steak Boneless Thin Value Pack - 2 Lb,28.98,,3132,2025-08-25T23:50:19Z,meat-and-seafood,True
0023737000000,Seafood Counter Shrimp Raw 13-15 Ct Selva Service Case - 1.00 LB,14.99,,3132,2025-08-25T23:50:19Z,meat-and-seafood,True
0027470300000,Chicken Drumstick - LB,7.15,,3132,2025-08-25T23:50:19Z,meat-and-seafood,True
0062790711603,Marcangelo Chicken Breast Skewer Sweet Bbq 11.28 Oz - 11.28OZ,5.99,,3132,2025-08-25T23:50:19Z,meat-and-seafood,True
0007989312655,Open Nature Alaska Cod Fillet Wild Caught - 12 Oz,14.99,,3132,2025-08-25T23:50:19Z,meat-and-seafood,True
0028248800000,Pork Spareribs Kansas City Rub - LB,24.26,,3132,2025-08-25T23:50:19Z,meat-and-seafood,True
0027075400000,Chicken Kabob with Vegetables 12 Oz 1 Count - Each,8.99,,3132,2025-08-25T23:50:19Z,meat-and-seafood,True
0087797100005,Royal Asia Shrimp Dumplings Dim Sum Ring - 7 OZ,5.99,,3132,2025-08-25T23:50:19Z,meat-and-seafood,True
0082979309153,Del Real Cilantro Lime Chicken - 15 OZ,13.99,,3132,2025-08-25T23:50:19Z,meat-and-seafood,True
0023469900000,Seafood Counter Fish Trout Steelhead Trout Fillet Fresh Color Added - 1.00 Lb,12.99,,3132,2025-08-25T23:50:19Z,meat-and-seafood,True
0028323700000,Niman Ranch Pork Loin Chop Boneless 3 Pack - LB,13.19,,3132,2025-08-25T23:50:19Z,meat-and-seafood,True
0002370001412,Tyson Fully Cooked Honey Battered Frozen Chicken Breast Tenders - 25.5 Oz,7.49,,3132,2025-08-25T23:50:19Z,meat-and-seafood,True
0020214300000,New York Bone In Thin Cut Steak USDA Choice Beef Top Loin Small Pack - 1.00 Lb,24.99,,3132,2025-08-25T23:50:19Z,meat-and-seafood,True
0020747100000,Chicken Thighs Bone In Service Case - 1 Lb,1.99,,3132,2025-08-25T23:50:19Z,meat-and-seafood,True
0023684000000,Oysters BBQ Shell 3 Oz Farmed Fresh 1 Count - Each,1.69,,3132,2025-08-25T23:50:19Z,meat-and-seafood,True
0002462713094,Miami Beef Smashed Burgers 32 Oz - 32 OZ,11.99,,3132,2025-08-25T23:50:19Z,meat-and-seafood,True
0089533400108,Jack Daniels Pulled Chicken Seasoned & Cooked White Meat - 16 Oz,10.99,,3132,2025-08-25T23:50:19Z,meat-and-seafood,True
0007527895144,Foster Farms Mini Chicken Corn Dogs - 13.3 OZ,8.99,,3132,2025-08-25T23:50:19Z,meat-and-seafood,True
0071516604418,Trans Ocean Crab Classic Leg Style - 8 Oz,3.99,,3132,2025-08-25T23:50:19Z,meat-and-seafood,True
0023241200000,Ceviche Surimi - LB,10.49,,3132,2025-08-25T23:50:19Z,meat-and-seafood,True
0023034300000,Service Case Previously Frozen Cooked Tiny Shrimp  91-110 ct - 1 lb,9.99,,3132,2025-08-25T23:50:19Z,meat-and-seafood,True
0023139900000,Frozen Wild Coho Salmon Fillet Individually Vacuumed Pack - 0.5 Lb,17.84,,3132,2025-08-25T23:50:19Z,meat-and-seafood,True
0007989312657,Open Nature Shrimp Raw Wild Caught Peeled & Deveined 31 To 40 Count - 16 Oz,16.99,,3132,2025-08-25T23:50:19Z,meat-and-seafood,True
0002113012702,waterfront BISTRO Shrimp Cooked Peeled & Deveined Tail On Colossal 13-15 Count - 2 Lb,37.98,,3132,2025-08-25T23:50:19Z,meat-and-seafood,True
0023545000000,Littleneck Clam Eastern Farmed Fresh 1 Count - Each,0.63,,3132,2025-08-25T23:50:19Z,meat-and-seafood,True
0004222226009,Jennie-O Turkey Store 93% Lean White Meat Turkey Burgers - 32 Oz,11.49,,3132,2025-08-25T23:50:19Z,meat-and-seafood,True
0006456322688,Yummy Whole Grain Dinosaur Shaped Chicken Breast Nuggets - 21 Oz,6.99,,3132,2025-08-25T23:50:19Z,meat-and-seafood,True
0002113012536,waterfront BISTRO Shrimp Cooked With Cocktail Sauce - 6 Oz,5.99,,3132,2025-08-25T23:50:19Z,meat-and-seafood,True
0001590007092,Bar S Classic Corn Dogs 21.44 Oz - 21.44 OZ,6.99,,3132,2025-08-25T23:50:19Z,meat-and-seafood,True
0087797100717,Shrimp Spring Rolls With Sauce - 10 OZ,5.99,,3132,2025-08-25T23:50:19Z,meat-and-seafood,True
0020319100000,Pork Shoulder Blade Country Style Rib - 2.5 Lb,14.98,,3132,2025-08-25T23:50:19Z,meat-and-seafood,True
0027470400000,Chicken Thighs Bulk Multi Meal Deal - 2.00 Lb,6.98,,3132,2025-08-25T23:50:19Z,meat-and-seafood,True
0023376600000,Service Case Argentinian Shrimp Quick Peel 13 To 15 - 1 lb,10.99,,3132,2025-08-25T23:50:19Z,meat-and-seafood,True
0007573031041,Readymeals Bbq Beef Brisket Hatch Chile Mac N Cheese 14 Oz - 14 OZ,8.99,,3132,2025-08-25T23:50:19Z,meat-and-seafood,True
0023860000000,Shrimp Cooked 91-110 Count Tiny Tail Off Previously Frozen - 1 Lb,9.99,,3132,2025-08-25T23:50:19Z,meat-and-seafood,True
0002113012628,waterfront BISTRO Shrimp Cooked With Cocktail Sauce - 32 Oz,19.99,,3132,2025-08-25T23:50:19Z,meat-and-seafood,True
0023432000000,Seafood Counter Shrimp Raw 31-40 Count Peeled & Deveined Frozen - 0.75 LB,9.74,,3132,2025-08-25T23:50:19Z,meat-and-seafood,True
0025170100000,Chicken Thighs Boneless Teriyaki - 1 Lb,4.99,,3132,2025-08-25T23:50:19Z,meat-and-seafood,True
0023031600000,Service Case Previously Frozen Cooked Medium Shrimp 51-60 ct - 1 lb,10.99,,3132,2025-08-25T23:50:19Z,meat-and-seafood,True
0023762000000,Shrimp Raw Previously Frozen 21 To 25 Count - 0.75 Lb,6.74,,3132,2025-08-25T23:50:19Z,meat-and-seafood,True
0003469512404,John Soules Chicken Rotisserie Seasoned - 8 OZ,7.99,,3132,2025-08-25T23:50:19Z,meat-and-seafood,True
0023014900000,Fresh Petrale Sole Fillet - 1 lb,9.99,,3132,2025-08-25T23:50:19Z,meat-and-seafood,True
0002462781048,Miami Beef Sizzle King Value Patties 24 Oz - 24 OZ,7.99,,3132,2025-08-25T23:50:19Z,meat-and-seafood,True
0023035500000,Fish Salmon Jeremiah Salmon Cakes Previously Frozen Service Case - 1 Lb,4.99,,3132,2025-08-25T23:50:19Z,meat-and-seafood,True
0006731504753,Mbs Salmon Atlantic Stuffed With Crab And Lobster Fresh Farmed - 12 OZ,14.99,,3132,2025-08-25T23:50:19Z,meat-and-seafood,True
0007573031043,Readymeals Chicken Cordon Bleu 12 Oz - 12 OZ,7.99,,3132,2025-08-25T23:50:19Z,meat-and-seafood,True
0007080004908,Smithfield Pork Chops Smoked Bone In - 17 Oz,6.99,,3132,2025-08-25T23:50:19Z,meat-and-seafood,True
0020333100000,Pork Top Loin Chops Boneless Thin Cut - 1 Lb,12.49,,3132,2025-08-25T23:50:19Z,meat-and-seafood,True
0023122600000,Atlantic Salmon Marinated With Piri Piri Sweet Chili Portion 1 ct - 7 oz ea,6.99,,3132,2025-08-25T23:50:19Z,meat-and-seafood,True
0007527890565,Foster Farms Chicken Wings Party Wings Individually Fast Frozen - 40 Oz,13.99,,3132,2025-08-25T23:50:19Z,meat-and-seafood,True
0023958900000,Seafood Counter Ahi Spicy Poke Co Previously Frozen - 0.50 LB,8.49,,3132,2025-08-25T23:50:19Z,meat-and-seafood,True
0007527899729,Foster Farms Crispy Tenders With Tangy Ranch Dipping Sauce - 18 Oz.,12.99,,3132,2025-08-25T23:50:19Z,meat-and-seafood,True
0023526500000,Service Case Frozen Raw Shrimp 16 To 20 ct - 1 lb,13.99,,3132,2025-08-25T23:50:19Z,meat-and-seafood,True
0020737200000,Meat Service Counter Chicken Wings Hot N Spicy Fully Cooked - 1.00 LB,6.99,,3132,2025-08-25T23:50:19Z,meat-and-seafood,True
0020665500000,Open Nature Beef Grass Fed Angus Ribeye Steak Boneless Service Case - 1 Lb,26.99,,3132,2025-08-25T23:50:19Z,meat-and-seafood,True
0023536000000,Tuna Yellowfin Fillet 4 Oz Skin Off Fresh - EA,7.99,,3132,2025-08-25T23:50:19Z,meat-and-seafood,True
0007989311198,Open Nature Meatballs Homestyle Angus Beef - 14 Oz,11.79,,3132,2025-08-25T23:50:19Z,meat-and-seafood,True
0082979303033,Del Real Chipotle Chicken Tinga - 15 OZ,13.99,,3132,2025-08-25T23:50:19Z,meat-and-seafood,True
0081005729125,Beyond Steak Korean Bbq Style - 10 OZ,9.99,,3132,2025-08-25T23:50:19Z,meat-and-seafood,True
0023723900000,Raw Shrimp Skewer Peeled & Deveined 31-40 ct Per Pound 1 ct - 2 oz ea,1.0,,3132,2025-08-25T23:50:19Z,meat-and-seafood,True
0023639100000,Snow Crab Cluster Cooked Frozen 1 Count - .5 Lb,13.5,,3132,2025-08-25T23:50:19Z,meat-and-seafood,True
0007708340722,Rosina Turkey Meatballs - 26 Oz,10.99,,3132,2025-08-25T23:50:19Z,meat-and-seafood,True
0028323600000,Niman Ranch Pork Loin Chop Boneless 2 Pack - LB,13.74,,3132,2025-08-25T23:50:19Z,meat-and-seafood,True
0077769600002,Mussel Prince Edward Island Fresh - 2 Lb,9.98,,3132,2025-08-25T23:50:19Z,meat-and-seafood,True
0068644331510,Redbird Farms Iqf Chicken Drumsticks 32 Oz - 32 OZ,9.99,,3132,2025-08-25T23:50:19Z,meat-and-seafood,True
0023557300000,Previously Frozen Raw Shrimp Tail On Peeled & Deveined 16-20 ct Per Pound - 1 lb,15.99,,3132,2025-08-25T23:50:19Z,meat-and-seafood,True
0025172400000,Chicken Breast Boneless Steakhouse - 2 Lb,9.98,,3132,2025-08-25T23:50:19Z,meat-and-seafood,True
0023631800000,Dungeness Crab Section Cooked Frozen 1 Count - 0.50 Lb (subject to availability),13.5,,3132,2025-08-25T23:50:19Z,meat-and-seafood,True
0023688500000,Fresh Farmed BBQ Oysters Shell 1 ct - 4 oz ea,1.69,,3132,2025-08-25T23:50:19Z,meat-and-seafood,True
0023869100000,Shrimpmeat Northern Cooked Frozen - 1 Lb,8.99,,3132,2025-08-25T23:50:19Z,meat-and-seafood,True
0020194000000,Beef USDA Choice Beef Steak Chuck Top Blade Thin Boneless - 1 Lb,15.99,,3132,2025-08-25T23:50:19Z,meat-and-seafood,True
0020329400000,Pork Chops Loin Sirloin Chops - 1.5 Lb,10.49,,3132,2025-08-25T23:50:19Z,meat-and-seafood,True
0007080004910,Smithfield Anytime Favorites Naturally Hickory Smoked Pork Chops - 11 Oz,8.49,,3132,2025-08-25T23:50:19Z,meat-and-seafood,True
0020329700000,Pork Sirloin Chops Boneless - 1.5 Lb,10.49,,3132,2025-08-25T23:50:19Z,meat-and-seafood,True
0023011500000,Fresh Farm Raised Atlantic Salmon Steak Color Added - 1 lb,10.99,,3132,2025-08-25T23:50:19Z,meat-and-seafood,True
0020189600000,USDA Choice Beef Chuck Cross Rib Steak Boneless Thin - 1 Lb,14.99,,3132,2025-08-25T23:50:19Z,meat-and-seafood,True
0020318500000,Pork Shoulder For Carnitas - 1.5 Lb,11.24,,3132,2025-08-25T23:50:19Z,meat-and-seafood,True
0023025400000,Squid/Calamari Cleaned Prev Frozen Service Case - 0.75 Lb,5.24,,3132,2025-08-25T23:50:19Z,meat-and-seafood,True
0019871508972,Modern Mama's Arancini Italian Beef Risotto Balls 12oz - 12 OZ,9.99,,3132,2025-08-25T23:50:19Z,meat-and-seafood,True
0086000922964,Salmon Salami - 5 OZ,9.99,,3132,2025-08-25T23:50:19Z,meat-and-seafood,True
0028226700000,Ready Meals Bacon And Cheddar Stuffed Pork Chops - 0.5 Lb,10.8,,3132,2025-08-25T23:50:19Z,meat-and-seafood,True
0028225800000,Ready Meals Chicken Parmesan Breast Cutlets - 0.5 Lb,10.49,,3132,2025-08-25T23:50:19Z,meat-and-seafood,True
0028226500000,Ready Meals Beef Fajitas With Vegetables - 0.5 Lb,10.49,,3132,2025-08-25T23:50:19Z,meat-and-seafood,True
0023036900000,Sea Cuisine Tilapia Tortilla Crusted Previously Frozen Service Case - 1.00 Lb,12.99,,3132,2025-08-25T23:50:19Z,meat-and-seafood,True
0023767500000,Seafood Counter Shrimp Raw 13-15 Ct Selva - 0.50 LB,7.5,,3132,2025-08-25T23:50:19Z,meat-and-seafood,True
0023458000000,Fish Sole Petrale Fillet Fresh - 1 Lb,9.99,,3132,2025-08-25T23:50:19Z,meat-and-seafood,True
0019871551766,Modern Mama's Arancini Classic Beef Risotto Balls 12oz - 12 OZ,9.99,,3132,2025-08-25T23:50:19Z,meat-and-seafood,True
0023023900000,Previously Frozen Cooked Dungeness Crab Whole 1 ct - 1.50 lb (subject to availability),28.49,,3132,2025-08-25T23:50:19Z,meat-and-seafood,True
0071516610401,Trans Ocean Crab Classic Chunk Style - 8 Oz,3.99,,3132,2025-08-25T23:50:19Z,meat-and-seafood,True
0023079300000,ReadyMeals Piri Piri Sweet Chile Salmon,17.84,,3132,2025-08-25T23:50:19Z,meat-and-seafood,True
0028272900000,Chicken Breast With Citrus Lemon Marinade Up To 10% Solution - LB,10.23,,3132,2025-08-25T23:50:19Z,meat-and-seafood,True
0023109400000,Monterey Bay Seafood Rex Sole Wild Frozen - Lb,5.24,,3132,2025-08-25T23:50:19Z,meat-and-seafood,True
0023030000000,Shrimp Skewer W/red Wine And Shallots - EA,3.99,,3132,2025-08-25T23:50:19Z,meat-and-seafood,True
0007573031044,Readymeals Pepper Jack Stuffed Chicken 12 Oz - 12 OZ,7.99,,3132,2025-08-25T23:50:19Z,meat-and-seafood,True
0023284700000,Shrimp Fajitas w/Cilantro Lime - 1 Lb,6.99,,3132,2025-08-25T23:50:19Z,meat-and-seafood,True
0023034400000,Service Case Previously Frozen Cooked Jumbo Shrimp  21-25 ct - 1 lb,13.99,,3132,2025-08-25T23:50:19Z,meat-and-seafood,True
0007573031049,Readymeals Fried Chicken Bites With Mac N Cheese 12 Oz - 12 OZ,6.99,,3132,2025-08-25T23:50:19Z,meat-and-seafood,True
0023252900000,Shrimp Cocktail with Octopus - 12 Oz,9.99,,3132,2025-08-25T23:50:19Z,meat-and-seafood,True
0023373900000,Seafood Service Counter Shrimp Raw Skewer 31 To 40 Ct,1.0,,3132,2025-08-25T23:50:19Z,meat-and-seafood,True
0023933800000,Service Case Original Crab Cakes - Minimum 2 oz ea,1.49,,3132,2025-08-25T23:50:19Z,meat-and-seafood,True
0007573031042,Readymeals Brisket Queso Dip 12 Oz - 12 OZ,8.99,,3132,2025-08-25T23:50:19Z,meat-and-seafood,True
0006731504988,Hawaiian Angel Hair Pasta Salad With Shrimp - 8 Oz,4.99,,3132,2025-08-25T23:50:19Z,meat-and-seafood,True
0023284700000,Shrimp California Bay Seasoned - 1 Lb,6.99,,3132,2025-08-25T23:50:19Z,meat-and-seafood,True
0019871505888,Modern Mama's Classic Italian Style Meatballs 12oz - 12 OZ,7.49,,3132,2025-08-25T23:50:19Z,meat-and-seafood,True
0023222100000,Tilapia Whole Fresh Dressed Farmed - 2 Lb,15.98,,3132,2025-08-25T23:50:19Z,meat-and-seafood,True
0007399400549,Crab Cake 3 Oz - 3 Oz,7.29,,3132,2025-08-25T23:50:19Z,meat-and-seafood,True
0004542527015,Crab Cake Original Net Weight - 2.5 Oz,1.49,,3132,2025-08-25T23:50:19Z,meat-and-seafood,True
0004262900708,Meatball Hot Italian Sausage - 12 OZ,7.59,,3132,2025-08-25T23:50:19Z,meat-and-seafood,True
0006731504752,Mbs Salmon Atlantic With Garlic-herb Butter And Asparagus Fresh Farmed - 12 OZ,14.99,,3132,2025-08-25T23:50:19Z,meat-and-seafood,True
0019871519367,Modern Mama's Jalapeno Poppers 11 Oz - 11 OZ,9.99,,3132,2025-08-25T23:50:19Z,meat-and-seafood,True
0007114281777,Arrowhead 100% Mountain Spring Water - 12-12 Fl. Oz.,3.0,,3132,2025-08-25T23:50:35Z,beverages,True
0078616200151,smartwater Water Vapor Distilled - 23.7 Fl. Oz.,2.69,,3132,2025-08-25T23:50:35Z,beverages,True
0061126926373,Red Bull Energy Drink - 4-12 Fl. Oz.,10.47,,3132,2025-08-25T23:50:35Z,beverages,True
0085002101543,ZOA Tropical Punch Zero Sugar Energy Drink - 12 Oz,2.0,,3132,2025-08-25T23:50:35Z,beverages,True
0088939200031,Celsius Calorie Reducing Drink Orange - 12 Oz,2.79,,3132,2025-08-25T23:50:35Z,beverages,True
0081006371030,Poppi Doc Pop Prebiotic Soda - 12 Fl. Oz.,2.12,,3132,2025-08-25T23:50:35Z,beverages,True
0001657191030,Sparkling Ice Black Raspberry Sparkling Water 17 fl. oz. Bottle,1.0,,3132,2025-08-25T23:50:35Z,beverages,True
0088772500025,Electrolit Strawberry Kiwi - 21 Fl. Oz.,3.7,,3132,2025-08-25T23:50:35Z,beverages,True
0007618300311,Snapple Peach Tea Bottle - 16 Fl. Oz.,2.45,,3132,2025-08-25T23:50:35Z,beverages,True
0005200013513,Gatorade G Series Thirst Quencher Fruit Punch - 28 Fl. Oz.,1.94,,3132,2025-08-25T23:50:35Z,beverages,True
0004127102773,SToK Black Unsweetened Cold Brew Coffee - 48 Fl. Oz.,5.99,,3132,2025-08-25T23:50:35Z,beverages,True
0004900007935,POWERADE Sports Drink Electrolyte Enhanced Mountain Berry Blast - 28 Fl. Oz.,2.07,,3132,2025-08-25T23:50:35Z,beverages,True
0001200000230,Pepsi Soda Cola - 2 Liter,3.67,,3132,2025-08-25T23:50:35Z,beverages,True
0002113024168,Signature SELECT Seltzer Water - 24-12 Fl. Oz.,6.99,,3132,2025-08-25T23:50:35Z,beverages,True
0088939201019,Celsius Sparkling Peach Vibe - 12 FZ,2.79,,3132,2025-08-25T23:50:35Z,beverages,True
0088939202139,Celsuis Tropical Vibe - 12 Oz,2.79,,3132,2025-08-25T23:50:35Z,beverages,True
0088939200362,Celsius Energy Drink Watermelon - 12 Fl. Oz.,2.79,,3132,2025-08-25T23:50:35Z,beverages,True
0089899901000,Vita Coco Coconut Water Pure - 16.9 Fl. Oz.,2.0,,3132,2025-08-25T23:50:35Z,beverages,True
0078616200296,vitaminwater Zero Water Beverage Nutrient Enhanced XXX Acai Blueberry Pomegranate - 20 Fl. Oz.,2.29,,3132,2025-08-25T23:50:35Z,beverages,True
0088939201014,Celsius Sparkling Drink Kiwi Guava - 12 Fl. Oz.,2.79,,3132,2025-08-25T23:50:35Z,beverages,True
0085300400403,Core Hydration Perfectly Balanced Water In Bottle - 30.4 Fl. Oz.,2.79,,3132,2025-08-25T23:50:35Z,beverages,True
0085817600206,BODYARMOR Strawberry Banana Sports Drink - 16 Fl. Oz.,1.82,,3132,2025-08-25T23:50:35Z,beverages,True
0088939200170,Celsius Cherry Cola 12fz - 12 FZ,2.49,,3132,2025-08-25T23:50:35Z,beverages,True
0088939202141,Celsius Sparkling Arctic Vibe Energy Drink Can - 12 Fl Oz,2.79,,3132,2025-08-25T23:50:35Z,beverages,True
0007114200948,Arrowhead 100% Mountain Spring Water - 12-8 Fl. Oz.,2.5,,3132,2025-08-25T23:50:35Z,beverages,True
0001657195384,Sparkling ICE Sparkling Water With Caffeine Blue Raspberry - 16 Fl. Oz.,1.0,,3132,2025-08-25T23:50:35Z,beverages,True
0088939200172,Celsius Retro Vibe 12fz - 12 FZ,2.49,,3132,2025-08-25T23:50:35Z,beverages,True
0088939200174,Celsius Playa Vibe 12fz - 12 FZ,2.49,,3132,2025-08-25T23:50:35Z,beverages,True
0007114242378,Arrowhead 100% Mountain Spring Water Plastic Sport Cap - 6-23.7 Fl. Oz.,2.5,,3132,2025-08-25T23:50:35Z,beverages,True
0081369402671,Bai Molokai Coconut - 18 Fl. Oz.,2.99,,3132,2025-08-25T23:50:35Z,beverages,True
0061126926373,Red Bull Energy Drink - 4-12 Fl. Oz.,10.47,,3132,2025-08-25T23:50:35Z,beverages,True
0007618300311,Snapple Peach Tea Bottle - 16 Fl. Oz.,2.45,,3132,2025-08-25T23:50:35Z,beverages,True
0085002101543,ZOA Tropical Punch Zero Sugar Energy Drink - 12 Oz,2.0,,3132,2025-08-25T23:50:35Z,beverages,True
0085002101544,ZOA Wild White Peach Zero Sugar Energy Drink  - 12 Oz,2.0,,3132,2025-08-25T23:50:35Z,beverages,True
0085001734600,Culture Pop Soda Probiotic Orange Mango - 12 FZ,1.67,,3132,2025-08-25T23:50:35Z,beverages,True
0084942900179,Zevia Zero Sugar Creamy Root Beer Soda - 6-12 Fl. Oz.,4.99,,3132,2025-08-25T23:50:35Z,beverages,True
0002500013702,Simply POP Prebiotic Soda Strawberry Can - 12 Fl. Oz.,2.12,,3132,2025-08-25T23:50:35Z,beverages,True
0089899901352,Vita Coco Treats Strawberries & Cream 16.9fz - 16.9 FZ,2.16,,3132,2025-08-25T23:50:35Z,beverages,True
0085005175526,Zoa Mango Splash Zero Sugar 12fz - 12 FZ,2.0,,3132,2025-08-25T23:50:35Z,beverages,True
0085002101562,Zoa Frosted Grape Zero Sugar Energy Drink - 12 Oz,2.0,,3132,2025-08-25T23:50:35Z,beverages,True
0081001308033,Nixie Soda Zero Sugar Classic Cola Organic - 12 FZ,1.67,,3132,2025-08-25T23:50:35Z,beverages,True
0088939200116,Celsius Powder Strawberry Coconut 14ct - 14 CT,10.99,,3132,2025-08-25T23:50:35Z,beverages,True
0081861702101,Suja Organic Energy​ Blueberry Lemon Shot - 2 Fl. Oz.,3.49,,3132,2025-08-25T23:50:35Z,beverages,True
0004260890010,Renew Juice Purely Prune Organic - 32 Fl. Oz.,9.99,,3132,2025-08-25T23:50:35Z,beverages,True
0001204406064,Os Tb Ns Fiji 12/3.5oz - 3.5 OZ,13.99,,3132,2025-08-25T23:50:35Z,beverages,True
0002840051773,Ruffles Original Potato Chips - 13 Oz,6.49,,3132,2025-08-25T23:50:36Z,chips-and-dip,True
0002840058932,Fritos Scoops! Corn Chips - 9.25 Oz,5.89,,3132,2025-08-25T23:50:36Z,chips-and-dip,True
0004886722334,Juantonio's Fiesta Bag Tortilla Chips - 24 Oz,5.49,,3132,2025-08-25T23:50:36Z,chips-and-dip,True
0002840031041,Lays Potato Chips Classic Party Size - 13 Oz,5.99,,3132,2025-08-25T23:50:36Z,chips-and-dip,True
0004400003111,RITZ Original Crackers - 13.7 Oz,4.99,,3132,2025-08-25T23:50:36Z,chips-and-dip,True
0002840008314,Tostitos Scoops Original Party Size Tortilla Chips - 14.5 Oz,6.49,,3132,2025-08-25T23:50:36Z,chips-and-dip,True
0002068500164,Cape Cod Original Kettle Cooked Potato Chips - 8 Oz,3.99,,3132,2025-08-25T23:50:36Z,chips-and-dip,True
0002840071835,Stacys Pita Chips Simply Naked - 16 OZ,8.99,,3132,2025-08-25T23:50:36Z,chips-and-dip,True
0002840031046,Lays Potato Chips Wavy Original Party Size - 13 Oz,5.99,,3132,2025-08-25T23:50:36Z,chips-and-dip,True
0004400007714,Triscuit Original - 17 Oz,7.49,,3132,2025-08-25T23:50:36Z,chips-and-dip,True
0004400000293,Chicken in a Biskit Original Baked Snack Crackers Family Size - 12 Oz,5.99,,3132,2025-08-25T23:50:36Z,chips-and-dip,True
0002840031040,Lays Potato Chips Barbecue Party Size - 12.5 Oz,5.99,,3132,2025-08-25T23:50:36Z,chips-and-dip,True
0004400005104,RITZ Toasted Chips Original Crackers - 8.1 Oz,4.99,,3132,2025-08-25T23:50:36Z,chips-and-dip,True
0002840014740,SunChips Snacks Whole Grain Garden Salsa - 7 Oz,4.99,,3132,2025-08-25T23:50:36Z,chips-and-dip,True
0004400005105,RITZ Toasted Chips Sour Cream and Onion Crackers - 8.1 Oz,4.99,,3132,2025-08-25T23:50:36Z,chips-and-dip,True
0007873200220,Casa Sanchez Foods Tortilla Chips Thin & Light- 14 Oz,4.49,,3132,2025-08-25T23:50:36Z,chips-and-dip,True
0004886722617,Juantonio's Gluten Free Tortilla Chips - 15 Oz,3.0,,3132,2025-08-25T23:50:36Z,chips-and-dip,True
0004400007970,RITZ Toasted Chips Roasted Garlic - 8.1 Oz,4.99,,3132,2025-08-25T23:50:36Z,chips-and-dip,True
0002840070570,Sabritones Chile & Lime Puffed Wheat Snacks Plastic Bag - 4 Oz,2.99,,3132,2025-08-25T23:50:36Z,chips-and-dip,True
0004400004471,Good Thins Simply Salt Rice Snacks Gluten Free Crackers - 3.5 Oz,5.49,,3132,2025-08-25T23:50:36Z,chips-and-dip,True
0002113031706,Signature SELECT Roasted And Salted Mix Nuts Deluxe - 34 Oz,15.99,,3132,2025-08-25T23:50:36Z,chips-and-dip,True
0004157014924,Blue Diamond Dark Chocolate 4oz - 4 OZ,5.99,,3132,2025-08-25T23:50:36Z,chips-and-dip,True
0008411490204,Kettle Brand Jalapeno Kettle Potato Chips - 7.5 Oz,3.99,,3132,2025-08-25T23:50:36Z,chips-and-dip,True
0002840031413,Smartfood Popcorn White Cheddar Party Size - 9.75 Oz,6.49,,3132,2025-08-25T23:50:36Z,chips-and-dip,True
0007873200219,Casa Sanchez Foods Tortilla Chips Thick & Crispy - 14 Oz,4.49,,3132,2025-08-25T23:50:36Z,chips-and-dip,True
0002840051646,Doritos Tortilla Chips Nacho Cheese - 9.25 Oz,6.29,,3132,2025-08-25T23:50:36Z,chips-and-dip,True
0004157003085,Blue Diamond Almonds Roasted Salted - 16 Oz,10.99,,3132,2025-08-25T23:50:36Z,chips-and-dip,True
0002840051784,Tostitos Tortilla Chips Restaurant Style - 17 Oz,6.49,,3132,2025-08-25T23:50:36Z,chips-and-dip,True
0008411490215,Kettle Brand Sea Salt Kettle Potato Chip - 7.5 Oz,3.99,,3132,2025-08-25T23:50:36Z,chips-and-dip,True
0002840058986,Cheetos Cheese Flavored Crunchy Snacks - 8.5 Oz,5.79,,3132,2025-08-25T23:50:36Z,chips-and-dip,True
0002840058929,Fritos Corn Chips The Original - 9.25 Oz,5.89,,3132,2025-08-25T23:50:36Z,chips-and-dip,True
0004400007771,RITZ Toasted Chips Sweet Habanero Crackers - 8.1 Oz,4.99,,3132,2025-08-25T23:50:36Z,chips-and-dip,True
0002113040026,Signature SELECT Crackers Entertainment Classic Assortment Box - 12.75 Oz,6.99,,3132,2025-08-25T23:50:36Z,chips-and-dip,True
0002113031712,Signature SELECT Peanut Butter Mountain Trail Mix - 30 Oz,10.99,,3132,2025-08-25T23:50:36Z,chips-and-dip,True
0007797508007,Snyder's of Hanover Snaps Pretzels - 16 Oz,3.99,,3132,2025-08-25T23:50:36Z,chips-and-dip,True
0002840031409,CHEETOS Snacks Cheese Flavored Crunchy Party Size - 15 Oz,6.49,,3132,2025-08-25T23:50:36Z,chips-and-dip,True
0007114600245,Harvest Snaps Green Pea Crisps Snack Lightly Salted - 3.3 Oz,2.99,,3132,2025-08-25T23:50:36Z,chips-and-dip,True
0002113030614,Signature SELECT Crackers Saltine - 16 Oz,2.99,,3132,2025-08-25T23:50:36Z,chips-and-dip,True
0001356200180,Annies Homegrown Snack Time Baked Snack Crackers & Graham Snack Variety Pack- 12-11 Oz,8.49,,3132,2025-08-25T23:50:36Z,chips-and-dip,True
0002113031707,Signature SELECT Roasted And Salted Mixed Nuts With Peanuts - 27 Oz,10.99,,3132,2025-08-25T23:50:36Z,chips-and-dip,True
0008411490203,Kettle Brand Honey Dijon Kettle Potato Chips - 7.5 Oz,3.99,,3132,2025-08-25T23:50:36Z,chips-and-dip,True
0002840058989,Cheetos Crunchy Flamin' Hot Cheese Flavored Snacks - 8.5 Oz,5.79,,3132,2025-08-25T23:50:36Z,chips-and-dip,True
0003361732261,Wasa Crispbread Light Rye Crackers - 9.5 Oz,4.49,,3132,2025-08-25T23:50:36Z,chips-and-dip,True
0001411391254,Wonderful Pistachios No Shells Roasted & Salted - 12 Oz,14.99,,3132,2025-08-25T23:50:36Z,chips-and-dip,True
0003361700703,Wasa Crispbread Multi Grain Crackers - 9.7 Oz,4.49,,3132,2025-08-25T23:50:36Z,chips-and-dip,True
0003010047357,Keebler Sandwich Crackers Toast and Peanut Butter Single Serve Snack Crackers 8 Count - 11 Oz,3.5,,3132,2025-08-25T23:50:36Z,chips-and-dip,True
0002113029424,Signature SELECT Trail Mix Cranberry Cashew Almond - 30 Oz,10.99,,3132,2025-08-25T23:50:36Z,chips-and-dip,True
0085176900700,Siete Grain Free Sea Salt Tortilla Chips - 5 Oz,5.0,,3132,2025-08-25T23:50:36Z,chips-and-dip,True
0002840051774,Ruffles Potato Chips Cheddar & Sour Cream - 12.5 OZ,6.49,,3132,2025-08-25T23:50:36Z,chips-and-dip,True
0002840031404,CHEETOS Snacks Cheese Flavored Puffs Party Size - 13.5 Oz,6.49,,3132,2025-08-25T23:50:36Z,chips-and-dip,True
0001600019370,Gardetto's Original Recipe Snack Mix - 8.6 Oz,3.69,,3132,2025-08-25T23:50:36Z,chips-and-dip,True
0004157005442,Blue Diamond Almonds Whole Natural - 16 Oz,10.99,,3132,2025-08-25T23:50:36Z,chips-and-dip,True
0002840051648,Doritos Tortilla Chips Tapatio Flavored - 9.25 OZ,6.29,,3132,2025-08-25T23:50:36Z,chips-and-dip,True
0004400003545,RITZ Bits Cheese Sandwich Crackers - 8.8 Oz,4.99,,3132,2025-08-25T23:50:36Z,chips-and-dip,True
0002113033797,Signature Select Pistachios Roasted And Salted In-shell - 12 Oz,5.0,,3132,2025-08-25T23:50:36Z,chips-and-dip,True
0002840007165,Cheetos White Cheddar Flavored Puffs - 8 Oz,4.99,,3132,2025-08-25T23:50:36Z,chips-and-dip,True
0004400003113,RITZ Fresh Stacks Original Crackers - 8-11.8 Oz,4.99,,3132,2025-08-25T23:50:36Z,chips-and-dip,True
0070816312058,Boulder Canyon Avocado Oil Sea Salt Kettle Potato Chips- 6.5 Oz,3.99,,3132,2025-08-25T23:50:36Z,chips-and-dip,True
0002840073994,Rold Gold Selects Preztel Twists Oven Baked Cool Ranch - 16 Oz,6.49,,3132,2025-08-25T23:50:36Z,chips-and-dip,True
0007797508004,Snyder's of Hanover Sourdough Nibblers Pretzels - 16 Oz,3.99,,3132,2025-08-25T23:50:36Z,chips-and-dip,True
0002113029442,Signature SELECT Almonds Whole Unsalted Pouch - 16 Oz,7.99,,3132,2025-08-25T23:50:36Z,chips-and-dip,True
0065143326170,Mountain Trail Mix - 20 OZ,7.99,,3132,2025-08-25T23:50:36Z,chips-and-dip,True
0065143326216,Deluxe Roasted & Salted Mixed Nuts Prepackaged - 19 Oz.,13.99,,3132,2025-08-25T23:50:36Z,chips-and-dip,True
0002840019914,Lays Potato Chips Classic - 8 Oz,4.99,,3132,2025-08-25T23:50:36Z,chips-and-dip,True
0002840004380,Lays Potato Chips Wavy Original Bag - 7.75 Oz,4.99,,3132,2025-08-25T23:50:36Z,chips-and-dip,True
0004400000057,Premium Original Saltine Crackers - 16 Oz,4.79,,3132,2025-08-25T23:50:36Z,chips-and-dip,True
0085001433501,Like Air American Cheddar Baked PuffCorn - 4 Oz,2.5,,3132,2025-08-25T23:50:36Z,chips-and-dip,True
0004950800140,Snack Factory Original Pretzel Crisps - 14 Oz,7.99,,3132,2025-08-25T23:50:36Z,chips-and-dip,True
0060654169800,Milton's Craft Bakers Multi-Grain Organic Gourmet Crackers - 6 Oz,3.5,,3132,2025-08-25T23:50:36Z,chips-and-dip,True
0002113052080,Signature Select/Farms Peanuts Roasted & Salted - 32 Oz,3.99,,3132,2025-08-25T23:50:36Z,chips-and-dip,True
0004400005098,Triscuit Original Whole Grain Wheat Crackers Vegan Crackers - 8.5 Oz,5.49,,3132,2025-08-25T23:50:36Z,chips-and-dip,True
0002113030691,Signature SELECT Crackers Rice Original - 3.5 Oz,2.99,,3132,2025-08-25T23:50:36Z,chips-and-dip,True
0002840058987,CHEETOS Snacks Cheese Flavored Crunchy XXTRA Flamin Hot - 8.5 Oz,5.79,,3132,2025-08-25T23:50:36Z,chips-and-dip,True
0007703401865,Kars Sweet n Salty Mix - 34 Oz,10.49,,3132,2025-08-25T23:50:36Z,chips-and-dip,True
0002840031041,Lays Potato Chips Classic Party Size - 13 Oz,5.99,,3132,2025-08-25T23:50:36Z,chips-and-dip,True
0004157014925,Blue Diamond Dark Chocolate Caramel 4oz - 4 OZ,5.99,,3132,2025-08-25T23:50:36Z,chips-and-dip,True
0081060702070,PopCorners Popped Corn Chips Crispy & Crunchy Salt Of The Earth - 7 Oz,4.79,,3132,2025-08-25T23:50:36Z,chips-and-dip,True
0004400000878,Wheat Thins Snacks Big 100% Whole Grain - 8 Oz,5.49,,3132,2025-08-25T23:50:36Z,chips-and-dip,True
0060654193370,Milton's Craft Bakers Multi-Grain Gourmet Crackers - 8.4 Oz,3.5,,3132,2025-08-25T23:50:36Z,chips-and-dip,True
0004400005094,RITZ Crisp and Thins Salt and Vinegar Chips - 7.1 Oz,4.99,,3132,2025-08-25T23:50:36Z,chips-and-dip,True
0001410005470,Goldfish Flavor Blasted Xtra Cheddar Cheese Crackers - 27.3 Oz,9.99,,3132,2025-08-25T23:50:36Z,chips-and-dip,True
0004400006918,Wheat Thins Original Whole Grain Wheat Crackers Party Size - 20 Oz,7.49,,3132,2025-08-25T23:50:36Z,chips-and-dip,True
0081509902179,LATE JULY Snacks Jalapeno Lime Tortilla Chips - 7.8 Oz,4.99,,3132,2025-08-25T23:50:36Z,chips-and-dip,True
0004400002477,Premium Original Soup & Oyster Crackers - 9 Oz,4.79,,3132,2025-08-25T23:50:36Z,chips-and-dip,True
0065143326190,Honey Sesame Sticks - 18 OZ,7.99,,3132,2025-08-25T23:50:36Z,chips-and-dip,True
0002840059669,CHEETOS Snacks Cheese Flavored Puffs Flamin Hot - 8 Oz,5.79,,3132,2025-08-25T23:50:36Z,chips-and-dip,True
0002840058927,Fritos Flavor Twists Corn Snacks Honey BBQ Flavored - 9.25 Oz,5.89,,3132,2025-08-25T23:50:36Z,chips-and-dip,True
0007934100667,Don Pancho Triangle Chips - 16 Oz.,3.99,,3132,2025-08-25T23:50:36Z,chips-and-dip,True
0002840051632,Doritos Salsa Verde Tortilla Chips - 9.25 OZ,6.29,,3132,2025-08-25T23:50:36Z,chips-and-dip,True
0003010078458,Town House Pita Oven Baked Crackers Sea Salt Lunch Snacks - 9.5 Oz,5.29,,3132,2025-08-25T23:50:36Z,chips-and-dip,True
0002840031046,Lays Potato Chips Wavy Original Party Size - 13 Oz,5.99,,3132,2025-08-25T23:50:36Z,chips-and-dip,True
0004157005725,Blue Diamond Almonds Lightly Salted Low Sodium - 16 Oz,10.99,,3132,2025-08-25T23:50:36Z,chips-and-dip,True
0007797508005,Snyder's of Hanover Old Tyme Pretzels - 16 Oz,3.99,,3132,2025-08-25T23:50:36Z,chips-and-dip,True
0002840069347,"Ruffles Potato Chips Queso 12 1/2 Oz, Party Size - 12.5 OZ",6.49,,3132,2025-08-25T23:50:36Z,chips-and-dip,True
0085556911035,Perfect Bar Organic Mini Dark Chocolate Chip Peanut Butter Protein Bar 8 Count - 0.88 Oz Each,7.99,,3132,2025-08-25T23:50:36Z,chips-and-dip,True
0004400005169,Triscuit Original Whole Grain Wheat Crackers Vegan Crackers Family Size - 12.5 Oz,5.99,,3132,2025-08-25T23:50:36Z,chips-and-dip,True
0001411391002,Wonderful Pistachios Roasted & Salted Pistachios - 16 Oz,9.99,,3132,2025-08-25T23:50:36Z,chips-and-dip,True
0001410005482,Goldfish Dunkin' Pumpkin Spice Flavored Baked Graham Snacks - 6.1 Oz,3.5,,3132,2025-08-25T23:50:36Z,chips-and-dip,True
0002113036937,Signature Select Crisps Mini Fig & Thyme 5.3oz - 5.3 OZ,5.99,,3132,2025-08-25T23:50:36Z,chips-and-dip,True
0002113036201,Signature Select Stuffing Flavored Potato Chips 7.5 Oz - 7.5 OZ,3.99,,3132,2025-08-25T23:50:36Z,chips-and-dip,True
0008411490212,Kettle Brand Parmesan Garlic Kettle Potato Chips - 7.5 Oz,3.99,,3132,2025-08-25T23:50:36Z,chips-and-dip,True
0004400000293,Chicken in a Biskit Original Baked Snack Crackers Family Size - 12 Oz,5.99,,3132,2025-08-25T23:50:36Z,chips-and-dip,True
0002840058928,Fritos Corn Chips Flavored Chili Cheese - 9.25 Oz,5.89,,3132,2025-08-25T23:50:36Z,chips-and-dip,True
0065143326210,Tropical Trail Mix - 20 OZ,7.99,,3132,2025-08-25T23:50:36Z,chips-and-dip,True
0002900007325,Planters Peanuts Dry Roasted - 16 Oz,3.99,,3132,2025-08-25T23:50:36Z,chips-and-dip,True
0007873200215,Casa Sanchez Foods Tortilla Chips Totopos Blue Corn - 14 Oz,4.49,,3132,2025-08-25T23:50:36Z,chips-and-dip,True
0004950800600,Snack Factory Original Pretzel Crisps - 7.2 Oz,5.99,,3132,2025-08-25T23:50:36Z,chips-and-dip,True
0089386900507,Sahale Snacks Snack Better Cashews Glazed Mix Naturally Pomegranate Vanilla Flavored - 4 Oz,4.99,,3132,2025-08-25T23:50:36Z,chips-and-dip,True
0002840078401,Lay's Wavy Loaded Nachos Potatoe Chips - 7.5 Oz,4.99,,3132,2025-08-25T23:50:36Z,chips-and-dip,True
0004400003544,RITZ Bits Crackers Sandwiches Peanut Butter - 8.8 Oz,4.99,,3132,2025-08-25T23:50:36Z,chips-and-dip,True
0001600021497,Chex Mix Traditional 8oz - 8 OZ,3.69,,3132,2025-08-25T23:50:36Z,chips-and-dip,True
0004400005043,RITZ Crisp and Thins Cream Cheese and Onion Chips - 7.1 Oz,4.99,,3132,2025-08-25T23:50:36Z,chips-and-dip,True
0065143326120,Berry Trails Mix - 20 OZ,6.99,,3132,2025-08-25T23:50:36Z,chips-and-dip,True
0002840007372,Lays Potato Chips Simply Thick Cut Sea Salted - 8.5 Oz,4.99,,3132,2025-08-25T23:50:36Z,chips-and-dip,True
0002113036247,Signature Select Raw Whole Almonds Multipack 10 Bags 1 Oz - 10-1 OZ,5.99,,3132,2025-08-25T23:50:36Z,chips-and-dip,True
0007373108105,Mission Strips White Corn Tortilla Chips - 18 Oz,3.5,,3132,2025-08-25T23:50:36Z,chips-and-dip,True
0008411490192,Kettle Brand Air Fried Himalayan Salt Kettle Potato Chips - 6.5 Oz,3.99,,3132,2025-08-25T23:50:36Z,chips-and-dip,True
0002113017709,Signature SELECT Butter And Garlic Pretzel Twirls - 16 OZ,5.99,,3132,2025-08-25T23:50:36Z,chips-and-dip,True
0002068500029,Cape Cod Less Fat Original Kettle Cooked Potato Chips - 8 Oz,3.99,,3132,2025-08-25T23:50:36Z,chips-and-dip,True
0002840014739,SunChips Snacks Whole Grain Harvest Cheddar - 7 Oz,4.99,,3132,2025-08-25T23:50:36Z,chips-and-dip,True
0004400006921,Wheat Thins Original Whole Grain Wheat Crackers Family Size - 14 Oz,5.99,,3132,2025-08-25T23:50:36Z,chips-and-dip,True
0004400006458,Good Thins Garden Veggie Rice Snacks Gluten Free Crackers - 3.5 Oz,5.49,,3132,2025-08-25T23:50:36Z,chips-and-dip,True
0001115285168,Hapi Mixed Crackers In A Can - 6.0 Oz,5.79,,3132,2025-08-25T23:50:36Z,chips-and-dip,True
0002840068946,Cheetos Baked Cheese Flavored Snacks Flamin Hot Limon - 7.625 OZ,4.79,,3132,2025-08-25T23:50:36Z,chips-and-dip,True
0002840067973,Frito Lay Baked & Popped Mix Variety Pack - 18 Count,11.99,,3132,2025-08-25T23:50:36Z,chips-and-dip,True
0018099900100,LesserEvil Buddha Bowl Foods Organic Popcorn Himalayan Pink - 5 Oz,4.49,,3132,2025-08-25T23:50:36Z,chips-and-dip,True
0004400003117,RITZ Garlic Butter Crackers - 13.7 Oz,4.99,,3132,2025-08-25T23:50:36Z,chips-and-dip,True
0002840004844,Maui Style Shrimp Chips - 4.50 Oz,4.59,,3132,2025-08-25T23:50:36Z,chips-and-dip,True
0004400004546,Good Thins Sea Salt Corn Snacks Gluten Free Crackers - 3.5 Oz,5.49,,3132,2025-08-25T23:50:36Z,chips-and-dip,True
0008411490191,Kettle Brand Air Fried Sea Salt and Vinegar Kettle Potato Chips - 6.5 Oz,3.99,,3132,2025-08-25T23:50:36Z,chips-and-dip,True
0002840076462,Cheetos Crunchy Flamin' Hot Dill Pickle Cheese Snacks - 8.5 Oz,5.79,,3132,2025-08-25T23:50:36Z,chips-and-dip,True
0002840061971,Doritos Taco Flavored Tortilla Chips - 9.25 Oz,6.29,,3132,2025-08-25T23:50:36Z,chips-and-dip,True
0001410005472,Goldfish Baked with Whole Grain Cheddar Crackers - 27.3 Oz,9.99,,3132,2025-08-25T23:50:36Z,chips-and-dip,True
0008411490200,Kettle Brand Barbeque Kettle Potato Chips - 7.5 Oz,3.99,,3132,2025-08-25T23:50:36Z,chips-and-dip,True
0001600028370,Bugles Snacks Crispy Corn Original - 7.5 Oz,3.69,,3132,2025-08-25T23:50:36Z,chips-and-dip,True
0002410078938,Cheez-It Cheese Crackers White Cheddar Baked Snack Crackers - 12.4 Oz,5.99,,3132,2025-08-25T23:50:36Z,chips-and-dip,True
0007373108309,Mission Round Yellow Corn Tortilla Chips - 18 Oz,3.5,,3132,2025-08-25T23:50:36Z,chips-and-dip,True
0008411403240,Kettle Brand Krinkle Cut Salt & Fresh Ground Pepper Kettle Potato Chips - 13 Oz,5.99,,3132,2025-08-25T23:50:36Z,chips-and-dip,True
0002840051657,Doritos Tortilla Chips Flamas - 9.25 OZ,6.29,,3132,2025-08-25T23:50:36Z,chips-and-dip,True
0002840051666,Doritos Tortilla Chips Flamin Hot Limon - 9.25 OZ,6.29,,3132,2025-08-25T23:50:36Z,chips-and-dip,True
0002113030601,Signature SELECT Crackers Entertaining Original - 7 Oz,3.49,,3132,2025-08-25T23:50:36Z,chips-and-dip,True
0002840051780,DORITOS Tortilla Chips Spicy Nacho Party Size - 14.5 OZ,6.49,,3132,2025-08-25T23:50:36Z,chips-and-dip,True
0002840006408,Tostitos Tortilla Chips Scoops - 10 Oz,5.79,,3132,2025-08-25T23:50:36Z,chips-and-dip,True
0007794800908,Calidad Mexican Restaurant Style Corn Tortilla Chips - 10.5 Oz,2.5,,3132,2025-08-25T23:50:36Z,chips-and-dip,True
0002840063771,Lay's Sea Salt Potato Poppables  - 5 Oz,4.99,,3132,2025-08-25T23:50:36Z,chips-and-dip,True
0001410008546,Goldfish Parmesan Baked Snack Crackers - 6.6 Oz,3.5,,3132,2025-08-25T23:50:36Z,chips-and-dip,True
0002840063769,Lays Potato Snacks Poppables White Cheddar - 5 Oz,4.99,,3132,2025-08-25T23:50:36Z,chips-and-dip,True
0002113029302,Signature SELECT Peanuts Dry Roasted - 16 Oz,3.49,,3132,2025-08-25T23:50:36Z,chips-and-dip,True
0002840073997,Rold Gold Selects Preztel Twists Oven Baked Garlic Parmesan - 16 Oz,6.49,,3132,2025-08-25T23:50:36Z,chips-and-dip,True
0002840056463,Stacy's Simply Naked Baked Pita Chips - 7.33 Oz,5.49,,3132,2025-08-25T23:50:36Z,chips-and-dip,True
0002840076852,Funyuns Onion Flavored Rings 5.25 Oz - 5.25 OZ,5.19,,3132,2025-08-25T23:50:36Z,chips-and-dip,True
0002840032190,Fritos Corn Chips Turbos Flamas - 10 Oz,5.89,,3132,2025-08-25T23:50:36Z,chips-and-dip,True
0081509902218,LATE JULY Snacks Scorchin' Sauce Corn Tortilla Chips - 7.8 Oz.,4.99,,3132,2025-08-25T23:50:36Z,chips-and-dip,True
0007794800907,Calidad White Corn Tortilla Chips - 11 Oz,2.5,,3132,2025-08-25T23:50:36Z,chips-and-dip,True
0002840058932,Fritos Scoops! Corn Chips - 9.25 Oz,5.89,,3132,2025-08-25T23:50:36Z,chips-and-dip,True
0065143326180,Sunflower Kernels R&s - 20 OZ,5.99,,3132,2025-08-25T23:50:36Z,chips-and-dip,True
0004400088210,RITZ Peanut Butter Sandwich Crackers Snack Packs - 8-1.38 Oz,4.79,,3132,2025-08-25T23:50:36Z,chips-and-dip,True
0085680200801,WILDE Protein Chips Chicken Himalayan Pink Salt - 2.25 OZ,4.99,,3132,2025-08-25T23:50:36Z,chips-and-dip,True
0001410005219,Goldfish Family Faves Crackers Variety Pack - 20 Count,11.99,,3132,2025-08-25T23:50:36Z,chips-and-dip,True
0004400005109,RITZ Toasted Chips Veggie Crackers - 8.1 Oz,4.99,,3132,2025-08-25T23:50:36Z,chips-and-dip,True
0002113036249,Signature Select Raw Deluxe Mixed Nuts Multipack 10 Bags 1 Oz - 10-1 OZ,5.99,,3132,2025-08-25T23:50:36Z,chips-and-dip,True
0001410008547,Goldfish Cheddar Baked Snack Crackers - 6.6 Oz,3.5,,3132,2025-08-25T23:50:36Z,chips-and-dip,True
0001410005468,Goldfish Colors Cheddar Cheese Crackers - 27.3 Oz,9.99,,3132,2025-08-25T23:50:36Z,chips-and-dip,True
0008411490205,Kettle Brand Krinkle Cut Dill Pickle Kettle Potato Chips - 7.5 Oz,3.99,,3132,2025-08-25T23:50:36Z,chips-and-dip,True
0007373108107,Mission Strips White Corn Tortilla Chips - 11 Oz,3.49,,3132,2025-08-25T23:50:36Z,chips-and-dip,True
0007989311562,O Organics Crackers Organic Flatbread Multigrain - 5 Oz,3.99,,3132,2025-08-25T23:50:36Z,chips-and-dip,True
0002840020126,Lays Potato Chips Limon - 7.75 Oz,4.99,,3132,2025-08-25T23:50:36Z,chips-and-dip,True
0002113016255,Signature Select/Farms Rocky Road Trail Mix - 20 Oz,6.99,,3132,2025-08-25T23:50:36Z,chips-and-dip,True
0008411490352,Kettle Brand Chamoy Flavored Potato Chips - 6.5 Oz,3.99,,3132,2025-08-25T23:50:36Z,chips-and-dip,True
0002840076177,Miss Vickies Dill Pickle 8oz - 8 OZ,5.29,,3132,2025-08-25T23:50:36Z,chips-and-dip,True
0002900007650,Planters Peanuts Dry Roasted Lightly Salted - 16 Oz,3.99,,3132,2025-08-25T23:50:36Z,chips-and-dip,True
0003800013843,Pringles Potato Crisps Chips Sour Cream and Onion Lunch Snacks - 5.5 Oz,2.5,,3132,2025-08-25T23:50:36Z,chips-and-dip,True
0002113029441,Signature SELECT Macadamia Nuts Dry Roasted And Salted - 6 Oz,5.99,,3132,2025-08-25T23:50:36Z,chips-and-dip,True
0008411490206,Kettle Brand Krinkle Cut Habanero Lime Kettle Potato Chips - 7.5 Oz,3.99,,3132,2025-08-25T23:50:36Z,chips-and-dip,True
0005929020832,Carrs Crackers Rosemary Baked Snack Crackers - 5 Oz,4.99,,3132,2025-08-25T23:50:36Z,chips-and-dip,True
0002840073701,Sunchips Harvest Cheddar - 12 Oz,6.49,,3132,2025-08-25T23:50:36Z,chips-and-dip,True
0085005505416,Pecan Nation Honey Roasted 4oz - 4 OZ,5.99,,3132,2025-08-25T23:50:36Z,chips-and-dip,True
0004400005172,Triscuit Thin Crisps Original Whole Grain Wheat Vegan Crackers - 7.1 Oz,5.49,,3132,2025-08-25T23:50:36Z,chips-and-dip,True
0070816312193,Boulder Canyon Chips Sea Salt And Cracked Pepper - 5.25 OZ,3.99,,3132,2025-08-25T23:50:36Z,chips-and-dip,True
0002840017181,CHEETOS Simply Crunchy Cheese Flavored Snacks White Cheddar - 8.5 Oz,4.99,,3132,2025-08-25T23:50:36Z,chips-and-dip,True
0008411490190,Kettle Brand Air Fried Jalapeno Kettle Potato Chips - 6.5 Oz,3.99,,3132,2025-08-25T23:50:36Z,chips-and-dip,True
0085651600233,Mamma Chia Chia Seeds Black - 12 Oz,5.99,,3132,2025-08-25T23:50:36Z,chips-and-dip,True
0065143326221,Raw Almonds Prepackaged - 21 Oz.,10.99,,3132,2025-08-25T23:50:36Z,chips-and-dip,True
0007797503405,Snyder's of Hanover Butter Snaps Pretzels - 12 Oz,3.99,,3132,2025-08-25T23:50:36Z,chips-and-dip,True
0002113012892,Signature Select/Farms Unsalted Raw Almonds - 16 Oz,5.99,,3132,2025-08-25T23:50:36Z,chips-and-dip,True
0004400003483,RITZ Fresh Stacks Whole Wheat Crackers - 8-11.6 Oz,4.99,,3132,2025-08-25T23:50:36Z,chips-and-dip,True
0082951532226,Sensible Portions Garden Veggie Straws Sea Salt - 12 Oz,7.99,,3132,2025-08-25T23:50:36Z,chips-and-dip,True
0081692502285,Skinnypop Original White Cheddar 18ct - 18 CT,10.99,,3132,2025-08-25T23:50:36Z,chips-and-dip,True
0007794800906,Calidad Yellow Corn Tortilla Chips - 11 Oz,2.5,,3132,2025-08-25T23:50:36Z,chips-and-dip,True
0004400003133,RITZ Whole Wheat Crackers - 12.9 Oz,4.99,,3132,2025-08-25T23:50:36Z,chips-and-dip,True
0004157005537,Blue Diamond Almonds Bold Wasabi & Soy Sauce - 16 Oz,10.99,,3132,2025-08-25T23:50:36Z,chips-and-dip,True
0065143370160,Medjool Dates - 12 OZ,8.99,,3132,2025-08-25T23:50:36Z,chips-and-dip,True
0002900001798,Planters Deluxe Salted Mixed Nuts - 34 Oz,24.99,,3132,2025-08-25T23:50:36Z,chips-and-dip,True
0002410010685,Cheez-It Cheese Crackers Original Baked Snack Crackers - 12.4 Oz,5.99,,3132,2025-08-25T23:50:36Z,chips-and-dip,True
0081509902166,LATE JULY Snacks Multigrain Blue Corn Tortilla Chips - 10.1 Oz,4.99,,3132,2025-08-25T23:50:36Z,chips-and-dip,True
0004400006924,Wheat Thins Sundried Tomato & Basil Whole Grain Wheat Crackers - 8.5 Oz,5.49,,3132,2025-08-25T23:50:36Z,chips-and-dip,True
0002840078256,Tostitos Scoops Summer Red 12oz - 12 OZ,5.79,,3132,2025-08-25T23:50:36Z,chips-and-dip,True
0002113034685,Overjoyed Indulgent Extreme Moose Tracks Trail Mix - 8 Oz,3.99,,3132,2025-08-25T23:50:36Z,chips-and-dip,True
0075752800868,Takis Fuego Hot Chili Pepper & Lime Rolled Tortilla Chips - 9.9 Oz,5.49,,3132,2025-08-25T23:50:36Z,chips-and-dip,True
0085828200677,Pecans Maple - 4 Oz,5.99,,3132,2025-08-25T23:50:36Z,chips-and-dip,True
0002840008405,Munchies Snack Mix Flamin Hot Flavored - 8 Oz,3.99,,3132,2025-08-25T23:50:36Z,chips-and-dip,True
0002840067911,Ruffles Simply Potato Chips Sea Salted 8 Ounce - 8 OZ,4.99,,3132,2025-08-25T23:50:36Z,chips-and-dip,True
0005565360008,Dare Cracker Breton Original - 7 OZ,3.49,,3132,2025-08-25T23:50:36Z,chips-and-dip,True
0008904105613,Shelly Senbei Crackers Rice - 5.3 Oz,5.79,,3132,2025-08-25T23:50:36Z,chips-and-dip,True
0081060702069,PopCorners Popped Corn Chips Crispy & Crunchy White Cheddar Bag - 7 Oz,4.79,,3132,2025-08-25T23:50:36Z,chips-and-dip,True
0008379115005,Zapps Voodoo Chips - 8 OZ,3.99,,3132,2025-08-25T23:50:36Z,chips-and-dip,True
0002840020131,Lays Potato Chips Flamin Hot - 7.75 Oz,4.99,,3132,2025-08-25T23:50:36Z,chips-and-dip,True
0008411403216,Kettle Brand Sea Salt Kettle Potato Chips - 13 Oz,5.99,,3132,2025-08-25T23:50:36Z,chips-and-dip,True
0004400002681,Premium Original Fresh Stacks Saltine Crackers - 13.6 Oz,4.79,,3132,2025-08-25T23:50:36Z,chips-and-dip,True
0001410008539,Goldfish Colors Cheddar Baked Snack Crackers - 6.6 Oz,3.5,,3132,2025-08-25T23:50:36Z,chips-and-dip,True
0004400003047,Better Cheddars Baked Snack Cheese Crackers - 6.5 Oz,5.49,,3132,2025-08-25T23:50:36Z,chips-and-dip,True
0065143326160,Indulgent Trail Mix - 20 OZ,8.99,,3132,2025-08-25T23:50:36Z,chips-and-dip,True
0001410005467,Goldfish Cheddar Cheese Crackers - 27.3 Oz,9.99,,3132,2025-08-25T23:50:36Z,chips-and-dip,True
0085156200704,The Good Crisp Company Potato Crisps Original Can - 5.6 Oz,3.99,,3132,2025-08-25T23:50:36Z,chips-and-dip,True
0002840071834,Stacys Pita Chips Parmesan Garlic Herb - 16 OZ,8.99,,3132,2025-08-25T23:50:36Z,chips-and-dip,True
0002840019961,Lays Potato Chips Barbecue - 7.75 Oz,4.99,,3132,2025-08-25T23:50:36Z,chips-and-dip,True
0007797509512,Snyder's of Hanover Honey Mustard & Onion Flavored Pretzel Pieces - 11.25 Oz,3.99,,3132,2025-08-25T23:50:36Z,chips-and-dip,True
0004400006920,Wheat Thins Sundried Tomato & Basil Whole Grain Wheat Crackers Family Size - 13 Oz,5.99,,3132,2025-08-25T23:50:36Z,chips-and-dip,True
0004400007249,RITZ Toasted Chips Ranch Crackers - 8.1 Oz,4.99,,3132,2025-08-25T23:50:36Z,chips-and-dip,True
0001410005417,Goldfish Cheddar Crisps - 6.25 Oz,4.49,,3132,2025-08-25T23:50:36Z,chips-and-dip,True
0007114600613,Calbee Jagarico Original - 2.12 OZ,1.99,,3132,2025-08-25T23:50:36Z,chips-and-dip,True
0002840051631,Doritos Cool Ranch Tortilla Chips - 9.25 Oz,6.29,,3132,2025-08-25T23:50:36Z,chips-and-dip,True
0002840051667,Doritos Tortilla Chips Spicy Sweet Chili - 9.25 OZ,6.29,,3132,2025-08-25T23:50:36Z,chips-and-dip,True
0004400008151,Oreo Golden Birthday Cake 10.68oz - 10.68 OZ,5.99,,3132,2025-08-25T23:50:36Z,chips-and-dip,True
0002410044070,Cheez-It Cheese Crackers Original Baked Snack Crackers - 21 Oz,6.49,,3132,2025-08-25T23:50:36Z,chips-and-dip,True
0002840058965,Fritos Corn Chips Flavored Lightly Salted - 9.25 Oz,5.89,,3132,2025-08-25T23:50:36Z,chips-and-dip,True
0002840001970,Sabritas Tortilla Chips Rancheritos - 7.625 Oz,3.99,,3132,2025-08-25T23:50:36Z,chips-and-dip,True
0002410011441,Cheez-It Snapd Cheese Cracker Chips Double Cheese Thin Crisps - 7.5 Oz,5.99,,3132,2025-08-25T23:50:36Z,chips-and-dip,True
0004400008039,RITZ Bits Spicy Queso - 8.8 Oz,4.99,,3132,2025-08-25T23:50:36Z,chips-and-dip,True
0002113030259,Signature Select Nature Veggie Chips - 7 Oz.,3.49,,3132,2025-08-25T23:50:36Z,chips-and-dip,True
0004400005138,Triscuit Crackers Reduced Fat - 7.5 Oz,5.49,,3132,2025-08-25T23:50:36Z,chips-and-dip,True
0001356230215,Annies Homegrown Cheddar Bunnies Crackers Organic Baked Snack - 7.5 Oz,5.49,,3132,2025-08-25T23:50:36Z,chips-and-dip,True
0003010010055,Town House Oven Baked Crackers Original Party Snacks - 13.8 Oz,5.29,,3132,2025-08-25T23:50:36Z,chips-and-dip,True
0002068500166,Cape Cod Less Fat Original Kettle Cooked Potato Chips - 14 Oz,6.49,,3132,2025-08-25T23:50:36Z,chips-and-dip,True
0004400005840,Good Thins Parmesan & Garlic Rice & Cheese Snacks Gluten Free Crackers - 3.5 Oz,5.49,,3132,2025-08-25T23:50:36Z,chips-and-dip,True
0005929057322,Carrs Table Water Crackers Original Baked Snack Crackers - 4.25 Oz,4.99,,3132,2025-08-25T23:50:36Z,chips-and-dip,True
0004400005839,Good Thins Three Cheese Rice & Cheese Snacks Gluten Free Crackers - 3.5 Oz,5.49,,3132,2025-08-25T23:50:36Z,chips-and-dip,True
0004400005132,Triscuit Crackers Balsamic Vinegar & Basil - 8.5 Oz,5.49,,3132,2025-08-25T23:50:36Z,chips-and-dip,True
0002113036245,Signature Select Mountain Mix Trail Mix Multipack 10 Bags 1 Oz - 10-1 OZ,4.99,,3132,2025-08-25T23:50:36Z,chips-and-dip,True
0081509902164,LATE JULY Snacks Multigrain Thin and Crispy Organic Tortilla Chips with Sea Salt and Lime - 10.1 Oz,4.99,,3132,2025-08-25T23:50:36Z,chips-and-dip,True
0085156200803,SkinnyDipped Lemon Bliss Almonds Pouch - 3.5 Oz,3.99,,3132,2025-08-25T23:50:36Z,chips-and-dip,True
0002840008404,Munchies Snack Mix Cheese Fix Flavored - 8 Oz,3.99,,3132,2025-08-25T23:50:36Z,chips-and-dip,True
0008411412353,Kettle Brand Sea Salt & Vinegar Kettle Potato Chips - 13 Oz,5.99,,3132,2025-08-25T23:50:36Z,chips-and-dip,True
0085025100420,SkinnyPop Sweet and Salty Kettle Popcorn Grocery Size Bag - 5.3 Oz,4.79,,3132,2025-08-25T23:50:36Z,chips-and-dip,True
0002840020132,Lays Potato Chips Chile Limon - 7.75 Oz,4.99,,3132,2025-08-25T23:50:36Z,chips-and-dip,True
0002840068890,Ruffles Potato Chips Flamin' Hot Cheddar - 8 OZ,5.79,,3132,2025-08-25T23:50:36Z,chips-and-dip,True
0004400007827,Good Thins Sesame Rice Snacks Gluten Free Crackers - 3.5 Oz,5.49,,3132,2025-08-25T23:50:36Z,chips-and-dip,True
0007797502275,Snyder's of Hanover Sourdough Hard Pretzels - 13.5 Oz,3.99,,3132,2025-08-25T23:50:36Z,chips-and-dip,True
0007492340527,Pik-Nik Shoestring Potatoes Original - 9 Oz,4.29,,3132,2025-08-25T23:50:36Z,chips-and-dip,True
0004400006922,Wheat Thins Hint of Salt Low Sodium Whole Grain Wheat Crackers - 8.5 Oz,5.49,,3132,2025-08-25T23:50:36Z,chips-and-dip,True
0007797503406,Snyder's of Hanover Pretzel Rods - 12 Oz,3.99,,3132,2025-08-25T23:50:36Z,chips-and-dip,True
0002410010443,Cheez-It Cheese Crackers Extra Toasty Baked Snack Crackers - 12.4 Oz,5.99,,3132,2025-08-25T23:50:36Z,chips-and-dip,True
0065143326214,Roasted & Salted Whole Cashews With Sea Salt Prepackaged - 20 Oz.,12.99,,3132,2025-08-25T23:50:36Z,chips-and-dip,True
0004157005278,Blue Diamond Nut Thins Cracker Snacks Almond Nut & Rice Hint of Sea Salt - 4.25 Oz,4.49,,3132,2025-08-25T23:50:36Z,chips-and-dip,True
0002840070577,Sanitas Tortilla Triangles Blended - 11 Oz,2.99,,3132,2025-08-25T23:50:36Z,chips-and-dip,True
0002840007098,TOSTITOS Salsa Con Queso Medium - 15 Oz,5.79,,3132,2025-08-25T23:50:36Z,chips-and-dip,True
0004400007714,Triscuit Original - 17 Oz,7.49,,3132,2025-08-25T23:50:36Z,chips-and-dip,True
0065143363055,Milk Chocolate Peanut Clusters - 9 OZ,7.99,,3132,2025-08-25T23:50:36Z,chips-and-dip,True
0081002167173,Simple Mills Crackers Cheddar - 4 Oz,5.99,,3132,2025-08-25T23:50:36Z,chips-and-dip,True
0003010021597,Kellogg's SCOOBY-DOO! Cinnamon Baked Graham Cracker Snacks 12 Count - 12 Oz,5.99,,3132,2025-08-25T23:50:36Z,chips-and-dip,True
0004400001777,Premium Original Mini Saltine Crackers - 11 Oz,4.79,,3132,2025-08-25T23:50:36Z,chips-and-dip,True
0002113011225,Signature SELECT Crackers Water Original - 4.25 Oz,2.99,,3132,2025-08-25T23:50:36Z,chips-and-dip,True
0002113034548,Overjoyed Harvest Spice Indulgent Trail Mix - 7 Oz,4.99,,3132,2025-08-25T23:50:36Z,chips-and-dip,True
0002840031055,Lays Potato Chips Limon Party Size - 12.5 Oz,5.99,,3132,2025-08-25T23:50:36Z,chips-and-dip,True
0002840031054,Lays Potato Chips Lightly Salted Classic Party Size - 12.5 Oz,5.99,,3132,2025-08-25T23:50:36Z,chips-and-dip,True
0002113011319,Signature SELECT Crackers Baked Snack Classic - 13.7 Oz,3.49,,3132,2025-08-25T23:50:36Z,chips-and-dip,True
0002113030265,Signature SELECT Restaurant Style Tortilla Chips - 9.5 Oz,2.49,,3132,2025-08-25T23:50:36Z,chips-and-dip,True
0007114600588,Calbee Potato Chips Pizza - 2.54 OZ,2.99,,3132,2025-08-25T23:50:36Z,chips-and-dip,True
0085556900302,Perfect Bar Gluten-Free Peanut Butter Refrigerated Organic Protein Bar - 2.5 Oz,2.99,,3132,2025-08-25T23:50:36Z,chips-and-dip,True
0002840051644,Doritos Tortilla Chips Flamin Hot Nacho - 9.25 OZ,6.29,,3132,2025-08-25T23:50:36Z,chips-and-dip,True
0065143326222,Almond Cashew And Cranberry Mix Prepackaged - 22 Oz.,10.99,,3132,2025-08-25T23:50:36Z,chips-and-dip,True
0007797508731,Snyder's of Hanover Gluten Free Pretzel Sticks - 8 Oz,4.79,,3132,2025-08-25T23:50:36Z,chips-and-dip,True
0002840070569,CHESTERS Fries Flamin Hot Bag - 5.25 Oz,2.99,,3132,2025-08-25T23:50:36Z,chips-and-dip,True
0490103521032,Amanoya Hime Maru Rice Crackers - 3.45 Oz,2.49,,3132,2025-08-25T23:50:36Z,chips-and-dip,True
0060654180302,Milton's Craft Bakers Crispy Sea Salt Gluten Free Crackers - 4.5 Oz,3.5,,3132,2025-08-25T23:50:36Z,chips-and-dip,True
0071219931977,Jovy Fruit Roll Strawberry Flavor - 0.75 Oz,0.25,,3132,2025-08-25T23:50:36Z,chips-and-dip,True
0065143360111,Almonds Raw - 11 OZ,7.99,,3132,2025-08-25T23:50:36Z,chips-and-dip,True
0002900007345,Planters Peanuts Dry Roasted Honey Roasted - 16 Oz,3.99,,3132,2025-08-25T23:50:36Z,chips-and-dip,True
0089386900072,Sahale Snacks Snack Better Pistachios Glazed Mix Naturally Pomegranate Flavored - 4 Oz,4.99,,3132,2025-08-25T23:50:36Z,chips-and-dip,True
0002840068876,Doritos Tortilla Chips Flamin Hot Cool Ranch 9 1/4 Oz - 9.25 OZ,6.29,,3132,2025-08-25T23:50:36Z,chips-and-dip,True
0003010047241,Keebler Sandwich Crackers Club and Cheddar Single Serve Snack Crackers 8 Count - 11 Oz,3.5,,3132,2025-08-25T23:50:36Z,chips-and-dip,True
0002900001669,Planters Mixed Nuts Lightly Salted - 10.3 Oz,7.99,,3132,2025-08-25T23:50:36Z,chips-and-dip,True
0001159410052,Hawaiian Kettle Style Luau Bbq Chips - 7.5 Oz,3.99,,3132,2025-08-25T23:50:36Z,chips-and-dip,True
0002113013305,Signature SELECT Butter Twirls Pretzel - 10 Oz,1.99,,3132,2025-08-25T23:50:36Z,chips-and-dip,True
0002113029436,Signature SELECT Mixed Nuts Deluxe Roasted & Salted - 6 Oz,3.99,,3132,2025-08-25T23:50:36Z,chips-and-dip,True
0081012208038,Hippeas Puffs Blazin Hot 3.75oz - 3.75 OZ,4.99,,3132,2025-08-25T23:50:36Z,chips-and-dip,True
0004400007166,Triscuit Roasted Garlic Crackers Family Size - 12.5 Oz,5.99,,3132,2025-08-25T23:50:36Z,chips-and-dip,True
0002840069735,Doritos Tortilla Chips Sweet & Tangy BBQ 9.25 Oz,6.29,,3132,2025-08-25T23:50:36Z,chips-and-dip,True
0065143363200,Fantasy Sour Belts - 10 OZ,6.99,,3132,2025-08-25T23:50:36Z,chips-and-dip,True
0002840051818,Tostitos Tortilla Chips Salsa Verde - 11 OZ,5.79,,3132,2025-08-25T23:50:36Z,chips-and-dip,True
0007797508915,Snyder's of Hanover Gluten Free Mini Pretzels - 8 Oz,4.79,,3132,2025-08-25T23:50:36Z,chips-and-dip,True
0085556911025,Perfect Bar Organic Gluten-Free Peanut Butter Refrigerated Protein 4 Count - 2.5 Oz Each,8.99,,3132,2025-08-25T23:50:36Z,chips-and-dip,True
0002840058931,Fritos Corn Chips Flavored Flamin Hot - 9.25 Oz,5.89,,3132,2025-08-25T23:50:36Z,chips-and-dip,True
0001566500061,Pirates Booty Multipack 10ct - 10 CT,5.99,,3132,2025-08-25T23:50:36Z,chips-and-dip,True
0002840016524,La Cocina De Josefa Tortilla Chips Gluten Free Mexican Restaurant Style Bag - 12 Oz,3.99,,3132,2025-08-25T23:50:36Z,chips-and-dip,True
0002068500319,Cape Cod Less Fat Sea Salt & Vinegar Kettle Cooked Chips - 7.5 Oz,3.99,,3132,2025-08-25T23:50:36Z,chips-and-dip,True
0002410094027,Cheez-It Cheese Crackers Variety Pack Baked Snack Crackers - 12 - 12.1 Oz,5.99,,3132,2025-08-25T23:50:36Z,chips-and-dip,True
0008411490207,Kettle Brand Krinkle Cut Salt & Fresh Ground Pepper Kettle Potato Chips - 7.5 Oz,3.99,,3132,2025-08-25T23:50:36Z,chips-and-dip,True
0002840070576,Santitas Tortilla Triangles White - 11 Oz,2.99,,3132,2025-08-25T23:50:36Z,chips-and-dip,True
0002840019963,Lays Potato Chips Sour Cream & Onion - 7.75 Oz,4.99,,3132,2025-08-25T23:50:36Z,chips-and-dip,True
0002840018382,Lays Potato Crisps Oven Baked Original - 6.25 Oz,4.79,,3132,2025-08-25T23:50:36Z,chips-and-dip,True
0065143326219,Pecan Halves Prepackaged - 14 Oz.,12.99,,3132,2025-08-25T23:50:36Z,chips-and-dip,True
0070816312192,Boulder Canyon Potato Chips Kettle Cooked Malt Vinegar & Sea Salt Bag - 5.25 Oz,3.99,,3132,2025-08-25T23:50:36Z,chips-and-dip,True
0003729620275,Boudin Sourdough Crackers Twice Baked Sea Salt Bag - 6 Oz,3.5,,3132,2025-08-25T23:50:36Z,chips-and-dip,True
0081878001503,Angie's BOOMCHICKAPOP Real Butter Popcorn - 4.4 Oz,4.99,,3132,2025-08-25T23:50:36Z,chips-and-dip,True
0002840051668,Ruffles Potato Chips Original - 8.5 OZ,5.79,,3132,2025-08-25T23:50:36Z,chips-and-dip,True
0002113036270,Overjoyed Mint Cookie & Creme Trail Mix 8oz - 8 OZ,3.99,,3132,2025-08-25T23:50:36Z,chips-and-dip,True
0001410008550,Goldfish Original Crackers - 6.6 Oz,3.5,,3132,2025-08-25T23:50:36Z,chips-and-dip,True
0001600021556,Chex Mix Bold Party Blend 8oz - 8 OZ,3.69,,3132,2025-08-25T23:50:36Z,chips-and-dip,True
0085001433502,Like Air Puff Corn Butter And Salt - 4 OZ,2.5,,3132,2025-08-25T23:50:36Z,chips-and-dip,True
0002113029434,Signature SELECT Almond Whole Unroasted & Unsalted - 6 Oz,3.99,,3132,2025-08-25T23:50:36Z,chips-and-dip,True
0008411490213,Kettle Brand Pepperoncini Kettle Potato Chips - 7.5 Oz,3.99,,3132,2025-08-25T23:50:36Z,chips-and-dip,True
0007373142000,Mission Thin & Crispy Yellow Corn Tortilla Chips - 9 Oz,3.49,,3132,2025-08-25T23:50:36Z,chips-and-dip,True
0004400005170,Triscuit Reduced Fat Whole Grain Wheat Vegan Crackers Family Size - 11.5 Oz,5.99,,3132,2025-08-25T23:50:36Z,chips-and-dip,True
0081692502290,Skinnypop Dairy Free White Cheddar Multipack 10ct - 5 OZ,7.99,,3132,2025-08-25T23:50:36Z,chips-and-dip,True
0004886722207,Juantonio's Nacho Rounds - 14 Oz,3.0,,3132,2025-08-25T23:50:36Z,chips-and-dip,True
0081509902165,LATE JULY Snacks Multigrain Thin and Crispy Organic Tortilla Chips with Chia and Quinoa - 10.1 Oz,4.99,,3132,2025-08-25T23:50:36Z,chips-and-dip,True
0085559600706,Love Corn Roasted Sea Salt Crunchy Corn - 4 Oz,3.99,,3132,2025-08-25T23:50:36Z,chips-and-dip,True
0002840051794,Tostitos Tortilla Chips Restaurant Style Hint Of Lime - 11 OZ,5.79,,3132,2025-08-25T23:50:36Z,chips-and-dip,True
0002410059475,Cheez-It Grooves Crunchy Cheese Crackers Sharp White Cheddar Snack Crackers - 9 Oz,5.99,,3132,2025-08-25T23:50:36Z,chips-and-dip,True
0007797509514,Snyder's of Hanover Cheddar Cheese Flavored Pretzel Pieces - 11.25 Oz,3.99,,3132,2025-08-25T23:50:36Z,chips-and-dip,True
0003800013841,Pringles Potato Crisps Chips Original Lunch Snacks - 5.2  Oz,2.5,,3132,2025-08-25T23:50:36Z,chips-and-dip,True
0001410008578,Goldfish Baked with Whole Grain Cheddar Baked Snack Crackers - 6.6 Oz,3.5,,3132,2025-08-25T23:50:36Z,chips-and-dip,True
0002113029420,Signature SELECT Chili Crunch Sweet & Salty - 26 Oz,10.99,,3132,2025-08-25T23:50:36Z,chips-and-dip,True
0002840075901,Lays All Dressed 7.75oz - 7.75 OZ,4.99,,3132,2025-08-25T23:50:36Z,chips-and-dip,True
0002840068690,Doritos Tortilla Chips Spicy Sweet Chili 14 1/2 Ounce - 14.5 OZ,6.49,,3132,2025-08-25T23:50:36Z,chips-and-dip,True
0065143399701,Cashews Whole Raw - 10 Oz,8.99,,3132,2025-08-25T23:50:36Z,chips-and-dip,True
0002840065532,CHEETOS Cheese Flavored Snacks Mexican Street Corn - 8.5 OZ,5.79,,3132,2025-08-25T23:50:36Z,chips-and-dip,True
0004400005101,Triscuit Rosemary & Olive Oil Whole Grain Wheat Crackers - 8.5 Oz,5.49,,3132,2025-08-25T23:50:36Z,chips-and-dip,True
0004400088211,RITZ Cheese Sandwich Crackers Snack Packs - 8-1.35 Oz,4.79,,3132,2025-08-25T23:50:36Z,chips-and-dip,True
0073249400060,G.H. Cretors Popped Corn Just the Cheese Corn - 6.5 Oz,5.49,,3132,2025-08-25T23:50:36Z,chips-and-dip,True
0002900007906,Planters Peanuts Redskin Spanish - 12.5 Oz,4.99,,3132,2025-08-25T23:50:36Z,chips-and-dip,True
0003010011233,Club Snack Stacks Crackers Original Lunch Snacks 9 Count - 18.8 Oz,6.49,,3132,2025-08-25T23:50:36Z,chips-and-dip,True
0085651600575,Mamma Chia Blueberry Acai Squeeze - 4-3.5 OZ,5.49,,3132,2025-08-25T23:50:36Z,chips-and-dip,True
0085680200883,WILDE Protein Chips Chicken & Waffles - 4 Oz,7.99,,3132,2025-08-25T23:50:36Z,chips-and-dip,True
0002113034689,Overjoyed S'mores Indulgent Trail Mix - 8 Oz,3.99,,3132,2025-08-25T23:50:36Z,chips-and-dip,True
0002410012137,Cheez-It Snapd Cheese Cracker Chips Sharp White Cheddar Thin Crisps - 7.5 Oz,5.99,,3132,2025-08-25T23:50:36Z,chips-and-dip,True
0002840070573,Chesters Puffcorn Butter Puffered Corn - 3.25 Oz,2.99,,3132,2025-08-25T23:50:36Z,chips-and-dip,True
0002840063283,Lays Wavy Potato Chips Funyuns Onion Flavored - 7.5 OZ,4.99,,3132,2025-08-25T23:50:36Z,chips-and-dip,True
0081060702453,Popcorners Cinnamon Sugar Popped Corn Snack - 7 Oz,4.79,,3132,2025-08-25T23:50:36Z,chips-and-dip,True
0001159410051,Hawaiian Kettle Style Sweet Maui Onion Chips - 7.5 Oz,3.99,,3132,2025-08-25T23:50:36Z,chips-and-dip,True
0001410008562,Goldfish Pretzel Baked Snack Crackers - 8 Oz,3.5,,3132,2025-08-25T23:50:36Z,chips-and-dip,True
0081003148032,Reeses Pretzels Filled Peanut Butterter 18oz - 18 OZ,7.99,,3132,2025-08-25T23:50:36Z,chips-and-dip,True
0085746800617,Power Up Trail Mix Protein Packed - 14 Oz,6.99,,3132,2025-08-25T23:50:36Z,chips-and-dip,True
0003800028445,Pringles Potato Crisps Chips Enchilada Adobada Lunch Snacks - 5.2 Oz,2.5,,3132,2025-08-25T23:50:36Z,chips-and-dip,True
0003010047324,Keebler Sandwich Crackers Cheese and Peanut Butter Single Serve Snack Crackers 8 Count - 11 Oz,3.5,,3132,2025-08-25T23:50:36Z,chips-and-dip,True
0001411391061,Wonderful Pistachios No Shells Roasted & Lightly Salted - 6 Oz,7.99,,3132,2025-08-25T23:50:36Z,chips-and-dip,True
0001410008548,Goldfish Flavor Blasted Xtra Cheddar Cheese Crackers - 6.6 Oz,3.5,,3132,2025-08-25T23:50:36Z,chips-and-dip,True
0065143326110,Banana Chips - 14 OZ,5.99,,3132,2025-08-25T23:50:36Z,chips-and-dip,True
0002840059888,Cheetos Simply Puffs Cheese Flavored Snacks White Cheddar - 12 OZ,6.49,,3132,2025-08-25T23:50:36Z,chips-and-dip,True
0004157014410,Blue Diamond Honey Roasted Almonds 16oz Bag - 16 OZ,10.99,,3132,2025-08-25T23:50:36Z,chips-and-dip,True
0081060702074,PopCorners Popped Corn Chips Crispy & Crunchy Sweet Heat Chili - 7 Oz,4.79,,3132,2025-08-25T23:50:36Z,chips-and-dip,True
0003800030792,Pringles Potato Buffalo Wing Crisp Chips  - 5.5 Oz,2.5,,3132,2025-08-25T23:50:36Z,chips-and-dip,True
0002840051800,Tostitos Tortilla Chips Lightly Salted Restaurant Style - 13 Oz,5.79,,3132,2025-08-25T23:50:36Z,chips-and-dip,True
0002113019363,Signature SELECT Crackers Entertaining Rosemary - 8 Oz,3.49,,3132,2025-08-25T23:50:36Z,chips-and-dip,True
0002900001002,Planters Peanuts Cocktail Lightly Salted - 16 Oz,3.99,,3132,2025-08-25T23:50:36Z,chips-and-dip,True
0002840018477,Ruffles Potato Crisps Oven Baked Cheddar & Sour Cream Flavored - 6.25 Oz,4.79,,3132,2025-08-25T23:50:36Z,chips-and-dip,True
0089277300086,Angie's BOOMCHICKAPOP Sea Salt Popcorn - 4.8 Oz,4.99,,3132,2025-08-25T23:50:36Z,chips-and-dip,True
0007373108108,Mission Round Yellow Corn Tortilla Chips - 11 Oz,3.49,,3132,2025-08-25T23:50:36Z,chips-and-dip,True
0001411370238,Unsalted Pistachios - 6 OZ,7.99,,3132,2025-08-25T23:50:36Z,chips-and-dip,True
0002113019884,Signature SELECT Crackers Entertaining Everything - 8 Oz,3.49,,3132,2025-08-25T23:50:36Z,chips-and-dip,True
0004157015203,Blue Diamond Deluxe Mixed Nut Sea Salt 14oz - 14 OZ,9.99,,3132,2025-08-25T23:50:36Z,chips-and-dip,True
0004400007828,Good Thins Mixed Seed Rice Snacks Gluten Free Crackers - 3.5 Oz,5.49,,3132,2025-08-25T23:50:36Z,chips-and-dip,True
0060654180301,Milton's Craft Bakers Everything Gluten Free Crackers - 4.5 Oz,3.5,,3132,2025-08-25T23:50:36Z,chips-and-dip,True
0085006447600,Marys Gone Crackers Original 4oz - 4 OZ,5.49,,3132,2025-08-25T23:50:36Z,chips-and-dip,True
0002113029052,Signature SELECT Pretzels Rods - 10 Oz,1.99,,3132,2025-08-25T23:50:36Z,chips-and-dip,True
0002068500269,Cape Cod Less Fat Sea Salt Waves Kettle Cooked Potato Chips - 7.5 Oz,3.99,,3132,2025-08-25T23:50:36Z,chips-and-dip,True
0002840051647,Doritos Tortilla Chips Spicy Nacho - 9.25 OZ,6.29,,3132,2025-08-25T23:50:36Z,chips-and-dip,True
0002113030257,Signature Select Veggie Sticks - 7 Oz.,3.49,,3132,2025-08-25T23:50:36Z,chips-and-dip,True
0004950825293,Snack Factory Bites Spicy Ranch Pretzel Snacks - 9 Oz,6.29,,3132,2025-08-25T23:50:36Z,chips-and-dip,True
0004400008107,Wheat Thins Spicy Sweet Chili Whole Grain Wheat Crackers - 8.5 Oz,5.49,,3132,2025-08-25T23:50:36Z,chips-and-dip,True
0007373108109,Mission Triangles White Corn Tortilla Chips - 11 Oz,3.49,,3132,2025-08-25T23:50:36Z,chips-and-dip,True
0007299204019,Mauna Loa Sea Salt Macadamia Nuts Jar - 6 Oz,9.99,,3132,2025-08-25T23:50:36Z,chips-and-dip,True
0002410011487,Cheez-It Snapd Cheese Cracker Chips Cheddar Sour Cream and Onion Thin Crisps - 7.5 Oz,5.99,,3132,2025-08-25T23:50:36Z,chips-and-dip,True
0004400004472,Good Thins Sea Salt & Pepper Rice Snacks Gluten Free Crackers - 3.5 Oz,5.49,,3132,2025-08-25T23:50:36Z,chips-and-dip,True
0002840076722,Chesters Fries Original - 4.25 Oz,2.99,,3132,2025-08-25T23:50:36Z,chips-and-dip,True
0002840014741,SunChips Snacks Whole Grain Original - 7 Oz,4.99,,3132,2025-08-25T23:50:36Z,chips-and-dip,True
0001566500076,Pirates Booty Aged White Cheddar Pokemon Multipack 18ct - 18 CT,12.99,,3132,2025-08-25T23:50:36Z,chips-and-dip,True
0002840031044,Lays Potato Chips Sour Cream & Onion Party Size - 12.5 Oz,5.99,,3132,2025-08-25T23:50:36Z,chips-and-dip,True
0004400005099,Triscuit Cracked Pepper & Olive Oil Whole Grain Wheat Crackers - 8.5 Oz,5.49,,3132,2025-08-25T23:50:36Z,chips-and-dip,True
0004400006919,Wheat Thins Reduced Fat Whole Grain Wheat Crackers Family Size - 12.5 Oz,5.99,,3132,2025-08-25T23:50:36Z,chips-and-dip,True
0004400005106,RITZ Toasted Chips Cheddar Crackers - 8.1 Oz,4.99,,3132,2025-08-25T23:50:36Z,chips-and-dip,True
0004400005166,Triscuit Garden Herb Whole Grain Wheat Crackers - 8.5 Oz,5.49,,3132,2025-08-25T23:50:36Z,chips-and-dip,True
0002840051777,DORITOS Tortilla Chips Cool Ranch Party Size - 14.5 OZ,6.49,,3132,2025-08-25T23:50:36Z,chips-and-dip,True
0004400005100,Triscuit Hint of Sea Salt Whole Grain Wheat Vegan Crackers - 8.5 Oz,5.49,,3132,2025-08-25T23:50:36Z,chips-and-dip,True
0004157002970,Blue Diamond Almonds Roasted Salted - 6 Oz,5.49,,3132,2025-08-25T23:50:36Z,chips-and-dip,True
0081060702071,PopCorners Popped Corn Chips Crispy & Crunchy Carnival Kettle - 7 Oz,4.79,,3132,2025-08-25T23:50:36Z,chips-and-dip,True
0065143370215,Gummy Bears Chocolate Covered - 12 OZ,11.99,,3132,2025-08-25T23:50:36Z,chips-and-dip,True
0004157005982,Blue Diamond Almonds Lightly Salted - 6 Oz,5.49,,3132,2025-08-25T23:50:36Z,chips-and-dip,True
0004400006925,Wheat Thins Reduced Fat Whole Grain Wheat Crackers - 8 Oz,5.49,,3132,2025-08-25T23:50:36Z,chips-and-dip,True
0002113052079,Signature Select/Farms Peanuts Roasted & Unsalted - 16 Oz,2.99,,3132,2025-08-25T23:50:36Z,chips-and-dip,True
0008411490202,Kettle Brand Farmstand Ranch Kettle Potato Chips - 7.5 Oz,3.99,,3132,2025-08-25T23:50:36Z,chips-and-dip,True
0082429513663,Orchard Valley Harvest Trail Mix Chocolate Raisin Nut - 8-1 Oz,4.0,,3132,2025-08-25T23:50:36Z,chips-and-dip,True
0002410012090,Cheez-It Extra Crunchy Cheese Crackers Bold Cheddar Baked Snack Crackers - 12.4 Oz,5.99,,3132,2025-08-25T23:50:36Z,chips-and-dip,True
0002840018391,CHEETOS Snacks Cheese Flavored Baked Flamin Hot - 7.625 Oz,4.79,,3132,2025-08-25T23:50:36Z,chips-and-dip,True
0002840067907,Doritos Tortilla Chips Nacho Cheese1 Oz 10 Count - 10 OZ,6.49,,3132,2025-08-25T23:50:36Z,chips-and-dip,True
0004157010910,Blue Diamond Nut Thins Cracker Snacks Artisan Natural Multi Seeds - 4.25 Oz,4.49,,3132,2025-08-25T23:50:36Z,chips-and-dip,True
0002840015224,SunChips Snacks Multigrain French Onion - 7 Oz,4.99,,3132,2025-08-25T23:50:36Z,chips-and-dip,True
0002840018383,Lays Potato Crisps Oven Baked Barbecue - 6.25 Oz,4.79,,3132,2025-08-25T23:50:36Z,chips-and-dip,True
0002840020059,Lays Potato Chips Lightly Salted - 7.75 Oz,4.99,,3132,2025-08-25T23:50:36Z,chips-and-dip,True
0060654193385,Milton's Craft Bakers Olive Oil & Sea Salt Gourmet Crackers - 6.8 Oz,3.5,,3132,2025-08-25T23:50:36Z,chips-and-dip,True
0007641090616,Lance Captain's Wafers Cream Cheese and Chives Sandwich Crackers Multipack - 10-1.37 Oz,4.99,,3132,2025-08-25T23:50:36Z,chips-and-dip,True
0003400021460,HERSHEYS Dipped Pretzels Milk Chocolate - 4.25 Oz,3.29,,3132,2025-08-25T23:50:36Z,chips-and-dip,True
0085156200705,"The Good Crisp Company Sour Cream And Onion Potato Crisps, 6 Oz - 6 Oz",3.99,,3132,2025-08-25T23:50:36Z,chips-and-dip,True
0075752803747,Takis Blue Heat Hot Chili Pepper Rolled Tortilla Chips - 9.9 Oz,5.49,,3132,2025-08-25T23:50:36Z,chips-and-dip,True
0002113034687,Overjoyed Indulgent Birthday Cake Trail Mix - 8 Oz,3.99,,3132,2025-08-25T23:50:36Z,chips-and-dip,True
0004400004483,Premium Original Saltine Crackers Family Size - 24 Oz,6.49,,3132,2025-08-25T23:50:36Z,chips-and-dip,True
0007873200227,Casa Sanchez Foods Tortilla Chips Organic - 14 Oz,4.49,,3132,2025-08-25T23:50:36Z,chips-and-dip,True
0003010010057,Club Crackers Original Lunch Snacks - 13.7 Oz,5.29,,3132,2025-08-25T23:50:36Z,chips-and-dip,True
0002840052846,Tostitos Cantina Tortilla Chips Thin Crisps - 10 OZ,5.79,,3132,2025-08-25T23:50:36Z,chips-and-dip,True
0008707645460,Snak Club Grab N Run Energizer Trail Mix - 2 Oz,1.49,,3132,2025-08-25T23:50:36Z,chips-and-dip,True
0004157005338,Blue Diamond Almonds Bold Salt N Vinegar - 6 Oz,5.49,,3132,2025-08-25T23:50:36Z,chips-and-dip,True
0002113012937,Signature Select/Farms Mountain Mix - 24 Oz,6.99,,3132,2025-08-25T23:50:36Z,chips-and-dip,True
0008411490330,Kettle & Late July Variety Pack 20ct - 20 CT,12.99,,3132,2025-08-25T23:50:36Z,chips-and-dip,True
0001159427102,Hawaiian Luau Bbq Kettle Chip - 13 OZ,5.99,,3132,2025-08-25T23:50:36Z,chips-and-dip,True
0002840071017,Chesters Fries Flamin Hot - 8.63 Oz,3.99,,3132,2025-08-25T23:50:36Z,chips-and-dip,True
0003800030500,Pringles Hot Ones Potato Crisps Chips Verde Spicy Snacks - 5.5 Oz,2.5,,3132,2025-08-25T23:50:36Z,chips-and-dip,True
0081692502066,SkinnyPop Butter Popcorn Grocery Size Bag - 4.4 Oz,4.79,,3132,2025-08-25T23:50:36Z,chips-and-dip,True
0002840018390,CHEETOS Snacks Cheese Flavored Crunchy Baked Less Fat - 7.62 Oz,4.79,,3132,2025-08-25T23:50:36Z,chips-and-dip,True
0004400005359,RITZ Everything Crackers - 13.7 Oz,4.99,,3132,2025-08-25T23:50:36Z,chips-and-dip,True
0003010012804,Kelloggs Sweet and Salty Variety Pack Lunch Snacks - 12 - 12 Oz,5.99,,3132,2025-08-25T23:50:36Z,chips-and-dip,True
0002113029433,Signature SELECT Cashews Whole Roasted & Salted - 6 Oz,3.99,,3132,2025-08-25T23:50:36Z,chips-and-dip,True
0002113034688,Overjoyed Turtle Sundae Indulgent Trail Mix - 8 Oz,3.99,,3132,2025-08-25T23:50:36Z,chips-and-dip,True
0004400005136,Triscuit Roasted Garlic Whole Grain Wheat Crackers - 8.5 Oz,5.49,,3132,2025-08-25T23:50:36Z,chips-and-dip,True
0002840000848,Stacy's Pita Thin Baked Chips Sea Salt - 6.75 Oz,5.49,,3132,2025-08-25T23:50:36Z,chips-and-dip,True
0002900007210,Planters Peanuts Cocktail - 16 Oz,3.99,,3132,2025-08-25T23:50:36Z,chips-and-dip,True
0085309400417,Sabor Mexicano Corn Chips Home Made Bag - 12 Oz,6.49,,3132,2025-08-25T23:50:36Z,chips-and-dip,True
0004400003049,Chicken in a Biskit Original Baked Snack Crackers - 7.5 Oz,5.49,,3132,2025-08-25T23:50:36Z,chips-and-dip,True
0001410008560,Goldfish Pizza Baked Snack Crackers - 6.6 Oz,3.5,,3132,2025-08-25T23:50:36Z,chips-and-dip,True
0003800028447,Pringles Potato Crisps Las Meras Meras Habaneras Lunch Snacks - 5.5 Oz,2.5,,3132,2025-08-25T23:50:36Z,chips-and-dip,True
0002113030268,Signature SELECT Almonds Habanero Bbq Whole - 16 Oz,7.99,,3132,2025-08-25T23:50:36Z,chips-and-dip,True
0002840076809,Miss Vickies Kettle Cooked Sea Salt & Vinegar Potato Chips - 8 Oz,5.29,,3132,2025-08-25T23:50:36Z,chips-and-dip,True
0002113030602,Signature SELECT Crackers Entertaining Wheat - 8 Oz,3.49,,3132,2025-08-25T23:50:36Z,chips-and-dip,True
0002900001938,Planters Deluxe Pistachio Mix - 14.5 Oz,21.99,,3132,2025-08-25T23:50:36Z,chips-and-dip,True
0002840076548,Lays Baked - 9.25 Oz,6.49,,3132,2025-08-25T23:50:36Z,chips-and-dip,True
0002840070574,CHESTERS Puffcorn Flamin Hot - 4.25 Oz,2.99,,3132,2025-08-25T23:50:36Z,chips-and-dip,True
0002840020068,Lays Potato Chips Honey Barbecue - 7.75 Oz,4.99,,3132,2025-08-25T23:50:36Z,chips-and-dip,True
0008411490152,Kettle Brand Backyard Barbeque Kettle Potato Chips - 13 Oz,5.99,,3132,2025-08-25T23:50:36Z,chips-and-dip,True
0085682300475,Jacksons Sweet Potato Chips Carolina BBQ - 5 Oz,3.99,,3132,2025-08-25T23:50:36Z,chips-and-dip,True
0065143362311,Chocolate Almonds - 11 OZ,8.99,,3132,2025-08-25T23:50:36Z,chips-and-dip,True
0060654193378,Milton's Craft Bakers Everything Gourmet Crackers - 8.4 Oz,3.5,,3132,2025-08-25T23:50:36Z,chips-and-dip,True
0002840031040,Lays Potato Chips Barbecue Party Size - 12.5 Oz,5.99,,3132,2025-08-25T23:50:36Z,chips-and-dip,True
0065143366424,Gummy Sharks - 12 OZ,5.99,,3132,2025-08-25T23:50:36Z,chips-and-dip,True
0007797503404,Snyder's of Hanover Unsalted Mini Pretzels - 12 Oz,3.99,,3132,2025-08-25T23:50:36Z,chips-and-dip,True
0081060702443,Popcorners Kettle Corn Pop Corn - 12 Oz,6.49,,3132,2025-08-25T23:50:36Z,chips-and-dip,True
0002113029443,Signature SELECT Almonds Whole Roasted & Salted Pouch - 16 Oz,7.99,,3132,2025-08-25T23:50:36Z,chips-and-dip,True
0002840051685,Ruffles Potato Chips Sour Cream & Onion - 8 OZ,5.79,,3132,2025-08-25T23:50:36Z,chips-and-dip,True
0007373108204,Mission Triangle White Corn Tortilla Chips - 18 Oz,3.5,,3132,2025-08-25T23:50:36Z,chips-and-dip,True
0004157004428,Blue Diamond Nut Thins Cracker Snacks Pecan Nut & Rice - 4.25 Oz,4.49,,3132,2025-08-25T23:50:36Z,chips-and-dip,True
0004950800160,Snack Factory Garlic Parmesan Pretzel Crisps - 14 Oz,7.99,,3132,2025-08-25T23:50:36Z,chips-and-dip,True
0002900002077,Planters Deluxe Mixed Nuts - 15.25 Oz,12.99,,3132,2025-08-25T23:50:36Z,chips-and-dip,True
0071706713304,Wellington Water Crackers Garlic Herb - 5 Oz,3.5,,3132,2025-08-25T23:50:36Z,chips-and-dip,True
0002840022988,Tostitos Cantina Thin & Crispy Party Size Tortilla Chips - 15 Oz,6.49,,3132,2025-08-25T23:50:36Z,chips-and-dip,True
0065143398900,Pine Nuts - 5 Oz,10.99,,3132,2025-08-25T23:50:36Z,chips-and-dip,True
0002840076554,Doritos White Cheddar Nacho - 7.5 Oz,4.99,,3132,2025-08-25T23:50:36Z,chips-and-dip,True
0002113029427,Signature SELECT Mountain Mix Trail Mix - 6 Oz,3.99,,3132,2025-08-25T23:50:36Z,chips-and-dip,True
0002840037219,Lays Potato Chips Kettle Cooked Original - 8 Oz,4.79,,3132,2025-08-25T23:50:36Z,chips-and-dip,True
0001410008561,Goldfish Baby Cheddar Baked Snack Crackers - 7.2 Oz,3.5,,3132,2025-08-25T23:50:36Z,chips-and-dip,True
0002840077064,Doritos Dinamita Tortilla Chips Chile Limon - 3.25 OZ,2.69,,3132,2025-08-25T23:50:36Z,chips-and-dip,True
0004400005174,Triscuit Thin Crisps Parmesan Garlic Whole Grain Wheat Crackers - 7.1 Oz,5.49,,3132,2025-08-25T23:50:36Z,chips-and-dip,True
0085556911060,Perfect Bar Gluten-Free Dark Chocolate Chip Peanut Butter Refrigerated Protein Bar - 2.3 Oz,2.99,,3132,2025-08-25T23:50:36Z,chips-and-dip,True
0007797509208,Snyder's of Hanover Peanut Butter Filled Pretzel Pieces - 10 Oz,3.99,,3132,2025-08-25T23:50:36Z,chips-and-dip,True
0002840031050,Lays Potato Chips Cheddar & Sour Cream Party Size - 12.5 Oz,5.99,,3132,2025-08-25T23:50:36Z,chips-and-dip,True
0002840069568,Smartfood Popcorn Doritos Nacho Cheese Flavored 6 1/4 Oz - 6.25 OZ,5.19,,3132,2025-08-25T23:50:36Z,chips-and-dip,True
0002840076907,Ruffles Cheddar & Sour Cream 2.25oz - 2.25 OZ,2.69,,3132,2025-08-25T23:50:36Z,chips-and-dip,True
0002410044077,Cheez-It Baked Snack Cheese Crackers Reduced Fat Original Made with 100% Real Cheese - 11.5 Oz,5.99,,3132,2025-08-25T23:50:36Z,chips-and-dip,True
0004950800150,Snack Factory Everything Pretzel Crisps - 14 Oz,7.99,,3132,2025-08-25T23:50:36Z,chips-and-dip,True
0002410011660,Cheez-It Cheese Crackers Extra Cheesy Baked Snack Crackers - 12.4 Oz,5.99,,3132,2025-08-25T23:50:36Z,chips-and-dip,True
0002410078887,Cheez-It Cheese Crackers Cheddar Jack Baked Snack Crackers - 12.4 Oz,5.99,,3132,2025-08-25T23:50:36Z,chips-and-dip,True
0065143370305,O Organics Brazil Nuts - 8 Oz,9.99,,3132,2025-08-25T23:50:36Z,chips-and-dip,True
0004400008078,Triscuit Cinnamon Brown Sugar Crackers - 8.5 Oz,5.49,,3132,2025-08-25T23:50:36Z,chips-and-dip,True
0004157015202,Blue Diamond Deluxe Mixed Nut Honey Roasted 14oz - 14 OZ,9.99,,3132,2025-08-25T23:50:36Z,chips-and-dip,True
0002840031401,Smartfood Popcorn White Cheddar - 6.75 Oz,5.19,,3132,2025-08-25T23:50:36Z,chips-and-dip,True
0002068500164,Cape Cod Original Kettle Cooked Potato Chips - 8 Oz,3.99,,3132,2025-08-25T23:50:36Z,chips-and-dip,True
0002113012050,Signature SELECT O Rings Barrel Pretzels - 28 Oz,6.99,,3132,2025-08-25T23:50:36Z,chips-and-dip,True
0002840051691,Ruffles Potato Chips Cheddar & Sour Cream - 8 OZ,5.79,,3132,2025-08-25T23:50:36Z,chips-and-dip,True
0002840072468,Tostitos Dip Spicy Queso Hot - 15 Oz,5.79,,3132,2025-08-25T23:50:36Z,chips-and-dip,True
0002410011914,Cheez-It Cheese Crackers Variety Pack Baked Snack Crackers 20 Count - 19.1 Oz,11.99,,3132,2025-08-25T23:50:36Z,chips-and-dip,True
0007114600014,Calbee Shrimp Chips - 4 Oz,4.99,,3132,2025-08-25T23:50:36Z,chips-and-dip,True
0075752804808,Takis Fuego Fiesta - 17 OZ,6.49,,3132,2025-08-25T23:50:36Z,chips-and-dip,True
0002113012894,Signature Select/Farms Macadamia Nuts - 12 Oz,12.99,,3132,2025-08-25T23:50:36Z,chips-and-dip,True
0002840073067,Doritos Late Night Loaded Taco - 9 Oz,6.29,,3132,2025-08-25T23:50:36Z,chips-and-dip,True
0065143360110,Almonds Dry Roasted - 10 OZ,7.99,,3132,2025-08-25T23:50:36Z,chips-and-dip,True
0002410012404,Cheez-It DUOZ Pesto and Mozzarella Baked Snack Crackers - 12.4 Oz,5.99,,3132,2025-08-25T23:50:36Z,chips-and-dip,True
0002113031708,Signature Select Peanuts Dry Roasted - 34.5 Oz,5.29,,3132,2025-08-25T23:50:36Z,chips-and-dip,True
0081692502225,Skinnypop Original Popcorn - 8 Oz,6.99,,3132,2025-08-25T23:50:36Z,chips-and-dip,True
0007641090610,Lance ToastChee Peanut Butter Sandwich Crackers Multipack - 10-1.52 Oz,4.99,,3132,2025-08-25T23:50:36Z,chips-and-dip,True
0004400005133,Triscuit Dill Sea Salt & Olive Oil Whole Grain Wheat Crackers - 8.5 Oz,5.49,,3132,2025-08-25T23:50:36Z,chips-and-dip,True
0004400005134,Triscuit Fire Roasted Tomato & Olive Oil Whole Grain Wheat Crackers - 8.5 Oz,5.49,,3132,2025-08-25T23:50:36Z,chips-and-dip,True
0003010011176,Club Snack Stacks Crackers Original Lunch Snacks 6 Count - 12.5 Oz,5.29,,3132,2025-08-25T23:50:36Z,chips-and-dip,True
0087989000260,Crunchmaster Cracker Avocado Toast S&p - 3.54 OZ,2.5,,3132,2025-08-25T23:50:36Z,chips-and-dip,True
0002113034686,Overjoyed Indulgent Peanut Butter Chocolate Overload Trail Mix - 8 Oz,3.99,,3132,2025-08-25T23:50:36Z,chips-and-dip,True
0002410051445,Cheez-It Snack Mix Classic Lunch Snacks - 10.5 Oz,5.99,,3132,2025-08-25T23:50:36Z,chips-and-dip,True
0004157005234,Blue Diamond Almonds Bold Wasabi & Soy Sauce - 6 Oz,5.49,,3132,2025-08-25T23:50:36Z,chips-and-dip,True
0081509902163,LATE JULY Snacks Multigrain Thin and Crispy Organic Tortilla Chips with Sea Salt - 10.1 Oz,4.99,,3132,2025-08-25T23:50:36Z,chips-and-dip,True
0008411490319,Kettle Brand Air Fried Sea Salt and Vinegar Kettle Potato Chips - 11.25 Oz,5.99,,3132,2025-08-25T23:50:36Z,chips-and-dip,True
0002113018810,Signature SELECT Whole Lightly Salted Almonds - 16 Oz,7.99,,3132,2025-08-25T23:50:36Z,chips-and-dip,True
0002113030693,Signature SELECT Crackers Rice Gluten Free Sesame - 4.25 Oz,2.99,,3132,2025-08-25T23:50:36Z,chips-and-dip,True
0007989315827,O Organics Whole Almonds - 13 Oz,9.99,,3132,2025-08-25T23:50:36Z,chips-and-dip,True
0085025100400,SkinnyPop Original Popcorn Grocery Size Bag - 4.4 Oz,4.79,,3132,2025-08-25T23:50:36Z,chips-and-dip,True
0081692502278,Skinnypop Avocado Lime 4.4oz - 4.4 OZ,4.79,,3132,2025-08-25T23:50:36Z,chips-and-dip,True
0082951530717,Sensible Portions Garden Veggie Straws Zesty Ranch - 7 Oz,3.5,,3132,2025-08-25T23:50:36Z,chips-and-dip,True
0065143366266,Jordan Almonds - 15 OZ,8.99,,3132,2025-08-25T23:50:36Z,chips-and-dip,True
0003000057898,Quaker Rice Crisps Jalapeno Cheddar 3.03oz - 3.03 OZ,3.49,,3132,2025-08-25T23:50:36Z,chips-and-dip,True
0060654193382,Milton's Craft Bakers Crispy Sea Salt Gourmet Crackers - 6.8 Oz,3.5,,3132,2025-08-25T23:50:36Z,chips-and-dip,True
0081009178059,Siete Tortilla Chips Maiz Sea Salt Chips - 7.5 Oz.,4.99,,3132,2025-08-25T23:50:36Z,chips-and-dip,True
0004400008104,RITZ Zesty Herb Crackers - 11.8 Oz,4.99,,3132,2025-08-25T23:50:36Z,chips-and-dip,True
0002840067905,Lay's Classic Potato Chips - 10ct,6.49,,3132,2025-08-25T23:50:36Z,chips-and-dip,True
0002113030266,Signature Select Pistachios Dry Roasted Sea Salt No Shell - 6 Oz,5.99,,3132,2025-08-25T23:50:36Z,chips-and-dip,True
0073249400050,G.H. Cretors Popped Corn Just the Caramel Corn - 8 Oz,5.49,,3132,2025-08-25T23:50:36Z,chips-and-dip,True
0002840020128,Lays Potato Chips Dill Pickle - 7.75 Oz,4.99,,3132,2025-08-25T23:50:36Z,chips-and-dip,True
0002840076380,Smartfood Cheetos Flamin Hot - 6.5 Oz,5.19,,3132,2025-08-25T23:50:36Z,chips-and-dip,True
0089386900328,Sahale Snacks Cashews Pomegranate Vanilla Flavored Natural Glazed Mix - 1.5 Oz,2.29,,3132,2025-08-25T23:50:36Z,chips-and-dip,True
0002113036228,Signature Select Fruit & Nut Energy Trail Mix 10 Oz - 10 OZ,3.99,,3132,2025-08-25T23:50:36Z,chips-and-dip,True
0082429513641,Orchard Valley Harvest Trail Mix Cranberry Almond Cashew - 8-1 Oz,4.0,,3132,2025-08-25T23:50:36Z,chips-and-dip,True
0001410005415,Goldfish Salt & Vinegar Flavored Crisps - 6.25 Oz,4.49,,3132,2025-08-25T23:50:36Z,chips-and-dip,True
0001411373406,Wonderful Pistachios Roasted & Salted No Shells - 6 Oz,7.99,,3132,2025-08-25T23:50:36Z,chips-and-dip,True
0003800013863,Pringles Potato Crisps Chips Pizza Lunch Snacks - 5.5 Oz,2.5,,3132,2025-08-25T23:50:36Z,chips-and-dip,True
0081060702166,PopCorners Popped Corn Chips Crispy & Crunchy Spicy Queso Bag - 7 Oz,4.79,,3132,2025-08-25T23:50:36Z,chips-and-dip,True
0065143369156,O Organics Pumpkin Seeds Prepackaged - 11 Oz,6.99,,3132,2025-08-25T23:50:36Z,chips-and-dip,True
0002840008936,TOSTITOS Salsa Restaurant Style Medium - 15.5 Oz,4.79,,3132,2025-08-25T23:50:36Z,chips-and-dip,True
0002840051770,Ruffles Potato Chips Queso 8 Ounce - 8 OZ,5.79,,3132,2025-08-25T23:50:36Z,chips-and-dip,True
0008186416053,San Francisco Giants In Shelled Peanuts - 12 Oz,2.5,,3132,2025-08-25T23:50:36Z,chips-and-dip,True
0002840050895,Frito Lay Fritos Flavor Twists Queso Corn Snacks - 9.25 Oz,5.89,,3132,2025-08-25T23:50:36Z,chips-and-dip,True
0002840076350,Lays Poppables Veggie Sea Salt 5oz - 5 OZ,4.99,,3132,2025-08-25T23:50:36Z,chips-and-dip,True
0003800030496,Pringles Potato Crisps Chips Lunch Snacks Dill Pickle - 5.5 Oz,2.5,,3132,2025-08-25T23:50:36Z,chips-and-dip,True
0004400006923,Wheat Thins Original Whole Grain Wheat Crackers - 8.5 Oz,5.49,,3132,2025-08-25T23:50:36Z,chips-and-dip,True
0073249400052,G.H. Cretors Cheese & Caramel Mix Popcorn - 7.5 Oz,5.49,,3132,2025-08-25T23:50:36Z,chips-and-dip,True
0065143370308,O Organics Pecans - 7 Oz,11.99,,3132,2025-08-25T23:50:36Z,chips-and-dip,True
0002840076887,Tostitos Simply Sea Salt - 8.25 Oz,4.99,,3132,2025-08-25T23:50:36Z,chips-and-dip,True
0007989311561,O Organics Crackers Organic Flatbread Rosemary with Sea Salt - 5 Oz,3.99,,3132,2025-08-25T23:50:36Z,chips-and-dip,True
0004400005832,RITZ Original Crackers Party Size - 27.4 Oz,6.99,,3132,2025-08-25T23:50:36Z,chips-and-dip,True
0002840075081,Doritos Dinamita Xxtra Flamin Hot - 10.75 Oz,6.29,,3132,2025-08-25T23:50:36Z,chips-and-dip,True
0002840031283,Lays Potato Chips Dill Pickle Party - 12.5 OZ,5.99,,3132,2025-08-25T23:50:36Z,chips-and-dip,True
0002840076825,Sunchips Harvest Cheddar 2.5oz - 2.5 OZ,2.69,,3132,2025-08-25T23:50:36Z,chips-and-dip,True
0002900001608,Planters Cashews Halves & Pieces Lightly Salted - 8 Oz,7.99,,3132,2025-08-25T23:50:36Z,chips-and-dip,True
0085003421963,SkinnyDipped Salty & Sweet Maple Crunch Almonds Pouch - 4 Oz,3.99,,3132,2025-08-25T23:50:36Z,chips-and-dip,True
0003800030236,Pringles Mingles Puffed Snacks Dill Pickle and Ranch Salty Snacks - 5.5 Oz,3.99,,3132,2025-08-25T23:50:36Z,chips-and-dip,True
0002840000985,Doritos Tortilla Chips Dinamita Chile Limon - 9.25 Oz,3.99,,3132,2025-08-25T23:50:36Z,chips-and-dip,True
0002113036231,Signature Select Slightly Dipped French Vanilla Dark Chocolate Almonds 6 Oz - 6 OZ,3.99,,3132,2025-08-25T23:50:36Z,chips-and-dip,True
0002840077059,Doritos Tortilla Chips Nacho Cheese Flavored 2 5/8 Oz - 2.625OZ,2.69,,3132,2025-08-25T23:50:36Z,chips-and-dip,True
0002113036229,Overjoyed Cinnamon Churro Trail Mix 8 Oz - 6 OZ,3.99,,3132,2025-08-25T23:50:36Z,chips-and-dip,True
0081509902172,LATE JULY Snacks Multigrain Organic Tortilla Chips with Sea Salt - 7.5 Oz,4.99,,3132,2025-08-25T23:50:36Z,chips-and-dip,True
0084357100589,Popcorn Indiana Popcorn Movie Theater - 4.75 Oz,5.49,,3132,2025-08-25T23:50:36Z,chips-and-dip,True
0085571200879,Dot's Honey Mustard Homestyle Pretzels Twists - 16 Oz,7.99,,3132,2025-08-25T23:50:36Z,chips-and-dip,True
0002840076929,Chesters Fries Corn Snacks Flamin Hot 3.125 Oz - 3.125 OZ,2.69,,3132,2025-08-25T23:50:36Z,chips-and-dip,True
0004400006790,RITZ Bits Cheese And Ritz Bits Peanut Butter - 20 Oz,11.99,,3132,2025-08-25T23:50:36Z,chips-and-dip,True
0003800028153,Pringles Mingles Puffed Snacks Cheddar and Sour Cream Cheese Puffs - 5.5 Oz,3.99,,3132,2025-08-25T23:50:36Z,chips-and-dip,True
0085651600226,Mamma Chia Organic Vitality Snack Chia Squeeze Strawberry Banana Pack - 4-3.5 Oz,5.49,,3132,2025-08-25T23:50:36Z,chips-and-dip,True
0002840074003,Rold Gold Selects Preztel Twists Oven Baked Dill Pickle - 16 Oz,6.49,,3132,2025-08-25T23:50:36Z,chips-and-dip,True
0004400003048,Flavor Originals Sociables Baked Savory Crackers - 7.5 Oz,5.49,,3132,2025-08-25T23:50:36Z,chips-and-dip,True
0065143370917,Sesame Sticks Honey Roasted - 8 OZ,4.99,,3132,2025-08-25T23:50:36Z,chips-and-dip,True
0002410012435,Cheez It Wendy's Baconator Snack Crackers - 12.4 Oz,5.99,,3132,2025-08-25T23:50:36Z,chips-and-dip,True
0007989340302,O Organics Popcorn White Cheddar - 4 Oz,3.49,,3132,2025-08-25T23:50:36Z,chips-and-dip,True
0002900029675,Planters Rosemary And Sea Salt - 5 Oz,4.99,,3132,2025-08-25T23:50:36Z,chips-and-dip,True
0002113036241,Signature Select Hot Honey Whole Cashews 5oz - 5 OZ,4.99,,3132,2025-08-25T23:50:36Z,chips-and-dip,True
0002410012497,Cheez-It Hot and Spicy Baked Snack Crackers Family Size - 21 Oz,6.49,,3132,2025-08-25T23:50:36Z,chips-and-dip,True
0082951532645,Sensible Portions Tortilla Chips Zesty Ranch - 10 Oz.,6.99,,3132,2025-08-25T23:50:36Z,chips-and-dip,True
0085001746813,Catalina Crunch Traditional Protein Snack Mix - 5.25 Oz,5.99,,3132,2025-08-25T23:50:36Z,chips-and-dip,True
0002840069184,TOSTITOS NACHO CHEESE MEDIUM DIP - 15.75 OZ.,5.79,,3132,2025-08-25T23:50:36Z,chips-and-dip,True
0002410000017,Cheez-It Puffd Cheesy Baked Snacks Double Cheese Puffed Snack Crackers - 5.75 Oz,5.99,,3132,2025-08-25T23:50:36Z,chips-and-dip,True
0002840070572,CHESTERS Puffcorn Cheese - 4.25 Oz,2.99,,3132,2025-08-25T23:50:36Z,chips-and-dip,True
0003024384780,Good Sense Roasted & Salted Pepitas - 6 Oz,2.5,,3132,2025-08-25T23:50:36Z,chips-and-dip,True
0065143326218,Dark Chocolate Almonds Prepackaged - 22 Oz.,14.99,,3132,2025-08-25T23:50:36Z,chips-and-dip,True
0070816311853,Boulder Canyon Olive Oil Sea Salt Kettle Potato Chips- 6.5 Oz,3.99,,3132,2025-08-25T23:50:36Z,chips-and-dip,True
0065143399402,Candied Pecans Prepackaged - 7 Oz.,12.99,,3132,2025-08-25T23:50:36Z,chips-and-dip,True
0065143323166,Sunflower Seeds Roasted & Salted - 9 Oz,3.99,,3132,2025-08-25T23:50:36Z,chips-and-dip,True
0008411412357,Kettle Brand Jalapeno Kettle Potato Chips - 13 Oz,5.99,,3132,2025-08-25T23:50:36Z,chips-and-dip,True
0075752804527,Takis Intense Nacho 9.9oz - 9.9 OZ,5.49,,3132,2025-08-25T23:50:36Z,chips-and-dip,True
0002840037185,Lays Potato Chips Kettle Cooked Jalapeno - 8 Oz,4.79,,3132,2025-08-25T23:50:36Z,chips-and-dip,True
0004400005135,Triscuit Smoked Gouda Whole Grain Wheat Crackers - 8.5 Oz,5.49,,3132,2025-08-25T23:50:36Z,chips-and-dip,True
0004400007167,Triscuit Rosemary & Olive Oil Whole Grain Wheat Crackers Family Size - 12.5 Oz,5.99,,3132,2025-08-25T23:50:36Z,chips-and-dip,True
0007989316251,O Organics Blue Corn with flax Tortilla Chips - 8.25 Oz,3.49,,3132,2025-08-25T23:50:36Z,chips-and-dip,True
0002410078925,Cheez-It Cheese Crackers Pepper Jack Baked Snack Crackers - 12.4 Oz,5.99,,3132,2025-08-25T23:50:36Z,chips-and-dip,True
0002113030615,Signature SELECT Crackers Saltine Unsalted Tops - 16 Oz,2.99,,3132,2025-08-25T23:50:36Z,chips-and-dip,True
0004950825289,Snack Factory Bites Honey Mustard Pretzel Snacks - 9 Oz,6.29,,3132,2025-08-25T23:50:36Z,chips-and-dip,True
0048211019401,Chocolate Double-dipped Peanuts - 10 OZ,10.0,,3132,2025-08-25T23:50:36Z,chips-and-dip,True
0002113029435,Signature SELECT Almond Roasted & Salted - 6 Oz,3.99,,3132,2025-08-25T23:50:36Z,chips-and-dip,True
0007703401236,Kars Sweet N Salty Mix 2.5oz - 2.5 OZ,1.79,,3132,2025-08-25T23:50:36Z,chips-and-dip,True
0007989340303,O Organics Popcorn Sea Salt - 5 Oz,3.49,,3132,2025-08-25T23:50:36Z,chips-and-dip,True
0060654184359,Miltons Crackers Red Chili Salsa 4.25oz - 4.25 OZ,3.99,,3132,2025-08-25T23:50:36Z,chips-and-dip,True
0002113013380,Signature SELECT Crackers Pita Parmesan Garlic Herb - 6 Oz,3.99,,3132,2025-08-25T23:50:36Z,chips-and-dip,True
0002840073233,Cheetos Buffalo - 8.5 Oz,5.79,,3132,2025-08-25T23:50:36Z,chips-and-dip,True
0002840076970,Lays Barbeque 2.5oz - 2.5 OZ,2.69,,3132,2025-08-25T23:50:36Z,chips-and-dip,True
0084357100234,Popcorn Indiana Kettle Corn Drizzled Black & White - 6 Oz,5.49,,3132,2025-08-25T23:50:36Z,chips-and-dip,True
0065143399134,No Salt Roasted Cashews Prepackaged - 10 Oz.,8.99,,3132,2025-08-25T23:50:36Z,chips-and-dip,True
0002113034690,Overjoyed Indulgent Caramel Mocha Trail Mix - 8 Oz,3.99,,3132,2025-08-25T23:50:36Z,chips-and-dip,True
0004400005168,Triscuit Minis Original Whole Grain Wheat Vegan Crackers - 8 Oz,5.49,,3132,2025-08-25T23:50:36Z,chips-and-dip,True
0002840020060,Lays Potato Chips Salt & Vinegar - 7.75 Oz,4.99,,3132,2025-08-25T23:50:36Z,chips-and-dip,True
0003024386876,Good Sense Roasted & Salted Sunflower Nuts - 8 Oz,2.79,,3132,2025-08-25T23:50:36Z,chips-and-dip,True
0007641090629,Lance Sandwich Crackers Variety Multipack - 10-13.9 Oz,4.99,,3132,2025-08-25T23:50:36Z,chips-and-dip,True
0002410078909,Cheez-It Cheese Crackers Hot and Spicy Baked Snack Crackers - 12.4 Oz,5.99,,3132,2025-08-25T23:50:36Z,chips-and-dip,True
0004400008066,Cracker - 7.1 OZ,5.49,,3132,2025-08-25T23:50:36Z,chips-and-dip,True
0060654184304,Miltons Crackers Sea Salt Protein 4.25oz - 4.25 OZ,3.99,,3132,2025-08-25T23:50:36Z,chips-and-dip,True
0085156200841,SkinnyDipped Dark Chocolate Salted Caramel Cashews Pouch - 3.5 Oz,3.99,,3132,2025-08-25T23:50:36Z,chips-and-dip,True
0001411391084,Wonderful Pistachios No Shells Honey Roasted Pistachios - 5.5 Oz.,7.99,,3132,2025-08-25T23:50:36Z,chips-and-dip,True
0004400004575,RITZ Fresh Stacks Original Crackers Family Size - 17.8 Oz,5.99,,3132,2025-08-25T23:50:36Z,chips-and-dip,True
0001566500017,Pirate's Booty Aged White Cheddar Blast Cheese Puffs Grocery Size Bag - 4 Oz,3.79,,3132,2025-08-25T23:50:36Z,chips-and-dip,True
0065143399828,Red Chocolate Cherries - 12 Oz,9.99,,3132,2025-08-25T23:50:36Z,chips-and-dip,True
0085001746815,Catalina Crunch Spicy Kick Protein Snack Mix - 5.25 Oz,5.99,,3132,2025-08-25T23:50:36Z,chips-and-dip,True
0002840056464,Stacy's Parmesan Garlic & Herb Baked Pita Chips - 7.33 Oz,5.49,,3132,2025-08-25T23:50:36Z,chips-and-dip,True
0002840076820,Funyuns Onion Flavored Rings Regular 2 Oz - 2 OZ,2.69,,3132,2025-08-25T23:50:36Z,chips-and-dip,True
0004157007256,Blue Diamond Almonds Honey Roasted - 6 Oz,5.49,,3132,2025-08-25T23:50:36Z,chips-and-dip,True
0004400005495,Premium Whole Grain Saltine Crackers - 1.06 Lb,4.79,,3132,2025-08-25T23:50:36Z,chips-and-dip,True
0004400008067,Cracker - 8.5 Oz,5.49,,3132,2025-08-25T23:50:36Z,chips-and-dip,True
0002410093996,Cheez-It Cheese Crackers Original Baked Snack Crackers 12 Count - 12 Oz,5.99,,3132,2025-08-25T23:50:36Z,chips-and-dip,True
0073249400377,Gh Cretors Popcorn Tajin Kettle 7oz - 7 OZ,5.49,,3132,2025-08-25T23:50:36Z,chips-and-dip,True
0002113030264,Signature SELECT White Corn Tortilla Chips - 11 Oz,2.49,,3132,2025-08-25T23:50:36Z,chips-and-dip,True
0003010048718,Keebler Sandwich Crackers Cheese and Cheddar Single Serve Snack Crackers 8 Count - 11 Oz,3.5,,3132,2025-08-25T23:50:36Z,chips-and-dip,True
0002840060733,Stacys Pita Thins Baked Sea Salt - 15.6 Oz,8.99,,3132,2025-08-25T23:50:36Z,chips-and-dip,True
0001410005075,Goldfish Flavor Blasted Cheddar Jack'd Crackers - 6.6 Oz,3.5,,3132,2025-08-25T23:50:36Z,chips-and-dip,True
0002113013375,Signature SELECT Crackers Pita Sea Salt - 6 Oz,3.99,,3132,2025-08-25T23:50:36Z,chips-and-dip,True
0001410005537,Goldfish Spicy Dill Pickle Flavored Baked Snacks - 6.25 Oz,4.49,,3132,2025-08-25T23:50:36Z,chips-and-dip,True
0065143399930,Candied Pecan Pieces - 7 Oz,11.99,,3132,2025-08-25T23:50:36Z,chips-and-dip,True
0004157001590,Blue Diamond Almonds Smokehouse - 6 Oz,5.49,,3132,2025-08-25T23:50:36Z,chips-and-dip,True
0001410005550,Goldfish Cinnamon Roll Baked Grahams - 6.6 Oz,3.5,,3132,2025-08-25T23:50:36Z,chips-and-dip,True
0065143360113,Almonds Sliced - 8 Oz,7.99,,3132,2025-08-25T23:50:36Z,chips-and-dip,True
0002840076922,Cheetos Crunchy Cheese Flavored Snacks Flamin' Hot Flavored - 2.875OZ,2.69,,3132,2025-08-25T23:50:36Z,chips-and-dip,True
0004400005824,RITZ Original Crackers Family Size - 20.5 Oz,5.99,,3132,2025-08-25T23:50:36Z,chips-and-dip,True
0002900002791,Planters Snack Nuts Sweet And Spicy - 16 OZ,5.49,,3132,2025-08-25T23:50:36Z,chips-and-dip,True
0002840051817,Tostitos Bite Size Tortilla Chips Hint Of Guacamole - 11 OZ,5.79,,3132,2025-08-25T23:50:36Z,chips-and-dip,True
0001159420209,Tims Potato Chips Jalapeno - 2 Oz,1.49,,3132,2025-08-25T23:50:36Z,chips-and-dip,True
0002840052838,Lays Kettle Cooked Potato Chips Jalapeno - 12.5 OZ,5.99,,3132,2025-08-25T23:50:36Z,chips-and-dip,True
0007989329461,O Organics Almonds Roasted Unsalted - 8 Oz,8.99,,3132,2025-08-25T23:50:36Z,chips-and-dip,True
0002840076926,Cheetos Puffs Cheese Flavored Snacks 2 1/2 Oz - 2.5 OZ,2.69,,3132,2025-08-25T23:50:36Z,chips-and-dip,True
0002840070008,Cheetos Minis - 3.625 Oz,3.79,,3132,2025-08-25T23:50:36Z,chips-and-dip,True
0085559600746,Love Corn Vegan Cheesy Crunchy Corn - 4 Oz,3.99,,3132,2025-08-25T23:50:36Z,chips-and-dip,True
0007989311574,O Organics Popcorn Sea Salt & Olive Oil - 5 Oz,3.49,,3132,2025-08-25T23:50:36Z,chips-and-dip,True
0001600020543,Chex Mix Remix Cheesy Pizza Mix - 11 Oz.,5.99,,3132,2025-08-25T23:50:36Z,chips-and-dip,True
0002840073479,Tostitos Hint Of Chile Lime - 11 Oz,5.79,,3132,2025-08-25T23:50:36Z,chips-and-dip,True
0004400000386,Premium Original Saltine Crackers - 8 Oz,4.29,,3132,2025-08-25T23:50:36Z,chips-and-dip,True
0002410011509,Cheez-It Cheese Crackers Extra Toasty Baked Snack Crackers - 21 Oz,6.49,,3132,2025-08-25T23:50:36Z,chips-and-dip,True
0065143326099,Asian Zen Mix - 14 OZ,5.99,,3132,2025-08-25T23:50:36Z,chips-and-dip,True
0085006447604,Marys Gone Crackers Everything 4oz - 4 OZ,5.49,,3132,2025-08-25T23:50:36Z,chips-and-dip,True
0065143366300,Dark Chocolate Almonds - 11 Oz,10.99,,3132,2025-08-25T23:50:36Z,chips-and-dip,True
0001410004845,Goldfish Cheddar Cheese Crackers 20 Count - 1 Oz,11.99,,3132,2025-08-25T23:50:36Z,chips-and-dip,True
0002900029673,Planters Cashew Dill Pickle 5oz - 5 OZ,4.99,,3132,2025-08-25T23:50:36Z,chips-and-dip,True
0085025100417,SkinnyPop Dairy Free White Cheddar Popcorn Grocery Size Bag - 4.4 Oz,4.79,,3132,2025-08-25T23:50:36Z,chips-and-dip,True
0002410010445,Cheez-It Grooves Cheese Crackers Bold Cheddar Crunchy Snack Crackers - 9 Oz,5.99,,3132,2025-08-25T23:50:36Z,chips-and-dip,True
0085003421965,SkinnyDipped Salty & Sweet Cinnamon Crunch Cashews Pouch - 4 Oz,3.99,,3132,2025-08-25T23:50:36Z,chips-and-dip,True
0008411490358,Kettle Brand Air Fried Texas BBQ Kettle Chips - 6.5 Oz,3.99,,3132,2025-08-25T23:50:36Z,chips-and-dip,True
0004400007525,Triscuit Thin Crisps Sour Cream & Onion Whole Grain Wheat Crackers - 7.1 Oz,5.49,,3132,2025-08-25T23:50:36Z,chips-and-dip,True
0001566560104,Pirate's Booty Aged White Cheddar Cheese Puff Snack Pack Individual Snack Size Bags -1 Oz,1.59,,3132,2025-08-25T23:50:36Z,chips-and-dip,True
0004950800620,Snack Factory Everything Pretzel Crisps - 7.2 Oz,5.99,,3132,2025-08-25T23:50:36Z,chips-and-dip,True
0065143326226,Walnut Halves Prepackaged - 15 Oz.,9.99,,3132,2025-08-25T23:50:36Z,chips-and-dip,True
0002840052848,Tostios Cantina Tortilla Chips Traditional - 13 OZ,5.79,,3132,2025-08-25T23:50:36Z,chips-and-dip,True
0002113031187,Signature SELECT Butter Garlic Single Serve Pretzel Twirl - 5 Oz,3.49,,3132,2025-08-25T23:50:36Z,chips-and-dip,True
0065143369171,O Organics Sunflower Seeds - 10 Oz,4.99,,3132,2025-08-25T23:50:36Z,chips-and-dip,True
0085556921020,Perfect Bar Gluten-Free Dark Chocolate Almond Refrigerated Protein Bar - 2.2 Oz,2.99,,3132,2025-08-25T23:50:36Z,chips-and-dip,True
0065143366811,Cinnamon Bears - 12 Oz,5.99,,3132,2025-08-25T23:50:36Z,chips-and-dip,True
0008411490306,Kettle Brand Krinkle Cut Dill Pickle Kettle Potato Chips - 13 Oz,5.99,,3132,2025-08-25T23:50:36Z,chips-and-dip,True
0003800029835,Pringles Potato Crisps Chips Honey Mustard Lunch Snacks - 5.5 Oz,2.5,,3132,2025-08-25T23:50:36Z,chips-and-dip,True
0007989316250,O Organics Blue Corn Tortilla Chips - 8.25 Oz,3.49,,3132,2025-08-25T23:50:36Z,chips-and-dip,True
0084039230004,Pretzelized Snacks Pretzel Crackers Honey Mustard - 6.5 Oz,4.99,,3132,2025-08-25T23:50:36Z,chips-and-dip,True
0007114600663,Calbee Takoyaki Ball - 3.17 OZ,2.29,,3132,2025-08-25T23:50:36Z,chips-and-dip,True
0002840033120,CHEETOS Simply White Cheddar Puffs - 2.5 Oz,2.69,,3132,2025-08-25T23:50:36Z,chips-and-dip,True
0002113040022,Signature SELECT Crackers Rice Wasabi  - 3.5 Oz,2.99,,3132,2025-08-25T23:50:36Z,chips-and-dip,True
0084039230002,Pretzelized Snacks Pretzel Crackers Cheddar - 6.5 Oz,4.99,,3132,2025-08-25T23:50:36Z,chips-and-dip,True
0002113012889,Signature Farms Dark Chocolate Almonds Multipack - 8-1 Oz,5.99,,3132,2025-08-25T23:50:36Z,chips-and-dip,True
0085651600225,Mamma Chia Organic Vitality Snack Chia Squeeze Green Magic Pack - 4-3.5 Oz,5.49,,3132,2025-08-25T23:50:36Z,chips-and-dip,True
0002113036235,Signature Select Garlic Parmesan Whole Almonds 6 Oz - 6 OZ,4.99,,3132,2025-08-25T23:50:36Z,chips-and-dip,True
0004400005171,Triscuit Cracked Pepper & Olive Oil Whole Grain Wheat Crackers Family Size - 12.5 Oz,5.99,,3132,2025-08-25T23:50:36Z,chips-and-dip,True
0084009350096,Parm Crisps Snack Mix Original - 1.5 OZ,2.29,,3132,2025-08-25T23:50:36Z,chips-and-dip,True
0004400008145,Premium Crackers Unsalted 14.2oz - 14.2 OZ,4.79,,3132,2025-08-25T23:50:36Z,chips-and-dip,True
0002840036672,Fritos Flavored Corn Chips Bar.b.q - 9.25 OZ,5.89,,3132,2025-08-25T23:50:36Z,chips-and-dip,True
0007699100510,Mariani Marcona Almonds - 6 Oz,5.99,,3132,2025-08-25T23:50:36Z,chips-and-dip,True
0005565360028,Dare Crackers Breton Cabaret - 6.1 OZ,3.49,,3132,2025-08-25T23:50:36Z,chips-and-dip,True
0002113031756,Signature SELECT Spicy Wasabi Mix - 22 Oz,10.99,,3132,2025-08-25T23:50:36Z,chips-and-dip,True
0002113012888,Signature Farms Cashews With Sea Salt Multipack - 8-1 Oz,5.99,,3132,2025-08-25T23:50:36Z,chips-and-dip,True
0002410012418,Cheez-It Baked Snack Crackers Smoked Gouda Lunch Snacks - 12.4 Oz,5.99,,3132,2025-08-25T23:50:36Z,chips-and-dip,True
0002840076853,Funyuns Onion Flavored Rings Flamin Hot Flavored 5.25 Oz - 5.25 OZ,5.19,,3132,2025-08-25T23:50:36Z,chips-and-dip,True
0065143366427,Dark Chocolate Non-pareils - 11 OZ,13.99,,3132,2025-08-25T23:50:36Z,chips-and-dip,True
0085003171997,Dots Homestyle Pretzels Bbq Style - 16 OZ,7.99,,3132,2025-08-25T23:50:36Z,chips-and-dip,True
0001410005294,Goldfish Cheddar Jalapeño Baked Snack Crackers - 5.9 Oz,3.5,,3132,2025-08-25T23:50:36Z,chips-and-dip,True
0004157014707,Blue Diamond Bold Elote - 6 Oz,5.49,,3132,2025-08-25T23:50:36Z,chips-and-dip,True
0081012208039,Hippeas Puffs White Cheddar 3.75oz - 3.75 OZ,4.99,,3132,2025-08-25T23:50:36Z,chips-and-dip,True
0002840051722,Ruffles Potato Chips Flamin Hot - 8 OZ,5.79,,3132,2025-08-25T23:50:36Z,chips-and-dip,True
0071644511441,Happy Snacks Crackers Animal Vanilla - 2 Oz,1.25,,3132,2025-08-25T23:50:36Z,chips-and-dip,True
0002840070579,Santitas Tortilla Chips Cilantro Lime - 10.5 OZ,2.99,,3132,2025-08-25T23:50:36Z,chips-and-dip,True
0065143326229,Roasted & Salted Pumpkin Seeds Prepackaged - 24 Oz.,8.99,,3132,2025-08-25T23:50:36Z,chips-and-dip,True
0065143369161,O Organics Walnuts Tub - 6 Oz,8.99,,3132,2025-08-25T23:50:36Z,chips-and-dip,True
0002840073403,Lays Sweet And Spicy Honey - 7.75 Oz,4.99,,3132,2025-08-25T23:50:36Z,chips-and-dip,True
0085606900575,Simple Mills Cracker Seed Everything - 4.25 Oz,5.99,,3132,2025-08-25T23:50:36Z,chips-and-dip,True
0007114600301,Harvest Snaps Crisps Tomato Basil Red Lentil Snack - 3 Oz,2.99,,3132,2025-08-25T23:50:36Z,chips-and-dip,True
0002410010633,Cheez-It Cheese Crackers Extra Toasty Cheddar Jack Baked Snack Crackers - 12.4 Oz,5.99,,3132,2025-08-25T23:50:36Z,chips-and-dip,True
0065143366428,Gummy Peach Rings - 11 OZ,5.99,,3132,2025-08-25T23:50:36Z,chips-and-dip,True
0004400005642,Triscuit Organic Original Whole Grain Wheat Organic Vegan Crackers - 7 Oz,5.49,,3132,2025-08-25T23:50:36Z,chips-and-dip,True
0002840076826,Smartfood White Cheddar 1.875oz - 1.875 OZ,2.69,,3132,2025-08-25T23:50:36Z,chips-and-dip,True
0002113011226,Signature SELECT Crackers Water Cracked Pepper - 4.25 Oz,2.99,,3132,2025-08-25T23:50:36Z,chips-and-dip,True
0065143360112,Almonds Roasted - 11 OZ,7.99,,3132,2025-08-25T23:50:36Z,chips-and-dip,True
0065143398906,Jelly Belly Beans 49 Flavors - 16 Oz,14.99,,3132,2025-08-25T23:50:36Z,chips-and-dip,True
0065143326130,Cajun Trails Mix - 18 OZ,7.99,,3132,2025-08-25T23:50:36Z,chips-and-dip,True
0007114600246,Harvest Snaps Crisps Caesar Green Pea Snack - 3.3 Oz,2.99,,3132,2025-08-25T23:50:36Z,chips-and-dip,True
0002113052081,Signature Select/Farms Peanuts Roasted & Unsalted - 32 Oz,3.99,,3132,2025-08-25T23:50:36Z,chips-and-dip,True
0002900035092,Planters Nut Duos Espresso And Cocoa - 5 Oz,4.99,,3132,2025-08-25T23:50:36Z,chips-and-dip,True
0003024386856,Good Sense Sunflower Nuts Roasted No Salt - 8 Oz,2.79,,3132,2025-08-25T23:50:36Z,chips-and-dip,True
0002840031400,Smartfood Popcorn Kettle Corn - 7.75 Oz,5.19,,3132,2025-08-25T23:50:36Z,chips-and-dip,True
0002840076538,La Cocina De Josefina Sazonados Lightly Seasoned - 11.5 Oz,3.99,,3132,2025-08-25T23:50:36Z,chips-and-dip,True
0002840070568,Munchos Potato Crisps Bag - 4.25 Oz,2.69,,3132,2025-08-25T23:50:36Z,chips-and-dip,True
0004400005643,Triscuit Organic Thin Crisps Original Whole Grain Wheat Vegan Crackers - 6.5 Oz,5.49,,3132,2025-08-25T23:50:36Z,chips-and-dip,True
0065143366422,Gummy Bears - 16 OZ,6.99,,3132,2025-08-25T23:50:36Z,chips-and-dip,True
0002840071316,Smartfood Simply Sea Salt - 5.25 Oz,4.99,,3132,2025-08-25T23:50:36Z,chips-and-dip,True
0004400003119,RITZ Hint of Salt Crackers - 13.7 Oz,4.99,,3132,2025-08-25T23:50:36Z,chips-and-dip,True
0081692502072,Skinnypop White Cheddar Dairy Free Popcorn - 8 Oz,6.99,,3132,2025-08-25T23:50:36Z,chips-and-dip,True
0003000002913,Cracker Jack Popcorn & Peanuts Caramel Coated The Original - 1 Oz,2.5,,3132,2025-08-25T23:50:36Z,chips-and-dip,True
0002840009151,DORITOS Tortilla Chips Cool Ranch - 1 Oz,0.5,,3132,2025-08-25T23:50:36Z,chips-and-dip,True
0065143360500,Butter Toffee Peanuts - 11 OZ,5.99,,3132,2025-08-25T23:50:36Z,chips-and-dip,True
0001411391069,Wonderful Pistachios Salt & Pepper Pistachios - 14 Oz.,9.99,,3132,2025-08-25T23:50:36Z,chips-and-dip,True
0002900035090,Planters Nut Duos Peppercorn And Parmesan 5Oz - 5 Oz,4.99,,3132,2025-08-25T23:50:36Z,chips-and-dip,True
0003800013881,Pringles Potato Crisps Chips Lightly Salted Original Lunch Snacks - 5.2 Oz,2.5,,3132,2025-08-25T23:50:36Z,chips-and-dip,True
0003010012902,Kelloggs Club Crackers Minis - 10 Oz.,5.29,,3132,2025-08-25T23:50:36Z,chips-and-dip,True
0002113012890,Signature Farms Medley Mix Cranberry Orchard Nut Multipack - 8-1 Oz,5.99,,3132,2025-08-25T23:50:36Z,chips-and-dip,True
0002840019998,Lays Potato Chips Cheddar & Sour Cream - 7.75 Oz,4.99,,3132,2025-08-25T23:50:36Z,chips-and-dip,True
0002113033346,Signature Select Crackers Pita Everything - 6 Oz,3.99,,3132,2025-08-25T23:50:36Z,chips-and-dip,True
0004950825302,Snack Factory Pop'ums White Cheddar Pretzel Snacks - 9 Oz,6.29,,3132,2025-08-25T23:50:36Z,chips-and-dip,True
0085001746816,Catalina Crunch Cheddar Protein Snack Mix - 5.25 Oz,5.99,,3132,2025-08-25T23:50:36Z,chips-and-dip,True
0004141942005,Combos Stuffed Cheddar Cheese Baked Pretzel Snacks In Bag - 6.3 Oz,3.29,,3132,2025-08-25T23:50:36Z,chips-and-dip,True
0002840076915,Fritos Corn Chips Chili Cheese Flavored - 3.375OZ,2.69,,3132,2025-08-25T23:50:36Z,chips-and-dip,True
0002410044087,Cheez-It Cheese Crackers White Cheddar Baked Snack Crackers - 21 Oz,6.49,,3132,2025-08-25T23:50:36Z,chips-and-dip,True
0081692502252,Skinny Pop Popcorn Jalapeno Cheddar - 4.4 Oz.,4.79,,3132,2025-08-25T23:50:36Z,chips-and-dip,True
0065143362299,Chocolate Maltballs - 9 OZ,7.99,,3132,2025-08-25T23:50:36Z,chips-and-dip,True
0007114600533,Calbee Shrimp Chips Hot Garlic - 3.3 Oz,4.99,,3132,2025-08-25T23:50:36Z,chips-and-dip,True
0085890600480,Lesser Evil Popcorn Real Cheddar 4.6oz - 4.6 OZ,4.49,,3132,2025-08-25T23:50:36Z,chips-and-dip,True
0004400008343,RITZ Sunkissed With a Nice Tan Crackers - 13.7 Oz,4.99,,3132,2025-08-25T23:50:36Z,chips-and-dip,True
0003800029312,Pringles Potato Crisps Chips Everything Bagel Lunch Snacks - 5.5 Oz,2.5,,3132,2025-08-25T23:50:36Z,chips-and-dip,True
0085651600209,Mamma Chia Squeeze Organic Vitality Snack Blackberry Bliss - 3.5 Oz,1.99,,3132,2025-08-25T23:50:36Z,chips-and-dip,True
0004400007583,RITZ Cheese Sandwich Crackers Snack Packs - 20 Count,9.99,,3132,2025-08-25T23:50:36Z,chips-and-dip,True
0001115285171,Hapi Wasabi Peas Hot - 9.9 Oz,6.49,,3132,2025-08-25T23:50:36Z,chips-and-dip,True
0007299204100,Mauna Loa Sea Salt Macadamia Nuts Bag - 4 Oz,7.99,,3132,2025-08-25T23:50:36Z,chips-and-dip,True
0002113036230,Signature Select Slightly Dipped Dark Chocolate Almonds 6 Oz - 6 OZ,3.99,,3132,2025-08-25T23:50:36Z,chips-and-dip,True
0001410009589,Goldfish Cheddar Cheese Crackers 9 Count - 1 Oz,7.99,,3132,2025-08-25T23:50:36Z,chips-and-dip,True
0002840051796,Tostitos Tortilla Chips Bite Size Rounds - 12 OZ,5.79,,3132,2025-08-25T23:50:36Z,chips-and-dip,True
0002840069851,Ruffles Dill Pickle Potato Chips - 8 Oz,5.79,,3132,2025-08-25T23:50:36Z,chips-and-dip,True
0085606900515,Simple Mills Crackers Almond Flour Farmhouse Cheddar - 4.25 Oz,5.99,,3132,2025-08-25T23:50:36Z,chips-and-dip,True
0065143399130,Walnuts Halves & Pieces Tubs - 7 OZ,6.99,,3132,2025-08-25T23:50:36Z,chips-and-dip,True
0002840076913,Fritos Flavor Twists Corn Snacks Honey Bbq Flavored 3 3/8 Oz - 3.375OZ,2.69,,3132,2025-08-25T23:50:36Z,chips-and-dip,True
0002113030263,Signature SELECT Yellow Corn Tortilla Chips - 11 Oz,2.49,,3132,2025-08-25T23:50:36Z,chips-and-dip,True
0007794800910,Calidad Chile Limon Tortilla Chips - 10 Oz,2.5,,3132,2025-08-25T23:50:36Z,chips-and-dip,True
0002840037216,Lays Potato Chips Kettle Cooked Sea Salt & Vinegar - 8 Oz,4.79,,3132,2025-08-25T23:50:36Z,chips-and-dip,True
0001410005573,Pep Farm Goldfish Awesome Sauce 6.1oz - 6.1 OZ,3.5,,3132,2025-08-25T23:50:36Z,chips-and-dip,True
0085001433520,Like Air Puffcorn Cinnamon Bun - 4 Oz,2.5,,3132,2025-08-25T23:50:36Z,chips-and-dip,True
0002840075142,Tostitos Hint Of Queso 11oz - 11 OZ,5.79,,3132,2025-08-25T23:50:36Z,chips-and-dip,True
0002900007280,Planters Peanuts Honey Roasted - 12 Oz,5.99,,3132,2025-08-25T23:50:36Z,chips-and-dip,True
0003024387721,Good Sense Pepitas Roasted And Salted Organic - 6 Oz,3.99,,3132,2025-08-25T23:50:36Z,chips-and-dip,True
0003361700048,Wasa Crispbread Sesame & Sea Salt Gluten Free Crackers - 6.1 Oz,4.99,,3132,2025-08-25T23:50:36Z,chips-and-dip,True
0003024387640,Good Sense Sunflower Kernels Roasted No Salt Organic - 7.5 Oz,3.49,,3132,2025-08-25T23:50:36Z,chips-and-dip,True
0085556922017,Perfect Bar Fruit Crisp Gluten-Free Mixed Berry Nut Butter Kosher Protein Bar - 1.94 Oz,2.99,,3132,2025-08-25T23:50:36Z,chips-and-dip,True
0001410004917,Goldfish Mix Xtra Cheddar + Pretzel Crackers - 6.6 Oz,3.5,,3132,2025-08-25T23:50:36Z,chips-and-dip,True
0084039230001,Pretzelized Snacks Pretzel Crackers Sea Salt - 6.5 Oz,4.99,,3132,2025-08-25T23:50:36Z,chips-and-dip,True
0002840032207,Sabritas Turbo Flamas Corn Chips - 8.25 OZ,3.99,,3132,2025-08-25T23:50:36Z,chips-and-dip,True
0003800030190,Pringles Potato All Dressed Crisps Chips - 5.5 Oz,2.5,,3132,2025-08-25T23:50:36Z,chips-and-dip,True
0002840077069,Doritos Tortilla Chips Spicy Sweet Chili Flavored 2 5/8 Oz - 2.625 OZ,2.69,,3132,2025-08-25T23:50:36Z,chips-and-dip,True
0085556921005,Perfect Bar Gluten-Free Chocolate Chip Cookie Dough Nut Butter Protein Bar - 2.2 Oz,2.99,,3132,2025-08-25T23:50:36Z,chips-and-dip,True
0002113030267,Signature SELECT Almonds Wasabi & Soy Whole - 16 Oz,7.99,,3132,2025-08-25T23:50:36Z,chips-and-dip,True
0002840068967,Sunchips Whole Grain Snacks Black Bean Spicy Jalapeno - 7 OZ,4.99,,3132,2025-08-25T23:50:36Z,chips-and-dip,True
0002840051799,Tostitos Original Restaurant Tortilla Chips  - 12 Oz,5.79,,3132,2025-08-25T23:50:36Z,chips-and-dip,True
0002840076924,Cheetos Crunchy Cheese Flavored Snacks Flamin Hot Limon - 2.875OZ,2.69,,3132,2025-08-25T23:50:36Z,chips-and-dip,True
0089386900018,Sahale Snacks Sahale Maple Pecan - 1.5 OZ,2.29,,3132,2025-08-25T23:50:36Z,chips-and-dip,True
0001411391003,Wonderful Pistachios Roasted & Salted - 24 Oz.,13.49,,3132,2025-08-25T23:50:36Z,chips-and-dip,True
0002840009085,Lays Potato Chips Classic - 1 Oz,0.5,,3132,2025-08-25T23:50:36Z,chips-and-dip,True
0001356230057,Annies Homegrown Mix Snack Organic Cheddar - 9 Oz,6.99,,3132,2025-08-25T23:50:36Z,chips-and-dip,True
0065143366666,Licorice Allsorts - 10 OZ,5.99,,3132,2025-08-25T23:50:36Z,chips-and-dip,True
0065143360115,Pecans Raw - 7 OZ,8.99,,3132,2025-08-25T23:50:36Z,chips-and-dip,True
0007989311617,O Organics Crackers Organic Stone Ground Wheat - 10 Oz,4.29,,3132,2025-08-25T23:50:36Z,chips-and-dip,True
0002410078895,Cheez-It DUOZ Baked Snack Crackers Sharp Cheddar and Parmesan Lunch Snacks - 12.4 Oz,5.99,,3132,2025-08-25T23:50:36Z,chips-and-dip,True
0065143399807,Raspberry Blue Sour Belts - 10 Oz,6.99,,3132,2025-08-25T23:50:36Z,chips-and-dip,True
0002113029330,Signature SELECT Peanuts Honey Roasted - 16 Oz,3.49,,3132,2025-08-25T23:50:36Z,chips-and-dip,True
0001411391060,Wonderful Pistachios Roasted & Lightly Salted Pistachios - 16 Oz.,9.99,,3132,2025-08-25T23:50:36Z,chips-and-dip,True
0065143399732,Filberts Organic - 10 OZ,11.99,,3132,2025-08-25T23:50:36Z,chips-and-dip,True
0002410012328,Cheez-It Cheese Crackers Extra Cheesy Baked Snack Crackers - 21 Oz,6.49,,3132,2025-08-25T23:50:36Z,chips-and-dip,True
0003800030263,Pringles Potato Crisps Chips Carnitas Taco Lunch Snacks - 5.5 Oz,2.5,,3132,2025-08-25T23:50:36Z,chips-and-dip,True
0065143366400,Gummy Worms Deli Tubs - 13 Oz,5.99,,3132,2025-08-25T23:50:36Z,chips-and-dip,True
0002840031058,Lays Potato Chips Salt & Vinegar Party Size - 12.5 Oz,5.99,,3132,2025-08-25T23:50:36Z,chips-and-dip,True
0065143366423,Gummy Sour Worms - 13 OZ,5.99,,3132,2025-08-25T23:50:36Z,chips-and-dip,True
0082951532653,Sensible Portions Nacho Cheese Tortilla Chips - 10 Oz.,6.99,,3132,2025-08-25T23:50:36Z,chips-and-dip,True
0002840037218,Lays Potato Chips Kettle Cooked Mesquite BBQ - 8 Oz,4.79,,3132,2025-08-25T23:50:36Z,chips-and-dip,True
0007114600614,Calbee Jagarico Hokkaido Butter - 2.05 OZ,1.99,,3132,2025-08-25T23:50:36Z,chips-and-dip,True
0001159427103,13 Oz Hawaiian Maui Onion Kettle Chip - 13 OZ,5.99,,3132,2025-08-25T23:50:36Z,chips-and-dip,True
0002840076821,Funyuns Onion Flavored Rings Flamin Hot Flavored 2 Oz - 2 OZ,2.69,,3132,2025-08-25T23:50:36Z,chips-and-dip,True
0007934100641,Resers Mexican Style Tortilla Chips - 16 OZ,3.99,,3132,2025-08-25T23:50:36Z,chips-and-dip,True
0065143399736,Brazil Nuts Whole R/S - 9 Oz,9.99,,3132,2025-08-25T23:50:36Z,chips-and-dip,True
0004400007748,Handi-Snacks Mister Salty Pretzels 'N Cheesy Dip Snack Packs - 10 Count,8.99,,3132,2025-08-25T23:50:36Z,chips-and-dip,True
0065143399702,Milk Chocolate Cups Peanut Butter - 10 Oz,13.99,,3132,2025-08-25T23:50:36Z,chips-and-dip,True
0085606900513,Simple Mills Fine Ground Sea Salt Almond Flour Crackers - 4.25 Oz,5.99,,3132,2025-08-25T23:50:36Z,chips-and-dip,True
0002840068198,Doritos Dinamita Tortilla Chips Flamin Hot Queso - 10.75 OZ,6.29,,3132,2025-08-25T23:50:36Z,chips-and-dip,True
0071706713300,Wellington Water Crackers Traditional - 4.4 Oz,3.5,,3132,2025-08-25T23:50:36Z,chips-and-dip,True
0004400007747,Handi-Snacks RITZ Crackers 'N Cheesy Dip Snack Packs - 10 Count,8.99,,3132,2025-08-25T23:50:36Z,chips-and-dip,True
0065143380119,Plantain Chips Lightly Salted - 5 OZ,4.99,,3132,2025-08-25T23:50:36Z,chips-and-dip,True
0002113052078,Signature Select/Farms Peanuts Roasted & Salted - 16 Oz,2.99,,3132,2025-08-25T23:50:36Z,chips-and-dip,True
0002113036236,Signature Select Churro Flavored Glazed Almonds 6oz - 6 OZ,4.99,,3132,2025-08-25T23:50:36Z,chips-and-dip,True
0002113036239,Signature Select Dill Pickle Whole Cashews 5oz - 5 OZ,4.99,,3132,2025-08-25T23:50:36Z,chips-and-dip,True
0001159410050,Hawaiian Original Kettle Chips - 7.5 Oz,3.99,,3132,2025-08-25T23:50:36Z,chips-and-dip,True
0003800029310,Pringles Hot Ones Los Calientes Barbacoa Spicy Potato Crisps Chips - 5.5 Oz,2.5,,3132,2025-08-25T23:50:36Z,chips-and-dip,True
0002840077008,Lays Classic 2.5oz - 2.5 OZ,2.69,,3132,2025-08-25T23:50:36Z,chips-and-dip,True
0003800028159,Pringles Mingles Puffed Snacks Sharp White Cheddar and Ranch Cheese Puffs - 5.5 Oz,3.99,,3132,2025-08-25T23:50:36Z,chips-and-dip,True
0024107700000,ReadyMeals Stir Fry Saute w/ Teriyaki Sauce - Each,5.99,,3132,2025-08-25T23:50:36Z,chips-and-dip,True
0007989329459,O Organics Cashews Roasted Unsalted - 10 Oz,8.99,,3132,2025-08-25T23:50:36Z,chips-and-dip,True
0065143360118,Walnut Halves Chandler - 6 OZ,5.99,,3132,2025-08-25T23:50:36Z,chips-and-dip,True
0001411370104,Wonderful No Shells Sea Salt and Pepper Pistachios - 5.5 Oz,7.99,,3132,2025-08-25T23:50:36Z,chips-and-dip,True
0008411490318,Kettle Brand Air Fried Jalapeno Kettle Potato Chips - 11.25 Oz,5.99,,3132,2025-08-25T23:50:36Z,chips-and-dip,True
0085571200814,Dot's Southwest Homestyle Pretzels Twists - 16 Oz,7.99,,3132,2025-08-25T23:50:36Z,chips-and-dip,True
0075752804884,Takis Dragon Sweet Chili 9.9oz - 9.9 Z,5.49,,3132,2025-08-25T23:50:36Z,chips-and-dip,True
0002840076854,Funyuns Onion Flavored Rings Steakhouse Onion 5.25 Oz - 5.25 OZ,5.19,,3132,2025-08-25T23:50:36Z,chips-and-dip,True
0071219931983,Jovy Fruit Roll Apple Flavor - 0.75 Oz,0.25,,3132,2025-08-25T23:50:36Z,chips-and-dip,True
0003800030498,Pringles Potato Crisps Chips Rojo Lunch Snacks - 5.5 Oz,2.5,,3132,2025-08-25T23:50:36Z,chips-and-dip,True
0002840004003,Fritos Corn Chips The Original - 1 Oz,0.5,,3132,2025-08-25T23:50:36Z,chips-and-dip,True
0007699100378,Mariani Organic Shelled Walnuts - 7.5 Oz,5.99,,3132,2025-08-25T23:50:36Z,chips-and-dip,True
0002840016874,Miss Vickies Kettle Cooked Jalapeno Potato Chips - 8 Oz,5.29,,3132,2025-08-25T23:50:36Z,chips-and-dip,True
0002113030261,Signature Select Veggie Sticks Ranch - 7 Oz.,3.49,,3132,2025-08-25T23:50:36Z,chips-and-dip,True
0002410094059,Cheez-It Cheese Crackers Original Baked Snack Crackers 20 Count - 20 Oz,11.99,,3132,2025-08-25T23:50:36Z,chips-and-dip,True
0002840003633,TOSTITOS Tortilla Chips Scoops Multigrain - 10 Oz,5.79,,3132,2025-08-25T23:50:36Z,chips-and-dip,True
0001410005044,Goldfish Cheddar Crackers 30 Count - 1 Oz,15.99,,3132,2025-08-25T23:50:36Z,chips-and-dip,True
0060654180332,Miltons Crackers Jalapeno 4.5oz - 4.5 OZ,3.5,,3132,2025-08-25T23:50:36Z,chips-and-dip,True
0002113018813,Signature SELECT Whole Roasted & Salted Cashews - 16 Oz,12.99,,3132,2025-08-25T23:50:36Z,chips-and-dip,True
0002840051798,Tostitos Tortilla Chips White Corn 12 Ounce - 12 OZ,5.79,,3132,2025-08-25T23:50:36Z,chips-and-dip,True
0085606900512,Simple Mills Crackers Almond Flour Rosemary & Sea Salt - 4.25 Oz,5.99,,3132,2025-08-25T23:50:36Z,chips-and-dip,True
0002900001665,Planters Mixed Nuts - 10.3 Oz,7.99,,3132,2025-08-25T23:50:36Z,chips-and-dip,True
0004400008143,Biskit - 7.5 OZ,5.49,,3132,2025-08-25T23:50:36Z,chips-and-dip,True
0008411411272,Kettle Brand Jalapeno Kettle Potato Chips - 1.5 Oz,1.79,,3132,2025-08-25T23:50:36Z,chips-and-dip,True
0002840077012,Lay's Potato Chips Limon Flavored 2 1/2 Oz - 2.5 OZ,2.69,,3132,2025-08-25T23:50:36Z,chips-and-dip,True
0007989312286,Open Nature Original Pita Chips with Sea Salt - 18 Oz.,5.99,,3132,2025-08-25T23:50:36Z,chips-and-dip,True
0002840004011,CHEETOS Snacks Cheese Flavored Crunchy - 1 Oz,0.5,,3132,2025-08-25T23:50:36Z,chips-and-dip,True
0002840070006,Doritos Minis Cool Ranch - 5.125 Oz,3.79,,3132,2025-08-25T23:50:36Z,chips-and-dip,True
0003800013872,Pringles Potato Crisps Chips Ranch Lunch Snacks - 5.5 Oz,2.5,,3132,2025-08-25T23:50:36Z,chips-and-dip,True
0002840078257,Tostitos Blue Corn Organic 12oz - 12 OZ,5.79,,3132,2025-08-25T23:50:36Z,chips-and-dip,True
0001410004720,Goldfish Colors Cheddar and Flavor Blasted Xtra Cheddar Crackers 20 Count - 0.9 Oz,11.99,,3132,2025-08-25T23:50:36Z,chips-and-dip,True
0002840076312,Chesters Fries Chili Cheese - 5.25 Oz,2.99,,3132,2025-08-25T23:50:36Z,chips-and-dip,True
0002840076891,Cheetos Crunchy Cheese Flavored Snacks 2 7/8 Oz - 2.875OZ,2.69,,3132,2025-08-25T23:50:36Z,chips-and-dip,True
0002113030690,Signature SELECT Crackers Oyster & Soup - 9 Oz,1.99,,3132,2025-08-25T23:50:36Z,chips-and-dip,True
0082951530220,Sensible Portions Garden Veggie Chips Sea Salt - 7 Oz,3.5,,3132,2025-08-25T23:50:36Z,chips-and-dip,True
0065143360108,Green Peas Wasabi - 7 OZ,4.99,,3132,2025-08-25T23:50:36Z,chips-and-dip,True
0060654180326,Miltons Crackers Salt & Pepper Gluten Free 4.5oz - 4.5 OZ,3.5,,3132,2025-08-25T23:50:36Z,chips-and-dip,True
0071219907680,Jovy Fruit Roll Watermelon Flavor - 0.75 Oz,0.25,,3132,2025-08-25T23:50:36Z,chips-and-dip,True
0065143370306,Ginger - 8 OZ,5.99,,3132,2025-08-25T23:50:36Z,chips-and-dip,True
0003800013897,Pringles Potato Crisps Chips Cheddar and Sour Cream Lunch Snacks - 5.5 Oz,2.5,,3132,2025-08-25T23:50:36Z,chips-and-dip,True
0002840004012,CHEETOS Snacks Cheese Flavored Crunchy Flamin Hot - 1 Oz,0.5,,3132,2025-08-25T23:50:36Z,chips-and-dip,True
0065143360114,Almonds Slivered - 10 Oz,7.99,,3132,2025-08-25T23:50:36Z,chips-and-dip,True
0001115229100,JFC Iso Maki Arare - 3 Oz,3.99,,3132,2025-08-25T23:50:36Z,chips-and-dip,True
0085001433533,Like Air Puffcorn Cinnamon Bun 1oz - 1 OZ,1.29,,3132,2025-08-25T23:50:36Z,chips-and-dip,True
0002410070571,Cheez-It Cheese Crackers White Cheddar Baked Snack Crackers - 7 Oz,3.79,,3132,2025-08-25T23:50:36Z,chips-and-dip,True
0007989315900,Open Nature Pita Chips Original With Sea Salt - 7.3 OZ,4.99,,3132,2025-08-25T23:50:36Z,chips-and-dip,True
0085556922015,Perfect Bar Choco Crisp Gluten-Free Dark Chocolate Nut Butter Kosher Protein Bar - 1.94 Oz,2.99,,3132,2025-08-25T23:50:36Z,chips-and-dip,True
0065143369222,Raisins Dark Chocolate - 11 OZ,9.99,,3132,2025-08-25T23:50:36Z,chips-and-dip,True
0002113030262,Signature Select Veggie Sticks Bbq - 7 Oz.,3.49,,3132,2025-08-25T23:50:36Z,chips-and-dip,True
0075752805151,Takis Chile Limon - 9.9 Oz,5.49,,3132,2025-08-25T23:50:36Z,chips-and-dip,True
0001410009654,Goldfish Flavor Blasted Xtra Cheddar 9 Count - 0.9 Oz,7.99,,3132,2025-08-25T23:50:36Z,chips-and-dip,True
0060654180321,Miltons Crackers Zesty Ranch 4.5oz - 4.5 OZ,3.5,,3132,2025-08-25T23:50:36Z,chips-and-dip,True
0065143366429,Fruit Slices - 13 OZ,4.99,,3132,2025-08-25T23:50:36Z,chips-and-dip,True
0002113029503,Signature SELECT Cashews Halves & Pieces Lightly Salted - 5 Oz,3.99,,3132,2025-08-25T23:50:36Z,chips-and-dip,True
0073249400062,G.H. Cretors Cheese & Caramel Mix Popcorn - 1.5 Oz,2.39,,3132,2025-08-25T23:50:36Z,chips-and-dip,True
0065143399317,Dark Chocolate Pretzels - 6 Oz,6.99,,3132,2025-08-25T23:50:36Z,chips-and-dip,True
0002113018811,Signature SELECT Whole Hickory Smoked Almonds - 16 Oz,7.99,,3132,2025-08-25T23:50:36Z,chips-and-dip,True
0065143360122,Apricots Turkish - 14 OZ,7.99,,3132,2025-08-25T23:50:36Z,chips-and-dip,True
0001410008553,Goldfish Flavor Blasted Xtra Cheesy Pizza Crackers - 6.6 Oz,3.5,,3132,2025-08-25T23:50:36Z,chips-and-dip,True
0065143324150,Mango Low Sugar No Sulfur - 16 Oz,9.99,,3132,2025-08-25T23:50:36Z,chips-and-dip,True
0075752805000,Takis Buckin Ranch - 9.9 Oz.,5.49,,3132,2025-08-25T23:50:36Z,chips-and-dip,True
0065143363266,Signature Farms Roasted & Salted Peanuts - 10 Oz,4.99,,3132,2025-08-25T23:50:36Z,chips-and-dip,True
0007989311573,O Organics Popcorn Kettle Corn - 6 Oz,3.49,,3132,2025-08-25T23:50:36Z,chips-and-dip,True
0002840075904,Doritos Golden Sriracha 9.25oz - 9.25 OZ,6.29,,3132,2025-08-25T23:50:36Z,chips-and-dip,True
0085606900574,Simple Mills Cracker Seed Original - 4.25 Oz,5.99,,3132,2025-08-25T23:50:36Z,chips-and-dip,True
0007989311298,Open Nature Crackers Water Cracked Black Pepper - 4.4 Oz,3.99,,3132,2025-08-25T23:50:36Z,chips-and-dip,True
0007989316248,O Organics Yellow Corn Tortilla Chips - 8.25 Oz,3.49,,3132,2025-08-25T23:50:36Z,chips-and-dip,True
0002840070010,Cheetos Flamin Hot Minis - 3.635 Oz,3.79,,3132,2025-08-25T23:50:36Z,chips-and-dip,True
0002113030269,Signature SELECT Tapatio Trail Mix - 5 Oz,3.99,,3132,2025-08-25T23:50:36Z,chips-and-dip,True
0001411391085,Wonderful Pistachios No Shells Chili Roasted - 5.5 Oz.,7.99,,3132,2025-08-25T23:50:36Z,chips-and-dip,True
0004157005181,Blue Diamond Almonds Whole Natural - 1.5 Oz,1.79,,3132,2025-08-25T23:50:36Z,chips-and-dip,True
0001411391203,Wonderful Pistachios Roasted & Salted - 8 Oz.,5.99,,3132,2025-08-25T23:50:36Z,chips-and-dip,True
0003800016966,Pringles Potato Crisps Chips Original Lunch Snacks - 6.8 Oz,3.49,,3132,2025-08-25T23:50:36Z,chips-and-dip,True
0002840004349,Lays Potato Chips Wavy Hickory BBQ Bag - 7.5 Oz,4.99,,3132,2025-08-25T23:50:36Z,chips-and-dip,True
0002840075874,Doritos Minis Cool Ranch 1.95oz - 1.95 OZ,2.29,,3132,2025-08-25T23:50:36Z,chips-and-dip,True
0002410070566,Cheez-It Cheese Crackers Original Baked Snack Crackers - 7 Oz,3.79,,3132,2025-08-25T23:50:36Z,chips-and-dip,True
0001410005522,Goldfish Barbecue Flavored Crisps - 6.25 Oz,4.49,,3132,2025-08-25T23:50:36Z,chips-and-dip,True
0003800013857,Pringles Potato Crisps Chips Cheddar Cheese Lunch Snacks - 5.5 Oz,2.5,,3132,2025-08-25T23:50:36Z,chips-and-dip,True
0002113014589,Signature SELECT Almonds Lightly Salted Whole - 6 Oz,3.99,,3132,2025-08-25T23:50:36Z,chips-and-dip,True
0001411370156,Wonderful No Shell Jalapeno Lime Pistachios - 5.5 Oz.,7.99,,3132,2025-08-25T23:50:36Z,chips-and-dip,True
0003010000133,Kelloggs Zesta Saltine Crackers Original Soup Crackers - 16 Oz,3.99,,3132,2025-08-25T23:50:36Z,chips-and-dip,True
0004950825301,Snack Factory Pop'ums Sea Salt Pretzel Snacks - 9 Oz,6.29,,3132,2025-08-25T23:50:36Z,chips-and-dip,True
0065143368011,Chocolate Raisins - 13 OZ,8.99,,3132,2025-08-25T23:50:36Z,chips-and-dip,True
0002900001614,Planters Deluxe Cashews Whole Lightly Salted - 8.5 Oz,11.99,,3132,2025-08-25T23:50:36Z,chips-and-dip,True
0002113011248,Signature SELECT Crackers Delectables Original - 13.7 Oz,4.49,,3132,2025-08-25T23:50:36Z,chips-and-dip,True
0085559600742,Love Corn Sour Cream & Onion 4oz - 4 OZ,3.99,,3132,2025-08-25T23:50:36Z,chips-and-dip,True
0002900001607,Planters Cashews Halves & Pieces - 8 Oz,7.99,,3132,2025-08-25T23:50:36Z,chips-and-dip,True
0007989311297,Open Nature Crackers Water Original - 4.4 Oz,3.99,,3132,2025-08-25T23:50:36Z,chips-and-dip,True
0002113034987,Signature Select Trail Mix Mountain Mix 1.5oz - 1.5 OZ,0.79,,3132,2025-08-25T23:50:36Z,chips-and-dip,True
0001410005509,Pepperidge Farm Goldfish Minions Shaped Cheddar Crackers - 6.6 Oz,3.5,,3132,2025-08-25T23:50:36Z,chips-and-dip,True
0007989311300,Open Nature Crackers Water Whole Wheat - 4.4 Oz,3.99,,3132,2025-08-25T23:50:36Z,chips-and-dip,True
0075752802796,Takis Kettlez Fuego Hot Chili Pepper & Lime Kettle Potato Chips - 8 Oz,4.79,,3132,2025-08-25T23:50:36Z,chips-and-dip,True
0081060702309,Popcorners Popped Corn Snacks White Cheddar 3 Ounce - 3 OZ,2.89,,3132,2025-08-25T23:50:36Z,chips-and-dip,True
0002113012897,Signature Select/Farms Peanuts Roasted With Sea Salt - 16 Oz,2.99,,3132,2025-08-25T23:50:36Z,chips-and-dip,True
0075752800869,Takis Nitro Habanero & Lime Rolled Tortilla Chips - 9.9 Oz,5.49,,3132,2025-08-25T23:50:36Z,chips-and-dip,True
0002410012424,Cheez-It Baked Snack Crackers Smoked Cheddar Lunch Snacks - 12.4 Oz,5.99,,3132,2025-08-25T23:50:36Z,chips-and-dip,True
0002900001615,Planters Deluxe Cashews Whole - 18.25 Oz,18.99,,3132,2025-08-25T23:50:36Z,chips-and-dip,True
0002840074451,Miss Vickies Applewood Smoked Bbq - 8 Oz,5.29,,3132,2025-08-25T23:50:36Z,chips-and-dip,True
0003024387600,Good Sense Sunflower Kernels Roasted And Salted Organic - 7.5 Oz,3.49,,3132,2025-08-25T23:50:36Z,chips-and-dip,True
0065143399764,Black Chia Seeds Organic - 12 Oz,8.99,,3132,2025-08-25T23:50:36Z,chips-and-dip,True
0001410005546,Goldfish Strawberry Shortcake Flavored Baked Grahams - 6.6 Oz,3.5,,3132,2025-08-25T23:50:36Z,chips-and-dip,True
0007989312552,Open Nature Pita Chips Parmesan Garic Herb - 7.3 OZ,4.99,,3132,2025-08-25T23:50:36Z,chips-and-dip,True
0002840077060,Doritos Tortilla Chips Spicy Nacho Flavored 2 5/8 Oz - 2.625OZ,2.69,,3132,2025-08-25T23:50:36Z,chips-and-dip,True
0082935410224,Sun Tropics Tamari Teriyaki Mochi Snack Bites - 3.5 Oz,3.99,,3132,2025-08-25T23:50:36Z,chips-and-dip,True
0002840000861,Lays Potato Chips Barbecue - 1 Oz,0.5,,3132,2025-08-25T23:50:36Z,chips-and-dip,True
0087668100095,Stonefire Crisps Naan Everything - 6 OZ,3.99,,3132,2025-08-25T23:50:36Z,chips-and-dip,True
0002840077005,Lays Sour Cream & Onion 2.5oz - 2.5 OZ,2.69,,3132,2025-08-25T23:50:36Z,chips-and-dip,True
0071219931981,Jovy Fruit Roll Grape Flavor - 0.75 Oz,0.25,,3132,2025-08-25T23:50:36Z,chips-and-dip,True
0002113018812,Signature SELECT Roasted & Salted Party Peanuts - 16 Oz,3.49,,3132,2025-08-25T23:50:36Z,chips-and-dip,True
0002840074388,Lays Baked Salt & Vinegar - 6.25 Oz,4.79,,3132,2025-08-25T23:50:36Z,chips-and-dip,True
0008707621916,Snak Club Hot Ones Tangy Chili Snack Mix - 4.5 Oz,3.99,,3132,2025-08-25T23:50:36Z,chips-and-dip,True
0002113012893,Signature Select/Farms Cashews With Sea Salt - 16 Oz,8.99,,3132,2025-08-25T23:50:36Z,chips-and-dip,True
0002840077056,Doritos Tortilla Chips Cool Ranch Flavored 2 5/8 Oz - 2.625 OZ,2.69,,3132,2025-08-25T23:50:36Z,chips-and-dip,True
0002113030188,Signature SELECT Peanut Butter Single Serve Pretzel Nugget - 5 Oz,1.99,,3132,2025-08-25T23:50:36Z,chips-and-dip,True
0002840073451,Chesters Fries Ranch - 5.25 Oz,2.99,,3132,2025-08-25T23:50:36Z,chips-and-dip,True
0065143369152,O Organics Almonds Prepackaged - 10 Oz,10.99,,3132,2025-08-25T23:50:36Z,chips-and-dip,True
0001410005210,Goldfish Princess Cheddar Crackers - 6.6 Oz,3.5,,3132,2025-08-25T23:50:36Z,chips-and-dip,True
0002113019147,Signature SELECT Cracker Water Toasted Sesame - 4.25 OZ,2.99,,3132,2025-08-25T23:50:36Z,chips-and-dip,True
0007989311608,O Organics Crackers Classic Round - 8 Oz,4.29,,3132,2025-08-25T23:50:36Z,chips-and-dip,True
0004950825304,Snack Factory Pop'ums Golden Mustard BBQ Pretzel Snacks - 9 Oz,6.29,,3132,2025-08-25T23:50:36Z,chips-and-dip,True
0007989340962,O Organics Pistachios Roasted & Salted - 7 Oz,5.99,,3132,2025-08-25T23:50:36Z,chips-and-dip,True
0085001433531,Like Air Puffcorn Classic 1oz - 1 OZ,1.29,,3132,2025-08-25T23:50:36Z,chips-and-dip,True
0002840076389,Funyuns Sour Cream - 5.25 Oz,5.19,,3132,2025-08-25T23:50:36Z,chips-and-dip,True
0065143399306,Pepitas Roasted & Salted - 9 Oz,6.99,,3132,2025-08-25T23:50:36Z,chips-and-dip,True
0002840076117,Tostitos Restaurant Style 14.425oz - 14.425 OZ,5.79,,3132,2025-08-25T23:50:36Z,chips-and-dip,True
0001410005297,Goldfish Xtra Cheddar Crackers - 10 Oz,4.49,,3132,2025-08-25T23:50:36Z,chips-and-dip,True
0002840009089,DORITOS Tortilla Chips Nacho Cheese - 1 Oz,0.5,,3132,2025-08-25T23:50:36Z,chips-and-dip,True
0001411391070,Wonderful Pistachios Sweet Chili - 14 Oz,9.99,,3132,2025-08-25T23:50:36Z,chips-and-dip,True
0002840076712,Lays All Dressed 2.5oz - 2.5 OZ,2.69,,3132,2025-08-25T23:50:36Z,chips-and-dip,True
0081002167195,Simple Mills Crackers Pizza 4oz - 4 OZ,5.99,,3132,2025-08-25T23:50:36Z,chips-and-dip,True
0002113017232,Signature Select/Farms Salt & Peppert Shelled Pistachios - Each,9.99,,3132,2025-08-25T23:50:36Z,chips-and-dip,True
0001411370036,Wonderful Pistachios No Shells Sea Salt Vinegar - 5.5 Oz,7.99,,3132,2025-08-25T23:50:36Z,chips-and-dip,True
0085080800564,Moon Cheese Cheese Snack Cheddar - 1 OZ,2.79,,3132,2025-08-25T23:50:36Z,chips-and-dip,True
0002113030654,Signature SELECT Crackers Entertaining Sesame & Poppy Seed - 8 Oz,3.49,,3132,2025-08-25T23:50:36Z,chips-and-dip,True
0001410009659,Goldfish Colors Cheddar 9 Count - 0.9 Oz,7.99,,3132,2025-08-25T23:50:36Z,chips-and-dip,True
0003800017591,Pringles Potato Crisps Chips Cheddar Cheese Lunch Snacks - 7.1 Oz,3.49,,3132,2025-08-25T23:50:36Z,chips-and-dip,True
0004400005550,Triscuit Avocado Cilantro & Lime Whole Grain Wheat Crackers - 8.5 Oz,5.49,,3132,2025-08-25T23:50:36Z,chips-and-dip,True
0007114600119,Calbee Seaweed Chips - 2.8 Oz,3.99,,3132,2025-08-25T23:50:36Z,chips-and-dip,True
0071219931978,Jovy Fruit Roll Cherry Flavor - 0.75 Oz,0.25,,3132,2025-08-25T23:50:36Z,chips-and-dip,True
0007873200143,Casa Sanchez Habanero Lime Spicy Tortilla Chips - 12 OZ,4.49,,3132,2025-08-25T23:50:36Z,chips-and-dip,True
0081009178060,Siete Tortilla Chips Maiz Lime - 7.5 Oz.,4.99,,3132,2025-08-25T23:50:36Z,chips-and-dip,True
0002840075908,Cheetos Puffs Pizza 8oz - 8 OZ,5.79,,3132,2025-08-25T23:50:36Z,chips-and-dip,True
0003400021461,REESE'S Peanut Butter Candy Drizzled In Milk Chocolate Dipped Pretzels Bag - 4.25 Oz,3.69,,3132,2025-08-25T23:50:36Z,chips-and-dip,True
0002840076721,Chesters Fries Honey BBQ - 4.25 Oz,2.99,,3132,2025-08-25T23:50:36Z,chips-and-dip,True
0065143369133,Orange Slices - 13 OZ,4.99,,3132,2025-08-25T23:50:36Z,chips-and-dip,True
0003800084525,Pringles Potato Crisps Chips Sour Cream and Onion Lunch Snacks - 2.5 Oz,1.79,,3132,2025-08-25T23:50:36Z,chips-and-dip,True
0065143369142,Roasted Salted Cashews - 9 OZ,9.99,,3132,2025-08-25T23:50:36Z,chips-and-dip,True
0003010012977,Club Crackers Sweet Hawaiian Lunch Snacks - 13.7 Oz,5.29,,3132,2025-08-25T23:50:36Z,chips-and-dip,True
0002840016873,Miss Vickies Kettle Cooked Sea Salt Potato Chips - 8 Oz,5.29,,3132,2025-08-25T23:50:36Z,chips-and-dip,True
0002113029425,Signature SELECT Cashews Halves & Pieces Roasted & Salted - 5 Oz,3.99,,3132,2025-08-25T23:50:36Z,chips-and-dip,True
0001411370232,Wonderful Pistachios No Shell Dill Pickle Bag - 2.25 OZ,3.49,,3132,2025-08-25T23:50:36Z,chips-and-dip,True
0007299204178,Mauna Loa Sea Salt Macadamia Nuts Pouch - 1 Oz,2.29,,3132,2025-08-25T23:50:36Z,chips-and-dip,True
0065143399733,Pistachio Kernels - 10 Oz,15.99,,3132,2025-08-25T23:50:36Z,chips-and-dip,True
0002840070408,Cheetos Cheese Flavored Snacks Cheddar Flavored Minis 1.6 Oz - 1.5 OZ,2.29,,3132,2025-08-25T23:50:36Z,chips-and-dip,True
0060654180316,Miltons Sea Salt & Vinegar 4.5oz - 4.5 OZ,3.5,,3132,2025-08-25T23:50:36Z,chips-and-dip,True
0007539075598,Jumbo Ranch Sunflower Seeds - 5 OZ,2.49,,3132,2025-08-25T23:50:36Z,chips-and-dip,True
0004400007290,Nbc Chicken In A Biskit Ranch Family Size 12oz - 12 OZ,5.99,,3132,2025-08-25T23:50:36Z,chips-and-dip,True
0068725002611,Divina Mini Toast - 2.82 Oz,3.99,,3132,2025-08-25T23:50:36Z,chips-and-dip,True
0008707645640,Snak Club Grab N Run Tajin Clasico Peanuts - 1.5 Oz,1.49,,3132,2025-08-25T23:50:36Z,chips-and-dip,True
0002840076965,Lays Potato Chips Salt & Vinegar Flavored 2 1/2 Oz - 2.5 OZ,2.69,,3132,2025-08-25T23:50:36Z,chips-and-dip,True
0065143399319,Pretzels Yogurt - 6 Oz,5.99,,3132,2025-08-25T23:50:36Z,chips-and-dip,True
0075752804668,Takis Crisps Fuego - 5.5 Oz.,3.99,,3132,2025-08-25T23:50:36Z,chips-and-dip,True
0001410004968,Goldfish Disney Mickey Mouse Cheddar Crackers - 6.6 Oz,3.5,,3132,2025-08-25T23:50:36Z,chips-and-dip,True
0002840070001,Doritos Minis Nacho Cheese - 5.125 Oz,3.79,,3132,2025-08-25T23:50:36Z,chips-and-dip,True
0003800084524,Pringles Potato Crisps Chips Original Lunch Snacks - 2.3 Oz,1.79,,3132,2025-08-25T23:50:36Z,chips-and-dip,True
0002840077067,Doritos Tortilla Chips Sweet & Tangy Bbq Flavored 2 5/8 Oz - 2.625OZ,2.69,,3132,2025-08-25T23:50:36Z,chips-and-dip,True
0002840037215,Lays Potato Chips Kettle Cooked Maui Onion - 8 Oz,4.79,,3132,2025-08-25T23:50:36Z,chips-and-dip,True
0007989311299,Open Nature Crackers Water Sesame - 4.4 Oz,3.99,,3132,2025-08-25T23:50:36Z,chips-and-dip,True
0085651600212,Mamma Chia Squeeze Organic Vitality Snack Strawberry Banana - 3.5 Oz,1.99,,3132,2025-08-25T23:50:36Z,chips-and-dip,True
0002900029674,Planters Cinnamon Brown Sugar Cashew - 5 Oz,4.99,,3132,2025-08-25T23:50:36Z,chips-and-dip,True
0003800084894,Pringles Potato Crisps Chips Salt and Vinegar Lunch Snacks - 2.5 Oz,1.79,,3132,2025-08-25T23:50:36Z,chips-and-dip,True
0007989315826,O Organics Pecan Halves - 10 Oz,8.99,,3132,2025-08-25T23:50:36Z,chips-and-dip,True
0075752804538,Takis Waves Fuego Hot Chili Pepper & Lime Potato Chips - 8 Oz,4.79,,3132,2025-08-25T23:50:36Z,chips-and-dip,True
0003800027647,Pringles Potato Crisps Chips Philly Cheesesteak Lunch Snacks - 5.5 Oz,2.5,,3132,2025-08-25T23:50:36Z,chips-and-dip,True
0065143399771,Coconut Chips - 4 Oz,3.99,,3132,2025-08-25T23:50:36Z,chips-and-dip,True
0001411370035,Wonderful Pistachios No Shells BBQ Pistachios Resealable - 5.5 Oz,7.99,,3132,2025-08-25T23:50:36Z,chips-and-dip,True
0002840076607,Funyuns Onion Rings Regular - 8.25 Oz,7.29,,3132,2025-08-25T23:50:36Z,chips-and-dip,True
0007373106002,Mission Super Soft White Corn Tortillas - 30 Count,2.49,,3132,2025-08-25T23:50:36Z,chips-and-dip,True
0002113029506,Signature SELECT Peanuts Party Lightly Salted - 16 Oz,3.49,,3132,2025-08-25T23:50:36Z,chips-and-dip,True
0003800084526,Pringles Potato Crisps Chips Cheddar Cheese Lunch Snacks - 2.5 Oz,1.79,,3132,2025-08-25T23:50:36Z,chips-and-dip,True
0003800018369,Pringles Potato Crisps Chips BBQ Lunch Snacks - 2.5 Oz,1.79,,3132,2025-08-25T23:50:36Z,chips-and-dip,True
0065143369207,O Organics Cashews Raw - 10 Oz,11.99,,3132,2025-08-25T23:50:36Z,chips-and-dip,True
0007989316249,O Organics White Corn Tortilla Chips - 8.25 Oz,3.49,,3132,2025-08-25T23:50:36Z,chips-and-dip,True
0002840076910,Ruffles Queso 2.25oz - 2.25 OZ,2.69,,3132,2025-08-25T23:50:36Z,chips-and-dip,True
0065143399320,Pineapple Rings No Sulphur - 8 Oz,5.99,,3132,2025-08-25T23:50:36Z,chips-and-dip,True
0075752800894,Takis Hot Nuts Fuego Hot Chili Pepper & Lime Peanuts - 3.2 Oz,2.49,,3132,2025-08-25T23:50:36Z,chips-and-dip,True
0001410007867,Goldfish Cheddar Cheese Crackers - 2 Oz,1.49,,3132,2025-08-25T23:50:36Z,chips-and-dip,True
0065143370172,Pistachios Roasted No Salt - 8 OZ,7.99,,3132,2025-08-25T23:50:36Z,chips-and-dip,True
0075752804883,Takis Dragon Sweet Chili - 3.25 Oz,2.59,,3132,2025-08-25T23:50:36Z,chips-and-dip,True
0002840075145,Lays Kettle Cajun Spice 8oz - 8 OZ,4.79,,3132,2025-08-25T23:50:36Z,chips-and-dip,True
0002410011135,Cheez-It Cheese Original Extra Toasty Baked Snack Crackers - 7 Oz,3.79,,3132,2025-08-25T23:50:36Z,chips-and-dip,True
0065143324167,Turkish Apricots - 20 Oz,9.99,,3132,2025-08-25T23:50:36Z,chips-and-dip,True
0002900001670,Planters Mixed Nuts - 15 Oz,10.99,,3132,2025-08-25T23:50:36Z,chips-and-dip,True
0085005505417,Pecan Nation Honey Roasted 1oz - 1 OZ,1.49,,3132,2025-08-25T23:50:36Z,chips-and-dip,True
0085651600500,Mamma Chia Cherry Beets Squeeze - 3.5 Oz,1.99,,3132,2025-08-25T23:50:36Z,chips-and-dip,True
0003800018369,Pringles Potato Crisps Chips BBQ Lunch Snacks - 2.5 Oz,1.79,,3132,2025-08-25T23:50:36Z,chips-and-dip,True
0065143369207,O Organics Cashews Raw - 10 Oz,11.99,,3132,2025-08-25T23:50:36Z,chips-and-dip,True
0007989316249,O Organics White Corn Tortilla Chips - 8.25 Oz,3.49,,3132,2025-08-25T23:50:36Z,chips-and-dip,True
0002840076910,Ruffles Queso 2.25oz - 2.25 OZ,2.69,,3132,2025-08-25T23:50:36Z,chips-and-dip,True
0065143399680,Watermelon Sour Belts - 10 Oz,6.99,,3132,2025-08-25T23:50:36Z,chips-and-dip,True
0065143399718,Mango Slices Premium - 6 Oz,6.99,,3132,2025-08-25T23:50:36Z,chips-and-dip,True
0065143399320,Pineapple Rings No Sulphur - 8 Oz,5.99,,3132,2025-08-25T23:50:36Z,chips-and-dip,True
0075752800894,Takis Hot Nuts Fuego Hot Chili Pepper & Lime Peanuts - 3.2 Oz,2.49,,3132,2025-08-25T23:50:36Z,chips-and-dip,True
0001410007867,Goldfish Cheddar Cheese Crackers - 2 Oz,1.49,,3132,2025-08-25T23:50:36Z,chips-and-dip,True
0065143370172,Pistachios Roasted No Salt - 8 OZ,7.99,,3132,2025-08-25T23:50:36Z,chips-and-dip,True
0002840058924,TOSTITOS Tortilla Chips Simply Organic Yellow Corn - 8.25 Oz,4.99,,3132,2025-08-25T23:50:36Z,chips-and-dip,True
0075752804883,Takis Dragon Sweet Chili - 3.25 Oz,2.59,,3132,2025-08-25T23:50:36Z,chips-and-dip,True
0002840075145,Lays Kettle Cajun Spice 8oz - 8 OZ,4.79,,3132,2025-08-25T23:50:36Z,chips-and-dip,True
0002410011135,Cheez-It Cheese Original Extra Toasty Baked Snack Crackers - 7 Oz,3.79,,3132,2025-08-25T23:50:36Z,chips-and-dip,True
0065143324167,Turkish Apricots - 20 Oz,9.99,,3132,2025-08-25T23:50:36Z,chips-and-dip,True
0002840076212,Chesters Fries Carolina Style BBQ - 5.25 Oz,2.99,,3132,2025-08-25T23:50:36Z,chips-and-dip,True
0002900001670,Planters Mixed Nuts - 15 Oz,10.99,,3132,2025-08-25T23:50:36Z,chips-and-dip,True
0085005505417,Pecan Nation Honey Roasted 1oz - 1 OZ,1.49,,3132,2025-08-25T23:50:36Z,chips-and-dip,True
0085651600500,Mamma Chia Cherry Beets Squeeze - 3.5 Oz,1.99,,3132,2025-08-25T23:50:36Z,chips-and-dip,True
0002840076735,Cheetos Flamin Hot Dill Pickle 2.875oz - 2.875 OZ,2.69,,3132,2025-08-25T23:50:36Z,chips-and-dip,True
0085651600211,Mamma Chia Squeeze Organic Vitality Snack Green Magic - 3.5 Fl. Oz.,1.99,,3132,2025-08-25T23:50:36Z,chips-and-dip,True
0075752804807,Takis Fuego Hot Chili & Lime - 3.25 OZ,2.59,,3132,2025-08-25T23:50:36Z,chips-and-dip,True
0004400008175,RITZ Hot Honey Crackers - 13.7 Oz,4.99,,3132,2025-08-25T23:50:36Z,chips-and-dip,True
0002410019134,Cheez-It Cheese Crackers Original Baked Snack Crackers - 3 Oz,1.79,,3132,2025-08-25T23:50:36Z,chips-and-dip,True
0085651600229,Mamma Chia Organic Vitality Snack Chia Squeeze Wild Raspberry - 3.5 Oz,1.99,,3132,2025-08-25T23:50:36Z,chips-and-dip,True
0002840068373,Ruffles Smokehouse BBQ Potato Chips - 8 Oz,5.79,,3132,2025-08-25T23:50:36Z,chips-and-dip,True
0007539075398,Jumbo Sunflower Seeds - 5 OZ,2.49,,3132,2025-08-25T23:50:36Z,chips-and-dip,True
0088399002062,Good 2 Grown Snacker Cinnamon - 6 Count,6.99,,3132,2025-08-25T23:50:36Z,chips-and-dip,True
0001411370105,Wonderful Pistachios Seasoned Salt - 14 Oz,9.99,,3132,2025-08-25T23:50:36Z,chips-and-dip,True
0075752804811,Takis Blue Heat - 3.25 OZ,2.59,,3132,2025-08-25T23:50:36Z,chips-and-dip,True
0002410000152,Kelloggs Snacks Variety Pack Lunch Snacks 30 Count - 30.1 Oz,14.99,,3132,2025-08-25T23:50:36Z,chips-and-dip,True
0065143360555,Butter Toffee Almonds - 9 OZ,6.99,,3132,2025-08-25T23:50:36Z,chips-and-dip,True
0085559600707,Love Corn Roasted Bbq Crunchy Corn - 4 Oz,3.99,,3132,2025-08-25T23:50:36Z,chips-and-dip,True
0002840077949,Lay's Kettle Cooked Cheesy Buffalo Dip - 8 Oz,4.79,,3132,2025-08-25T23:50:36Z,chips-and-dip,True
0002840070571,Sabritones Fiesta Mix - 6 Oz,2.99,,3132,2025-08-25T23:50:36Z,chips-and-dip,True
0085004770165,Flock Chicken Sticks Original 2.12oz - 2.12 OZ,5.99,,3132,2025-08-25T23:50:36Z,chips-and-dip,True
0082935410223,Sun Tropics Sea Salt Mochi Snack Bites - 3.5 Oz,3.99,,3132,2025-08-25T23:50:36Z,chips-and-dip,True
0089386900508,Sahale Snacks Snack Better Almonds Glazed Mix Honey - 4 Oz,4.99,,3132,2025-08-25T23:50:36Z,chips-and-dip,True
0007114600891,Calbee Onion Rings Original - 2.12 OZ,3.49,,3132,2025-08-25T23:50:36Z,chips-and-dip,True
0004886722311,Juantonio's Gluten Free Chilipeno Chips - 11 Oz,3.0,,3132,2025-08-25T23:50:36Z,chips-and-dip,True
0002113017231,Signature Select/Farms Sweet Chili Shelled Pistachios - 9 Oz,9.99,,3132,2025-08-25T23:50:36Z,chips-and-dip,True
0002840077488,Doritos Twisted Queso 2.625oz - 2.625OZ,2.69,,3132,2025-08-25T23:50:36Z,chips-and-dip,True
0089386900056,Sahale Snacks Snack Better Pecans Glazed Mix Valdosta - 4 Oz,4.99,,3132,2025-08-25T23:50:36Z,chips-and-dip,True
0002840001255,Miss Vickies Jalapeno 1.375oz - 1.375OZ,1.79,,3132,2025-08-25T23:50:36Z,chips-and-dip,True
0002410031534,Cheez-It Baked Snack Cheese Crackers White Cheddar - 3 Oz,1.79,,3132,2025-08-25T23:50:36Z,chips-and-dip,True
0002840076898,Chesters Fries Cheddar Jalapeno  - 4.25 Oz,2.99,,3132,2025-08-25T23:50:36Z,chips-and-dip,True
0065143360119,Cranberries Sweetened - 11 OZ,4.99,,3132,2025-08-25T23:50:36Z,chips-and-dip,True
0008411411275,Kettle Brand Sea Salt & Vinegar Kettle Potato Chips - 1.5 Oz,1.79,,3132,2025-08-25T23:50:36Z,chips-and-dip,True
0007699100583,Kettle Walnuts Maple - 8 OZ,6.99,,3132,2025-08-25T23:50:36Z,chips-and-dip,True
0065143362211,Swiss Mountain Mix - 10 OZ,4.99,,3132,2025-08-25T23:50:36Z,chips-and-dip,True
0002840077026,Lay's Kettle Cooked Potato Chips Jalapeno Flavored 2 1/4 Oz - 2.25 OZ,2.69,,3132,2025-08-25T23:50:36Z,chips-and-dip,True
0002113036274,Signature Select Popcorn Brown Butter Sage 4.5 Oz - 4.5 OZ,4.99,,3132,2025-08-25T23:50:36Z,chips-and-dip,True
0082951532616,Sensible Portions Veggie Straws Screamin Hot - 12 Oz,7.99,,3132,2025-08-25T23:50:36Z,chips-and-dip,True
0082951532129,Sensible Portions Garden Veggie Chips Sour Cream & Onion - 5 Oz,5.49,,3132,2025-08-25T23:50:36Z,chips-and-dip,True
0065143366200,Strawberry Sour Belts - 10 OZ,6.99,,3132,2025-08-25T23:50:36Z,chips-and-dip,True
0065143363044,Milk Chocolate Peanut Caramel Clusters - 10 OZ,8.99,,3132,2025-08-25T23:50:36Z,chips-and-dip,True
0002840074236,Munchies Snack Mix Flamin Hot - 3.375 Oz.,2.99,,3132,2025-08-25T23:50:36Z,chips-and-dip,True
0008411411269,Kettle Brand Sea Salt Potato Chips - 1.5 Oz,1.79,,3132,2025-08-25T23:50:36Z,chips-and-dip,True
0081060702255,Popcorners Snacks Sour Cream & Onion - 7 OZ,4.79,,3132,2025-08-25T23:50:36Z,chips-and-dip,True
0001159410056,Tims Cascade Unsalted Chips - 7.5 Oz,3.99,,3132,2025-08-25T23:50:36Z,chips-and-dip,True
0075696316110,Rustic Bakery Black And White Sesame Savory Biscuits - 4 Oz,6.99,,3132,2025-08-25T23:50:36Z,chips-and-dip,True
0002840077358,Ruffles Spicy Dill Pickle 2.25oz - 2.25 OZ,2.69,,3132,2025-08-25T23:50:36Z,chips-and-dip,True
0085002009733,Pecan Nation Pecans Pn Cinnamon - 1 OZ,1.49,,3132,2025-08-25T23:50:36Z,chips-and-dip,True
0065143370998,Pineapple Wedges - 8 OZ,4.99,,3132,2025-08-25T23:50:36Z,chips-and-dip,True
0002840076719,Cheetos Puffs Cheese Pizza 2.5oz - 2.5 OZ,2.69,,3132,2025-08-25T23:50:36Z,chips-and-dip,True
0002840032254,CHEETOS Popcorn Cheddar Cheese - 7 Oz,5.79,,3132,2025-08-25T23:50:36Z,chips-and-dip,True
0003800021791,Pringles Scorchin Potato Crisps Chips Buffalo Spicy Snacks - 5.5 Oz,3.49,,3132,2025-08-25T23:50:36Z,chips-and-dip,True
0065143399507,Macadamia Nuts - 8 Oz.,13.99,,3132,2025-08-25T23:50:36Z,chips-and-dip,True
0004157015148,Blue Diamond Dark Chocolate Sea Salt Caramel 2oz - 2 OZ,3.49,,3132,2025-08-25T23:50:36Z,chips-and-dip,True
0002840076698,Doritos Golden Sriracha 2.625oz - 2.625OZ,2.69,,3132,2025-08-25T23:50:36Z,chips-and-dip,True
0065143362755,Licorice Red Australian - 10 OZ,8.99,,3132,2025-08-25T23:50:36Z,chips-and-dip,True
0085757800818,Cashew Nut Bar - 1.4 Oz,2.99,,3132,2025-08-25T23:50:36Z,chips-and-dip,True
0002840002673,MUNCHIES Crackers Sandwich Peanut Butter Cheese Crackers - 1.42 Oz,1.09,,3132,2025-08-25T23:50:36Z,chips-and-dip,True
0065143360132,Yogurt Almonds - 12 OZ,8.99,,3132,2025-08-25T23:50:36Z,chips-and-dip,True
0001159420212,Hawaiian Potato Chips Kettle Style Luau BBQ - 2 Oz,1.49,,3132,2025-08-25T23:50:36Z,chips-and-dip,True
0001159410049,Hawaiian Hulapeno - 7.5 Oz,3.99,,3132,2025-08-25T23:50:36Z,chips-and-dip,True
0085005505434,Pecan Nation Bbq 4oz - 4 OZ,5.99,,3132,2025-08-25T23:50:36Z,chips-and-dip,True
0002113036273,Signature Select Maple Popcorn 5.5 Oz - 5.5 OZ,4.99,,3132,2025-08-25T23:50:36Z,chips-and-dip,True
0002840031407,CHEETOS Snacks Cheese Flavored Crunchy Flamin Hot Party Size - 15 Oz,6.49,,3132,2025-08-25T23:50:36Z,chips-and-dip,True
0001410005635,Pep Farm Goldfish Minions Cheddar 24ct - 24 CT,11.99,,3132,2025-08-25T23:50:36Z,chips-and-dip,True
0065143399974,Peanuts Japanese - 8 Oz,3.99,,3132,2025-08-25T23:50:36Z,chips-and-dip,True
0083560700014,Oyatsu Babystar Original Mini Ramen Snack - 2.46 Oz,2.99,,3132,2025-08-25T23:50:36Z,chips-and-dip,True
0003800028142,Pringles Mingles Puffed Snacks Sharp White Cheddar and Ranch Cheese Puffs - 2 Oz,2.29,,3132,2025-08-25T23:50:36Z,chips-and-dip,True
0065143399847,Spiced Chili Mango - 7 Oz,5.99,,3132,2025-08-25T23:50:36Z,chips-and-dip,True
0083560700019,Oyatsu Babystar Wide Red Chili Ramen Snack  - 2.46 Oz,2.99,,3132,2025-08-25T23:50:36Z,chips-and-dip,True
0002113033345,Signature Select Entertaining Cracker Sweet Chili - 6.5 Oz,3.49,,3132,2025-08-25T23:50:36Z,chips-and-dip,True
0085661700437,Joyfull Bakery Single Serve Original Parmesan Crackers - .75 OZ,1.99,,3132,2025-08-25T23:50:36Z,chips-and-dip,True
0002840070410,Cheetos Minis Flamin Hot 1.5oz - 1.5 OZ,2.29,,3132,2025-08-25T23:50:36Z,chips-and-dip,True
0008411411274,Kettle Brand Backyard Barbeque Kettle Potato Chips - 1.5 Oz,1.79,,3132,2025-08-25T23:50:36Z,chips-and-dip,True
0085661700493,Joyfull Bakery Single Serve Seeded Parmesan Crackers - .75 OZ,1.99,,3132,2025-08-25T23:50:36Z,chips-and-dip,True
0002840037618,Lays Party Size Flamin Hot Potato Chip - 12.5 OZ,5.99,,3132,2025-08-25T23:50:36Z,chips-and-dip,True
0085757800814,Pistachio Nut Bar - 1.4 Oz,2.99,,3132,2025-08-25T23:50:36Z,chips-and-dip,True
0002840076678,Ruffles Smokehouse Bbq 2.25oz - 2.25 OZ,2.69,,3132,2025-08-25T23:50:36Z,chips-and-dip,True
0002840073727,Rold Gold Pretzels Waffles Original - 16 Oz,3.79,,3132,2025-08-25T23:50:36Z,chips-and-dip,True
0008411403333,Kettle Brand Sea Salt & Vinegar Kettle Potato Chips - 2 Oz,1.99,,3132,2025-08-25T23:50:36Z,chips-and-dip,True
0008411411588,Kettle Brand Jalapeno Kettle Potato Chips - 2 Oz,1.99,,3132,2025-08-25T23:50:36Z,chips-and-dip,True
0002840077749,Cheetos Skulls Flamin Hot 2.375oz - 2.375 OZ,2.69,,3132,2025-08-25T23:50:36Z,chips-and-dip,True
0002840076927,Cheetos Puffs Cheese Flavored Snacks Flamin Hot Flavored 2 1/2 Oz - 2.5 OZ,2.69,,3132,2025-08-25T23:50:36Z,chips-and-dip,True
0002113034549,Signature Select Cashews Maple Honey 5 Oz - 5 OZ,4.99,,3132,2025-08-25T23:50:36Z,chips-and-dip,True
0085757800820,Almond Nut Bar - 1.4 Oz,2.99,,3132,2025-08-25T23:50:36Z,chips-and-dip,True
0085661700406,Joyfull Original Seeded Parmesan Cracker - 3.75 Oz,7.99,,3132,2025-08-25T23:50:36Z,chips-and-dip,True
0008707621914,Snak Club Hot Ones Habanero Snack Mix - 4.5 Oz,3.99,,3132,2025-08-25T23:50:36Z,chips-and-dip,True
0002840076822,Funyuns Steakhouse Onion 2oz - 2 OZ,2.69,,3132,2025-08-25T23:50:36Z,chips-and-dip,True
0002840000256,CHEETOS Snacks Cheese Flavored Puffs - 0.875 Oz,0.5,,3132,2025-08-25T23:50:36Z,chips-and-dip,True
0083560700015,Oyatsu Babystar Mini Red Chili Ramen Snack - 2.46 Oz,2.99,,3132,2025-08-25T23:50:36Z,chips-and-dip,True
0065143363011,French Burnt Peanuts - 10 OZ,5.99,,3132,2025-08-25T23:50:36Z,chips-and-dip,True
0002840069136,Tostitos Tortilla Chips Black Bean And Garlic - 9 OZ,5.79,,3132,2025-08-25T23:50:36Z,chips-and-dip,True
0002840071326,Tostitos Mexican Style Three Cheese - 11 Oz,5.79,,3132,2025-08-25T23:50:36Z,chips-and-dip,True
0002113036936,Signature Select Crisps Mini Spicy Maple Cashew 5.3oz - 5.3 OZ,5.99,,3132,2025-08-25T23:50:36Z,chips-and-dip,True
0001411370194,Wonderful No Shell Sweet Cinnamon Pistachios - 5.5 OZ,7.99,,3132,2025-08-25T23:50:36Z,chips-and-dip,True
0002113012887,Signature Select/Farms Natural Unsalted Almonds Multipack - 8-1 Oz,5.99,,3132,2025-08-25T23:50:36Z,chips-and-dip,True
0003800028258,Pringles Mingles Puffed Snacks Cheddar and Sour Cream Cheese Puffs - 2 Oz,2.29,,3132,2025-08-25T23:50:36Z,chips-and-dip,True
0065143326304,Raspberry Cream Pretzels - 9 OZ,7.99,,3132,2025-08-25T23:50:36Z,chips-and-dip,True
0065143399827,Chocolate Blueberries - 12 Oz,9.99,,3132,2025-08-25T23:50:36Z,chips-and-dip,True
0002840070404,Doritos Minis Nacho Cheese 2.3oz - 2.3 OZ,2.29,,3132,2025-08-25T23:50:36Z,chips-and-dip,True
0085462200607,Olina's Natural Wafer Crackers - 3.5 OZ,4.99,,3132,2025-08-25T23:50:36Z,chips-and-dip,True
0065143370125,Espresso Beans Dark Chocolate - 11 OZ,11.99,,3132,2025-08-25T23:50:36Z,chips-and-dip,True
0008411411270,Kettle Brand Krinkle Cut Salt and Fresh Ground Pepper Kettle Potato Chips - 1.5 Oz,1.79,,3132,2025-08-25T23:50:36Z,chips-and-dip,True
0085651600576,Mamma Chia Strawberry Lemonade Squeeze - 4-3.5 OZ,5.49,,3132,2025-08-25T23:50:36Z,chips-and-dip,True
0085000592725,Calpico Mango Pet - 16.9 FZ,2.99,,3132,2025-08-25T23:50:36Z,chips-and-dip,True
0065143399773,Organic Brown Flax - 12 Oz,4.99,,3132,2025-08-25T23:50:36Z,chips-and-dip,True
0065143399986,Jelly Beans Buttered Popcorn - 8 Oz,5.99,,3132,2025-08-25T23:50:36Z,chips-and-dip,True
0001115206315,Wel-Pac Cuttlefish Saki Ika - 2 Oz,4.49,,3132,2025-08-25T23:50:36Z,chips-and-dip,True
0085006447607,Marys Gone Crackers Seaweed Black Sesame 4oz - 4 OZ,5.49,,3132,2025-08-25T23:50:36Z,chips-and-dip,True
0085559600795,Love Corn Variety Pack 6.3oz - 9-.7 OZ,7.99,,3132,2025-08-25T23:50:36Z,chips-and-dip,True
0067852304023,Glutino Chocolate Covered Pretzels Gluten Free - 5.5 Oz,7.99,,3132,2025-08-25T23:50:36Z,chips-and-dip,True
0065143370206,English Almond Toffee - 10 OZ,12.99,,3132,2025-08-25T23:50:36Z,chips-and-dip,True
0065143360107,Green Peas - 7 OZ,4.49,,3132,2025-08-25T23:50:36Z,chips-and-dip,True
0065143399982,Jelly Beans Licorice - 8 Oz,5.99,,3132,2025-08-25T23:50:36Z,chips-and-dip,True
0007699100582,Kettle Walnuts Cinnamon - 8 OZ,6.99,,3132,2025-08-25T23:50:36Z,chips-and-dip,True
0065143380020,Inka Corn - 6 OZ,4.99,,3132,2025-08-25T23:50:36Z,chips-and-dip,True
0002840076928,Chesters Fries Corn Snacks Ranch 3.125 Oz - 3.125OZ,2.69,,3132,2025-08-25T23:50:36Z,chips-and-dip,True
0002840001937,Ruffles Potato Chips Queso Cheese - 6.5 Oz,3.99,,3132,2025-08-25T23:50:36Z,chips-and-dip,True
0065143399988,Wine Board Fruit And Nut - 14 OZ,5.99,,3132,2025-08-25T23:50:36Z,chips-and-dip,True
0065143399976,Chocolate Cinnamon Bears - 11 Oz,8.99,,3132,2025-08-25T23:50:36Z,chips-and-dip,True
0065143360116,Pistachios Roasted Salted - 8 OZ,8.99,,3132,2025-08-25T23:50:36Z,chips-and-dip,True
0065143399983,Jelly Beans Cotton Candy - 8 Oz,5.99,,3132,2025-08-25T23:50:36Z,chips-and-dip,True
0003828110209,Fp Chopped Dates Organic - 9 OZ,3.99,,3132,2025-08-25T23:50:36Z,chips-and-dip,True
0008707651930,Snak Club Peanut Roasted Tangy Chili Honey - 6 OZ,3.99,,3132,2025-08-25T23:50:36Z,chips-and-dip,True
0007114600103,Calbee Hot Spicy Chips - 2.82 Oz,3.99,,3132,2025-08-25T23:50:36Z,chips-and-dip,True
0003432506122,Pistachio Kernels Organic - 5 OZ,7.99,,3132,2025-08-25T23:50:36Z,chips-and-dip,True
0008411403300,Kettle Brand Sea Salt Kettle Potato Chips - 2 Oz,1.99,,3132,2025-08-25T23:50:36Z,chips-and-dip,True
0085757800841,Macadamia Nut Bar - 1.4 Oz,2.99,,3132,2025-08-25T23:50:36Z,chips-and-dip,True
0002840074245,Cheetos Flamin Hot Jumbo Puff Cheese Flavored Snacks - 2.625 Oz.,2.69,,3132,2025-08-25T23:50:36Z,chips-and-dip,True
0081009178033,Siete Puffs Chili Lime - 4 Oz.,3.99,,3132,2025-08-25T23:50:36Z,chips-and-dip,True
0065143370151,Cashew Cranberry & Almond Mix - 9 OZ,6.99,,3132,2025-08-25T23:50:36Z,chips-and-dip,True
0065143360135,Super Antioxidant Mix - 8 OZ,8.99,,3132,2025-08-25T23:50:36Z,chips-and-dip,True
0004886722314,Juantonio's Gluten Free Chilimon Chips - 11 Oz,3.0,,3132,2025-08-25T23:50:36Z,chips-and-dip,True
0065143326423,Granola Banana Nut - 15 OZ,6.99,,3132,2025-08-25T23:50:36Z,chips-and-dip,True
0065143399746,Watermelon Slices - 11 Oz,6.99,,3132,2025-08-25T23:50:36Z,chips-and-dip,True
0065143399703,Choc Pecan Caramel Patties - 9 Oz,8.99,,3132,2025-08-25T23:50:36Z,chips-and-dip,True
0002840077552,Funyuns Hot & Spicy Chicken Ramen 2oz - 2 OZ,2.69,,3132,2025-08-25T23:50:36Z,chips-and-dip,True
0065143370997,Raisins Thompson - 9 OZ,4.99,,3132,2025-08-25T23:50:36Z,chips-and-dip,True
0085001014969,Rob's Backstage Popcorn Mumbai Nights - 4 Oz,4.99,,3132,2025-08-25T23:50:36Z,chips-and-dip,True
0075696317044,Rustic Bakery Black & White Sesame Bites - 4 OZ,5.99,,3132,2025-08-25T23:50:36Z,chips-and-dip,True
0065143399735,Mixed Nuts Carmelized - 9 Oz,9.99,,3132,2025-08-25T23:50:36Z,chips-and-dip,True
0081003148026,Reeses Pretzels Peanut Butter Filled 5oz - 5 OZ,2.99,,3132,2025-08-25T23:50:36Z,chips-and-dip,True
0065143326303,Pretzels Blueberry Cream - 9 OZ,7.99,,3132,2025-08-25T23:50:36Z,chips-and-dip,True
0065143399985,Jelly Beans Fruit Bowl - 8 Oz,5.99,,3132,2025-08-25T23:50:36Z,chips-and-dip,True
0065143399968,Spanish Peanuts - 11 Oz,4.99,,3132,2025-08-25T23:50:36Z,chips-and-dip,True
0490103529114,Amanoya M-Size Himemaru Wasabi - 2.99 Oz,1.79,,3132,2025-08-25T23:50:36Z,chips-and-dip,True
0081410902135,Candy Pop Snickers - 5.25 Oz,4.99,,3132,2025-08-25T23:50:36Z,chips-and-dip,True
0001115214595,Hapi Sriracha Peas - 9.9 Oz,8.49,,3132,2025-08-25T23:50:36Z,chips-and-dip,True
0065143399308,Veggie Chips - 4 Oz,5.99,,3132,2025-08-25T23:50:36Z,chips-and-dip,True
0065143399987,Jelly Beans Sours Mix - 8 Oz,5.99,,3132,2025-08-25T23:50:36Z,chips-and-dip,True
0065143370129,Maltballs Chocolate Peanut Butter - 9 OZ,11.99,,3132,2025-08-25T23:50:36Z,chips-and-dip,True
0002840076706,Doritos Dinamita Xxtra Flamin Hot 3.25oz - 3.25 OZ,2.69,,3132,2025-08-25T23:50:36Z,chips-and-dip,True
0065143399978,Pecans Chocolate Banana Bread - 11 Oz,13.99,,3132,2025-08-25T23:50:36Z,chips-and-dip,True
0081254103014,Fitjoy Pretzel Himlyn Slt - 5 Oz,4.49,,3132,2025-08-25T23:50:36Z,chips-and-dip,True
0065143399825,Dark Chocolate Hawaiian Sea Salt Cashews - 11 Oz,14.99,,3132,2025-08-25T23:50:36Z,chips-and-dip,True
0065143351600,Mixed Nuts - 11 OZ,7.99,,3132,2025-08-25T23:50:36Z,chips-and-dip,True
0002840077079,Doritos Late Night Loaded Taco 2.625oz - 2.62 OZ,2.69,,3132,2025-08-25T23:50:36Z,chips-and-dip,True
0065143399955,Chili Watermelon Rings - 11 OZ,6.99,,3132,2025-08-25T23:50:36Z,chips-and-dip,True
0065143326230,Roasted & Salted Peanuts Prepackaged - 22 Oz.,6.99,,3132,2025-08-25T23:50:36Z,chips-and-dip,True
0086000333191,Top Fox Snacks Chile Lime - 3.5 OZ,3.99,,3132,2025-08-25T23:50:36Z,chips-and-dip,True
0085462200652,Cracker Variety Pack - 10.9 OZ,10.99,,3132,2025-08-25T23:50:36Z,chips-and-dip,True
0075696317040,Rustic Bakery Herbs De Provence Flatbreads - 6 OZ,6.99,,3132,2025-08-25T23:50:36Z,chips-and-dip,True
0065143399962,Raspberry Mini Cremes - 13 OZ,7.99,,3132,2025-08-25T23:50:36Z,chips-and-dip,True
0065143351603,Mango Mix Organic Quad - 13 OZ,9.99,,3132,2025-08-25T23:50:36Z,chips-and-dip,True
0075696316111,Rustic Bakery Chipotle Cayenne Savory Biscuits - 4 Oz,6.99,,3132,2025-08-25T23:50:36Z,chips-and-dip,True
0065143399973,Lady Nails Roasted Salted - 6 Oz,4.49,,3132,2025-08-25T23:50:36Z,chips-and-dip,True
0007681114465,Diamond Of California Pecan Pie Crust - 3.5 Oz,4.49,,3132,2025-08-25T23:50:36Z,chips-and-dip,True
0065143326421,Granola French Vanilla - 13 OZ,6.99,,3132,2025-08-25T23:50:36Z,chips-and-dip,True
0007681180029,Diamond Of Ca Pumpkin Pie Walnuts - 4 Oz,4.49,,3132,2025-08-25T23:50:36Z,chips-and-dip,True
0007114600791,Harvest Snaps Snack Selects White Cheddar Jalapeno - 4.2 OZ,4.79,,3132,2025-08-25T23:50:36Z,chips-and-dip,True
0065143399975,Peanuts Chili Lemon - 10 Oz,4.99,,3132,2025-08-25T23:50:36Z,chips-and-dip,True
0065143399951,Sour Strawberries - 11 OZ,6.99,,3132,2025-08-25T23:50:36Z,chips-and-dip,True
0065143399121,Caramels Dark Chocolate With Sea Salt - 11 OZ,14.99,,3132,2025-08-25T23:50:36Z,chips-and-dip,True
0065143363182,Ladies Energy Mix - 11 OZ,9.99,,3132,2025-08-25T23:50:36Z,chips-and-dip,True
0065143399984,Jelly Beans Berry Blue - 8 Oz,5.99,,3132,2025-08-25T23:50:36Z,chips-and-dip,True
0065143399812,Sour Gummy Bears - 14 Oz,5.99,,3132,2025-08-25T23:50:36Z,chips-and-dip,True
0008707621941,Snak Club Snack Mix Dill Pickle Ranch - 3.5 OZ,3.99,,3132,2025-08-25T23:50:36Z,chips-and-dip,True
0065143326422,Granola Fruit & Nut - 13 OZ,6.99,,3132,2025-08-25T23:50:36Z,chips-and-dip,True
0065143398905,Pistachios Roasted Salted Organic - 8 OZ,11.99,,3132,2025-08-25T23:50:36Z,chips-and-dip,True
0065143370302,Cashews Sea Salt Pepper - 9 OZ,9.99,,3132,2025-08-25T23:50:36Z,chips-and-dip,True
0065143399956,Chili Peach Rings - 11 OZ,6.99,,3132,2025-08-25T23:50:36Z,chips-and-dip,True
0065143362200,Hi Energy Mix - 10 OZ,9.99,,3132,2025-08-25T23:50:36Z,chips-and-dip,True
0065143399694,Cranberries Dark Chocolate - 13 Oz,10.99,,3132,2025-08-25T23:50:36Z,chips-and-dip,True
0002068500142,Cape Cod Sweet Mesquite Barbeque Kettle Cooked Potato Chips - 2.5 Oz,2.29,,3132,2025-08-25T23:50:36Z,chips-and-dip,True
0002410012494,Cheez It Halloween Multipack 30ct - 30 CT,14.99,,3132,2025-08-25T23:50:36Z,chips-and-dip,True
0065143399950,Sour Mango - 9 OZ,6.99,,3132,2025-08-25T23:50:36Z,chips-and-dip,True
0065143326165,Sweet & Salty Trail Mix - 16 OZ,6.99,,3132,2025-08-25T23:50:36Z,chips-and-dip,True
0065143399826,Hawaiian Sea Salt Dark Chocolate Caramels - 12 Oz,12.99,,3132,2025-08-25T23:50:36Z,chips-and-dip,True
0065143311800,Oriental Rice Cracker Mix - 5 OZ,4.49,,3132,2025-08-25T23:50:36Z,chips-and-dip,True
0065143370118,Fruit Gems Natural - 9 OZ,5.99,,3132,2025-08-25T23:50:36Z,chips-and-dip,True
0065143399899,Pink Lemonade Sour Belts - 10 Oz,6.99,,3132,2025-08-25T23:50:36Z,chips-and-dip,True
0065143399960,Dark Chocolate Energy Boost - 10 OZ,8.99,,3132,2025-08-25T23:50:36Z,chips-and-dip,True
0065143399933,Rwb Jordan Almonds - 14 OZ,8.99,,3132,2025-08-25T23:50:36Z,chips-and-dip,True
0065143399959,Dark Choc Pomegranate Gels - 13 OZ,8.99,,3132,2025-08-25T23:50:36Z,chips-and-dip,True
0007114600790,Harvest Snaps Snack Selects Loaded Taco - 4.2 OZ,4.79,,3132,2025-08-25T23:50:36Z,chips-and-dip,True
0065143399830,Dark Chocolate Peanut Butter Pretzels - 9 Oz,7.99,,3132,2025-08-25T23:50:36Z,chips-and-dip,True
0065143399980,Freedom Rings - 10 Oz,5.99,,3132,2025-08-25T23:50:36Z,chips-and-dip,True
0085000755732,Pocket Latte Black Sesame Chocolate Coated Almonds - 3.53 Oz,4.99,,3132,2025-08-25T23:50:36Z,chips-and-dip,True
0085006447605,Marys Gone Crackers Basil Garlic 4oz - 4 OZ,5.49,,3132,2025-08-25T23:50:36Z,chips-and-dip,True
0007684010132,Ben & Jerry's Half Baked Ice Cream Pint - 16 Oz,6.99,,3132,2025-08-25T23:51:12Z,frozen-treats,True
0004767700051,SNICKERS Ice Cream Chocolatey Caramel Peanut Butter Ice Cream Bars - 6 Count,4.49,,3132,2025-08-25T23:51:12Z,frozen-treats,True
0007756713228,Magnum Double Caramel Ice Cream Bars - 9.13 Oz,6.49,,3132,2025-08-25T23:51:12Z,frozen-treats,True
0002113008632,Signature SELECT Dairy Whipped Topping - 8 Oz,2.79,,3132,2025-08-25T23:51:12Z,frozen-treats,True
0007255400154,Nestle Drumstick The Original Vanilla Sundae Cones - 8 Count,8.99,,3132,2025-08-25T23:51:12Z,frozen-treats,True
0002113008828,Signature SELECT Homestyle Vanilla Ice Cream - 1.50 Quart,4.99,,3132,2025-08-25T23:51:12Z,frozen-treats,True
0007255400153,Nestle Drumstick Chocolate Vanilla Caramel Cones Variety Pack - 8 Count,8.99,,3132,2025-08-25T23:51:12Z,frozen-treats,True
0002113008792,Signature SELECT Ice Cream Sandwiches Vanila Flavored - 12-3.5 Fl. Oz.,3.99,,3132,2025-08-25T23:51:12Z,frozen-treats,True
0061278110104,Marie Callender's Dutch Apple Pie Frozen Dessert - 38 Oz,9.99,,3132,2025-08-25T23:51:12Z,frozen-treats,True
0007786500156,FatBoy Cookies And Cream Ice Cream Sandwich - 6 Count,6.99,,3132,2025-08-25T23:51:12Z,frozen-treats,True
0061278110119,Marie Callender's Chocolate Satin Pie Frozen Dessert - 25.6 Oz,9.99,,3132,2025-08-25T23:51:12Z,frozen-treats,True
0085103500323,Yasso Frozen Yogurt Greek Bars Mint Chocolate Chip - 4-3.5 Fl. Oz.,6.79,,3132,2025-08-25T23:51:12Z,frozen-treats,True
0004300000953,Cool Whip Original Whipped Topping - 8 Oz,1.99,,3132,2025-08-25T23:51:12Z,frozen-treats,True
0007756700121,Popsicle Ice Pops Sugar Free Tropicals - 18 Count,6.99,,3132,2025-08-25T23:51:12Z,frozen-treats,True
0007457003310,Haagen-Dazs Vanilla Milk Chocolate Almond Ice Cream Snack Bars - 3 Count,3.5,,3132,2025-08-25T23:51:12Z,frozen-treats,True
0694309042058,Hong Qi Ice Cream Mango 3pc - 7.94 OZ,13.99,,3132,2025-08-25T23:51:12Z,frozen-treats,True
0007756700158,Popsicle Fudgsicle Frozen Dessert No Sugar Added The Original Fudge Pops 18 Count - 21.6 Fl. Oz.,6.99,,3132,2025-08-25T23:51:12Z,frozen-treats,True
0004154860810,Outshine No Sugar Added Strawberry Tangerine And Raspberry Frozen Fruit Pops - 12 Count,6.99,,3132,2025-08-25T23:51:12Z,frozen-treats,True
0005000069659,Nestle Toll House Vanilla Chocolate Chip Cookie Sandwiches - 7 Count,8.99,,3132,2025-08-25T23:51:12Z,frozen-treats,True
0085005051502,Fruit Riot Frozen Candy Sour Mango - 8 Oz,7.99,,3132,2025-08-25T23:51:12Z,frozen-treats,True
0007283008109,Tillamook Old-Fashioned Vanilla Ice Cream - 48 Oz,7.99,,3132,2025-08-25T23:51:12Z,frozen-treats,True
0007684010134,Ben & Jerry's Ice Cream Everything But The - 16 Oz,6.99,,3132,2025-08-25T23:51:12Z,frozen-treats,True
0007120200411,"Dole Whip Pineapple Frozen Treat Cups 4-3.6fz, 14.4 Fz - 4-3.6FZ",6.99,,3132,2025-08-25T23:51:12Z,frozen-treats,True
0086000569520,Bobabam Boba Brown Sugar Kit 4pk - 9.2 OZ,9.49,,3132,2025-08-25T23:51:12Z,frozen-treats,True
0007457002400,Haagen-Dazs Strawberry Ice Cream - 14 Oz,3.5,,3132,2025-08-25T23:51:12Z,frozen-treats,True
0081009263029,Keto Pint Salted Caramel Almond Ice Cream Bars Zero Sugar Added - 4-11 Fl. Oz.,5.99,,3132,2025-08-25T23:51:12Z,frozen-treats,True
0007457065140,Haagen-Dazs Ice Cream Green Tea - 14 Fl. Oz.,3.5,,3132,2025-08-25T23:51:12Z,frozen-treats,True
0471012220497,Brown Sugar Boba Bar Ice Cream - 4-2.82 OZ,6.49,,3132,2025-08-25T23:51:12Z,frozen-treats,True
0007457042854,Haagen-Dazs Ice Cream Bars coffee almond crunch - 3-3 Fl. Oz.,3.5,,3132,2025-08-25T23:51:12Z,frozen-treats,True
0085000197468,Yasso Creamy Mango Frozen Greek Yogurt Bars - 4-4 Fl. Oz.,6.79,,3132,2025-08-25T23:51:12Z,frozen-treats,True
0007457003400,Haagen-Dazs Coffee Ice Cream - 14 Oz,3.5,,3132,2025-08-25T23:51:12Z,frozen-treats,True
0004154831260,Outshine Nsa Strawberry - 15 FZ,5.99,,3132,2025-08-25T23:51:12Z,frozen-treats,True
0085316900255,Jenis Splended Ice Cream Gooey Bttr Cake - 16 OZ,8.99,,3132,2025-08-25T23:51:12Z,frozen-treats,True
0007786500176,Fatboy Cinnamon Churro Ice Cream Sandwich - 16 OZ,6.99,,3132,2025-08-25T23:51:12Z,frozen-treats,True
0007064002522,Halo Top Cookies & Chocolate Brownies Lower Calorie Light Ice Cream Pint - 16 Fl. Oz.,5.99,,3132,2025-08-25T23:51:12Z,frozen-treats,True
0007283002016,Tillamook Chocolate Mudslide Ice Cream Sandwiches Individually Wrapped Multipack - 4-12 Oz,6.99,,3132,2025-08-25T23:51:12Z,frozen-treats,True
0002113009358,Signature SELECT Triple Berry Blend - 48 Oz,14.49,,3132,2025-08-25T23:51:12Z,frozen-treats,True
0004154853698,Dreyer's Rocky Road Collection Churro Dulce De Leche Drive Ice Cream 48fz - 48 FZ,6.49,,3132,2025-08-25T23:51:12Z,frozen-treats,True
0007283008119,Tillamook Mudslide Ice Cream - 48 Oz,7.99,,3132,2025-08-25T23:51:12Z,frozen-treats,True
0002178857700,Biscoff White Chocolate Ice Cream - 1 EA,5.49,,3132,2025-08-25T23:51:12Z,frozen-treats,True
0007756700389,"Breyers Ice Cream Carbsmart Rocky Road, 1.5 Qt - 1.5 QT",6.99,,3132,2025-08-25T23:51:12Z,frozen-treats,True
0007684010132,Ben & Jerry's Half Baked Ice Cream Pint - 16 Oz,6.99,,3132,2025-08-25T23:51:12Z,frozen-treats,True
0007756725423,Breyers Classics Natural Vanilla Ice Cream - 48 Oz,6.99,,3132,2025-08-25T23:51:12Z,frozen-treats,True
0007585600084,Reese's Frozen Dairy Dessert Sandwich Peanut Butter - 4 Oz.,5.49,,3132,2025-08-25T23:51:12Z,frozen-treats,True
0081009263035,Keto Pint Triple Chocolate Crunch Ice Cream Bars Zero Sugar Added - 4-11 Fl. Oz.,5.99,,3132,2025-08-25T23:51:12Z,frozen-treats,True
0007283008118,Tillamook Marionberry Pie Ice Cream - 48 Oz,7.99,,3132,2025-08-25T23:51:12Z,frozen-treats,True
0004154875150,Outshine Fruit Ice Bars Mango 6 Count - 14.7 Fl. Oz.,5.99,,3132,2025-08-25T23:51:12Z,frozen-treats,True
0007756700154,Popsicle Ice Pops Orange Cherry Grape - 18 Count,6.99,,3132,2025-08-25T23:51:12Z,frozen-treats,True
0076982812045,Melona Frozen Dairy Dessert Bars Strawberry - 8-2.37 Fl. Oz.,4.99,,3132,2025-08-25T23:51:12Z,frozen-treats,True
0007064002524,Halo Top Peanut Butter Cookie Dough and Fudge Lower Calorie Light Ice Cream Pint - 16 Fl. Oz.,5.99,,3132,2025-08-25T23:51:12Z,frozen-treats,True
0007332100023,LUIGIS Real Italian Ice Fat Free Lemon And Strawberry - 6-6 Fl. Oz.,4.49,,3132,2025-08-25T23:51:12Z,frozen-treats,True
0085103500323,Yasso Frozen Yogurt Greek Bars Mint Chocolate Chip - 4-3.5 Fl. Oz.,6.79,,3132,2025-08-25T23:51:12Z,frozen-treats,True
0007756728192,Breyers No Sugar Added Vanilla Chocolate Strawberry Frozen Dairy Dessert - 48 Oz,6.99,,3132,2025-08-25T23:51:12Z,frozen-treats,True
0004154807486,Dreyers Edys Ice Cream Slow Churned Light Double Fudge Brownie - 1.5 Quart,6.49,,3132,2025-08-25T23:51:12Z,frozen-treats,True
0007283002018,Tillamook Salted Caramel Ice Cream Sandwiches Individually Wrapped Multipack - 4-12 Oz,6.99,,3132,2025-08-25T23:51:12Z,frozen-treats,True
0002113013691,Signature SELECT Mixed Fruit Family Size - 48 Oz,8.99,,3132,2025-08-25T23:51:12Z,frozen-treats,True
0007756725440,Breyers Butter Pecan Frozen Dairy Dessert - 48 Oz,6.99,,3132,2025-08-25T23:51:12Z,frozen-treats,True
0004154800008,Outshine Nsa Pineapple Lime Mano Mini Pops - 12-1.5FZ,6.99,,3132,2025-08-25T23:51:12Z,frozen-treats,True
0085103500303,Yasso Vanilla Bean Poppables Frozen Greek Yogurt 12 Count - 6.84 Fl. Oz.,6.79,,3132,2025-08-25T23:51:12Z,frozen-treats,True
0007457002310,Haagen-Dazs Dark Chocolate Ice Cream Snack Bars - 3 Count,3.5,,3132,2025-08-25T23:51:12Z,frozen-treats,True
0085006736601,Protein Pints Ice Cream 30g Protein Cookie Dough - 16 OZ,5.99,,3132,2025-08-25T23:51:12Z,frozen-treats,True
0067667000403,Delizza Macarons Assortment 12 Count - 4.65 Oz,6.99,,3132,2025-08-25T23:51:12Z,frozen-treats,True
0007064000663,Bomb Pop Original Ice Pop - 12 Count,4.49,,3132,2025-08-25T23:51:12Z,frozen-treats,True
0002178853700,Biscoff Ice Cream Stick - 9.13 Oz,5.49,,3132,2025-08-25T23:51:12Z,frozen-treats,True
0007457061007,Haagen-Dazs Pineapple Coconut Ice Cream - 14 Oz,3.5,,3132,2025-08-25T23:51:12Z,frozen-treats,True
0085692000553,GoodPop Organic Freezer Pops 20 Count - 30 Fl. Oz.,12.99,,3132,2025-08-25T23:51:12Z,frozen-treats,True
0002113032462,Signature Select Ice Cream Sandwiches Extreme Moose Tracks - 12-3.5 Fl. Oz.,3.99,,3132,2025-08-25T23:51:12Z,frozen-treats,True
0085365500815,Killer Creamery Ice Cream Sanwich Vana - 3.5 FZ,10.99,,3132,2025-08-25T23:51:12Z,frozen-treats,True
0085245500597,Baskin Robbins Praline Cream Ice Cream Bars - 4-2.65 Fl. Oz.,7.99,,3132,2025-08-25T23:51:12Z,frozen-treats,True
0007283008115,Tillamook Rocky Road Ice Cream - 48 Oz,7.99,,3132,2025-08-25T23:51:12Z,frozen-treats,True
0007093499616,My Mochi Ice Cream Ripe Strawberry - 6 - 1.25 Oz,3.49,,3132,2025-08-25T23:51:12Z,frozen-treats,True
0007283008125,Tillamook Peaches And Cream Ice Cream - 48 Oz,7.99,,3132,2025-08-25T23:51:12Z,frozen-treats,True
0004154803985,Dreyers Edys Ice Cream Grand French Vanilla - 1.5 Quart,6.49,,3132,2025-08-25T23:51:12Z,frozen-treats,True
0018685200170,Talenti Dairy Free Sorbetto Summer Strawberry - 1 Pint,6.99,,3132,2025-08-25T23:51:12Z,frozen-treats,True
0007756700391,"Breyers Ice Cream Carbsmart Strawberry Bar, 6-3 Fz, 18 Fz - 6-3 FZ",5.99,,3132,2025-08-25T23:51:12Z,frozen-treats,True
0007684000408,Ben & Jerry's Ice Cream Coffee Fudge Chip 1 Qt - 1 QT,9.99,,3132,2025-08-25T23:51:12Z,frozen-treats,True
0004154803486,Dreyers Edys Ice Cream Slow Churned Light Butter Pecan - 1.5 Quart,6.49,,3132,2025-08-25T23:51:12Z,frozen-treats,True
0007457001310,Haagen-Dazs Vanilla Milk Chocolate Ice Cream Snack Bars - 3 Count,3.5,,3132,2025-08-25T23:51:12Z,frozen-treats,True
0007457063433,"Haagen Dazs Summer Berry Belgian Waffle Cones 4ct, 14.88fz - 14.88 FZ",7.99,,3132,2025-08-25T23:51:12Z,frozen-treats,True
0004154824404,Outshine Grape Frozen Fruit Bars - 6 Count,5.99,,3132,2025-08-25T23:51:12Z,frozen-treats,True
0067667000107,Delizza Puffs Cream Mini Belgian 30 Count - 13.2 Oz,6.49,,3132,2025-08-25T23:51:12Z,frozen-treats,True
0004154861404,Outshine Fruit Ice Bars Lemon 6 Count - 14.7 Fl. Oz.,5.99,,3132,2025-08-25T23:51:12Z,frozen-treats,True
0007283008140,Tillamook Chocolate Collection German Chocolate Cake Ice Cream - 48 Oz,7.99,,3132,2025-08-25T23:51:12Z,frozen-treats,True
0007684048511,Ben & Jerry's The Tonight Dough Ice Cream - 16 Oz,6.99,,3132,2025-08-25T23:51:12Z,frozen-treats,True
0007283008108,Tillamook French Vanilla Ice Cream - 48 Oz,7.99,,3132,2025-08-25T23:51:12Z,frozen-treats,True
0002113008792,Signature SELECT Ice Cream Sandwiches Vanila Flavored - 12-3.5 Fl. Oz.,3.99,,3132,2025-08-25T23:51:12Z,frozen-treats,True
0007457020864,Haagen-Dazs Ice Cream Irish Cream Brownie - 14 Fl. Oz.,3.5,,3132,2025-08-25T23:51:12Z,frozen-treats,True
0004154802385,Dreyers Edys Ice Cream Grand Mocha Almond Fudge - 1.5 Quart,6.49,,3132,2025-08-25T23:51:12Z,frozen-treats,True
0002113008723,Signature SELECT Ice Cream Bars Orange Creamy - 6-2.5 Fl. Oz.,2.99,,3132,2025-08-25T23:51:12Z,frozen-treats,True
0085000197467,Yasso Strawberries And Cream Frozen Greek Yogurt Bars - 4-14 Fl. Oz.,6.79,,3132,2025-08-25T23:51:12Z,frozen-treats,True
0004767748525,DOVE Vanilla & Chocolate Ice Cream Mini Dark Chocolate Ice Cream Bars - 10 Count,4.5,,3132,2025-08-25T23:51:12Z,frozen-treats,True
0085005051500,Fruit Riot Frozen Candy Sour Grapes - 8 Oz,7.99,,3132,2025-08-25T23:51:12Z,frozen-treats,True
0074447347711,So Delicious Dairy Free No Sugar Added Vanilla Bean Coconut Milk Frozen Dessert - 16 Fl. Oz.,5.99,,3132,2025-08-25T23:51:12Z,frozen-treats,True
0002113035254,Signature Select Dairy Dessert Sandwich Vanilla Mini 32 Fz - 16-2.25,5.99,,3132,2025-08-25T23:51:12Z,frozen-treats,True
0007786500177,"Fatboy Birthday Cake Ice Cream Sandwich Pop  4-3.5 Fz  , 14 Fz - 4-3.5 FZ",6.99,,3132,2025-08-25T23:51:12Z,frozen-treats,True
0007064002547,Trolli Grape Strawberry Frozen Gummi Pop 10 Ct 1.65oz - 10 CT,5.99,,3132,2025-08-25T23:51:12Z,frozen-treats,True
0007585600106,Breyers Ice Cream Smores - 1.5 CT,6.99,,3132,2025-08-25T23:51:12Z,frozen-treats,True
0007283007541,Tillamook Sea Salt & Honeycomb Toffee Ice Cream - 16 Oz,4.49,,3132,2025-08-25T23:51:12Z,frozen-treats,True
0007585600110,Klondike Original Ice Cream Bars - 4.5 Fl. Oz.,5.49,,3132,2025-08-25T23:51:12Z,frozen-treats,True
0004154820146,Dreyer's Rocky Road Collection Triple Fudge Brownie Boulevard Ice Cream 48fz - 48 FZ,6.49,,3132,2025-08-25T23:51:12Z,frozen-treats,True
0007756700156,Popsicle Ice Pops Sugar Free Orange Cherry Grape - 18 Count,6.99,,3132,2025-08-25T23:51:12Z,frozen-treats,True
0007457091935,Haagen-Dazs Ice Cream Bars White Chocolate Raspberry - 3-3 Fl. Oz.,7.99,,3132,2025-08-25T23:51:12Z,frozen-treats,True
0004154839636,Oreo Ice Cream - 48 Fl. Oz.,6.49,,3132,2025-08-25T23:51:12Z,frozen-treats,True
0076982816023,Melona Ice Bar Melon - 8-2.7 Fl. Oz.,4.99,,3132,2025-08-25T23:51:12Z,frozen-treats,True
0085000197406,Yasso Fz Grk Ygrt Crml Choc Crunch 4 Ct - 4-2.65 Fl. Oz.,6.79,,3132,2025-08-25T23:51:12Z,frozen-treats,True
0007283008126,Tillamook Waffle Cone Swirl Ice Cream - 48 Oz,7.99,,3132,2025-08-25T23:51:12Z,frozen-treats,True
0007684000429,Ben & Jerry's Ice Cream Cookie Vermontster - 14.4FZ,6.99,,3132,2025-08-25T23:51:12Z,frozen-treats,True
0007457058750,Haagen-dazs Vanilla Milk Chocolate Container - 18 FZ,10.99,,3132,2025-08-25T23:51:12Z,frozen-treats,True
0004767748495,TWIX Ice Cream Bars Vanilla Caramel Chocolatey Cookie Dessert Bar - 12 Count,11.99,,3132,2025-08-25T23:51:12Z,frozen-treats,True
0004154800007,Outshine Fruit Blends Cherry Limeade Bars - 15 FZ,5.99,,3132,2025-08-25T23:51:12Z,frozen-treats,True
0007283008116,Tillamook Chocolate Peanut Butter Ice Cream - 48 Oz,7.99,,3132,2025-08-25T23:51:12Z,frozen-treats,True
0078732520023,Bubbies Ice Cream Mochi Green Tea - 7.5 Oz,4.99,,3132,2025-08-25T23:51:12Z,frozen-treats,True
0004154861604,Outshine Lime Frozen Fruit Bars - 6 Count,5.99,,3132,2025-08-25T23:51:12Z,frozen-treats,True
0007585603114,Klondike Vanilla Ice Cream Sandwiches - 4.23 Fl. Oz.,5.49,,3132,2025-08-25T23:51:12Z,frozen-treats,True
0007756727442,Popsicle Ice Pops Firecracker - 18 Count,6.99,,3132,2025-08-25T23:51:12Z,frozen-treats,True
0007283008141,Tillamook Chocolate Collection Dark Chocolate Cookies & Cream Ice Cream - 48 Oz,7.99,,3132,2025-08-25T23:51:12Z,frozen-treats,True
0002113034684,Overjoyed Assorted Cheesecake Collection - 8 Each,14.99,,3132,2025-08-25T23:51:12Z,frozen-treats,True
0007756708516,Popsicle Ice Pops Jolly Rancher - 18 Count,6.99,,3132,2025-08-25T23:51:12Z,frozen-treats,True
0001182258322,Thrifty Ice Cream Mint And Chip - 48 Fl. Oz.,3.99,,3132,2025-08-25T23:51:12Z,frozen-treats,True
0081007555078,Ofood Bung O Ppang Sweet Potato - 10.5 OZ,9.99,,3132,2025-08-25T23:51:12Z,frozen-treats,True
0007457065057,Haagen-Dazs Vanilla Bean Ice Cream - 14 Oz,3.5,,3132,2025-08-25T23:51:12Z,frozen-treats,True
0007684000290,Ben & Jerry's Americone Dream Non-Dairy Frozen Dessert - 16 oz,6.99,,3132,2025-08-25T23:51:12Z,frozen-treats,True
0007283008106,Tillamook Caramel Toffee Crunch Ice Cream - 48 Oz,7.99,,3132,2025-08-25T23:51:12Z,frozen-treats,True
0007585601113,Klondike Heath Frozen Dairy Dessert Bars - 4 Fl. Oz.,5.49,,3132,2025-08-25T23:51:12Z,frozen-treats,True
0004154862010,Outshine Strawberry Lime And Raspberry Frozen Fruit Pops Variety Pack - 12 Count,6.99,,3132,2025-08-25T23:51:12Z,frozen-treats,True
0007255400153,Nestle Drumstick Chocolate Vanilla Caramel Cones Variety Pack - 8 Count,8.99,,3132,2025-08-25T23:51:12Z,frozen-treats,True
0004154801385,Edy's And Dreyer's  Grand Chocolate Ice Cream - 1.5 Quart,6.49,,3132,2025-08-25T23:51:12Z,frozen-treats,True
0007064001921,Blue Bunny Mini Swirls Classic Mini Cones Frozen Dessert Variety Pack - 8 Count,5.49,,3132,2025-08-25T23:51:12Z,frozen-treats,True
0007457065562,Hagen-dazs Chocolate Cookie Crumble Ice Cream Bars - 3-9 Fl. Oz.,3.5,,3132,2025-08-25T23:51:12Z,frozen-treats,True
0007283008139,Tillamook Chocolate Collection Brownie Batter Ice Cream - 48 Oz,7.99,,3132,2025-08-25T23:51:12Z,frozen-treats,True
0004145811704,EDWARDS Pie Creme Chocolate 2 Slices Frozen - 5.3 Oz,3.99,,3132,2025-08-25T23:51:12Z,frozen-treats,True
0004154804786,Dreyers Edys Ice Cream Slow Churned Light Cookies N Cream - 1.5 Quart,6.49,,3132,2025-08-25T23:51:12Z,frozen-treats,True
0004154800005,Outshine Fruit Blends Tropical Punch Bars - 15 FZ,5.99,,3132,2025-08-25T23:51:12Z,frozen-treats,True
0007756725424,Breyers Mint Chocolate Chip Ice Cream - 48 Oz,6.99,,3132,2025-08-25T23:51:12Z,frozen-treats,True
0007684000236,Ben & Jerry's Peanut Butter Half Baked Ice Cream - 16 Oz,6.99,,3132,2025-08-25T23:51:12Z,frozen-treats,True
0002113009305,Signature SELECT Frozen Unsweetened Whole Strawberries - 16 Oz,4.99,,3132,2025-08-25T23:51:12Z,frozen-treats,True
0002113007211,Lucerne Heavy Whipping Cream - 32 Fl. Oz. (packing may vary),8.99,,3132,2025-08-25T23:51:12Z,frozen-treats,True
0081529400008,Lindy's Homemade Italian Ice Fat Free Gluten Free Watermelon & Strawberry - 6 Fl. Oz.,2.5,,3132,2025-08-25T23:51:12Z,frozen-treats,True
0085515800212,Allie & Sara's Kitchen Plain Crepes  - 35 Oz,13.99,,3132,2025-08-25T23:51:12Z,frozen-treats,True
0007718901728,Its-It Cappuccino Ice Cream Sandwich - 3-5.5 Fl. Oz.,4.5,,3132,2025-08-25T23:51:12Z,frozen-treats,True
0081015151120,REESE'S Peanut Butter Creme Pie - 22.5 Oz,10.49,,3132,2025-08-25T23:51:12Z,frozen-treats,True
0081015151114,HERSHEY'S Chocolate Creme Pie - 21.5 Oz,10.49,,3132,2025-08-25T23:51:12Z,frozen-treats,True
0085006736600,Protein Pints Ice Cream 30g Protein Mint Chip - 16 OZ,5.99,,3132,2025-08-25T23:51:12Z,frozen-treats,True
0007684040021,Ben & Jerry's Strawberry Cheesecake Ice Cream - 16 Oz,6.99,,3132,2025-08-25T23:51:12Z,frozen-treats,True
0007283008110,Tillamook Oregon Strawberry Ice Cream - 48 Oz,7.99,,3132,2025-08-25T23:51:12Z,frozen-treats,True
0085001211716,"Tru Fru Whole Strawberries In Wht & Mlk Choc, 8oz - 8 OZ",6.99,,3132,2025-08-25T23:51:12Z,frozen-treats,True
0007718901908,ITS-IT Ice Cream Sandwiches Vanilla - 12-5.5 Fl. Oz.,11.99,,3132,2025-08-25T23:51:12Z,frozen-treats,True
0004154861204,Outshine Fruit Ice Bars Tangerine 6 Count - 14.7 Fl. Oz.,5.99,,3132,2025-08-25T23:51:12Z,frozen-treats,True
0007684067444,Ben & Jerry's Cherry Garcia Non-Dairy Frozen Dessert - 16 oz,6.99,,3132,2025-08-25T23:51:12Z,frozen-treats,True
0085314900807,Rebel Ice Cream Keto No Sugar Coffee Chip 1 Pint - 473 Ml,6.99,,3132,2025-08-25T23:51:12Z,frozen-treats,True
0007457018098,Häagen-Dazs Strawberry Butter Cookie Ice Cream Cones 4 - 3.72 Fl. Oz.,9.99,,3132,2025-08-25T23:51:12Z,frozen-treats,True
0004154860510,Outshine Fruit Ice Bars No Sugar Added Assorted 12 Count - 18 Fl. Oz.,6.99,,3132,2025-08-25T23:51:12Z,frozen-treats,True
0067667000106,Delizza Eclairs Belgian Custard Cream Mini 30 Count - 14.8 Oz,6.49,,3132,2025-08-25T23:51:12Z,frozen-treats,True
0085103500304,Yasso Frozen Greek Yogurt Sea Salt Caramel Poppables 12 Count 6.84 Fz - 6.84 Fl. Oz.,6.79,,3132,2025-08-25T23:51:12Z,frozen-treats,True
0085316900290,Jenis Ice Cream Brambleberry Crisp 1 Pint - 16 Oz,8.99,,3132,2025-08-25T23:51:12Z,frozen-treats,True
0019568000048,Unlimeat Cake Chapsaruni Strawberry Mochi - 6.4 OZ,5.99,,3132,2025-08-25T23:51:12Z,frozen-treats,True
0007684000409,Ben & Jerrys Strawberries Cream 1 Quart - 1 QT,9.99,,3132,2025-08-25T23:51:12Z,frozen-treats,True
0076982817013,Melona Honeydew Melon Ice Cream Tub  1.5 Qt - 1.5 QT,4.99,,3132,2025-08-25T23:51:12Z,frozen-treats,True
0004154813575,Dreyers Edys Ice Cream Slow Churned Light No Sugar Added Fudge Tracks - 1.5 Quart,6.49,,3132,2025-08-25T23:51:12Z,frozen-treats,True
0002113032338,Signature Select Blueberries Strawberries & Mango Family Size - 48 Oz,10.99,,3132,2025-08-25T23:51:12Z,frozen-treats,True
0007457095003,Haagen-Dazs Pistachio Ice Cream - 14 Oz,3.5,,3132,2025-08-25T23:51:12Z,frozen-treats,True
0007283008143,Tillamook Campfire Peanut Butter Cup Ice Cream - 48 Oz,7.99,,3132,2025-08-25T23:51:12Z,frozen-treats,True
0004100005315,Good Humor Strawberry Shortcake Frozen Dairy Dessert Bars - 6-3 Oz,6.49,,3132,2025-08-25T23:51:12Z,frozen-treats,True
0002113008828,Signature SELECT Homestyle Vanilla Ice Cream - 1.50 Quart,4.99,,3132,2025-08-25T23:51:12Z,frozen-treats,True
0007756722480,REESE'S Peanut Butter Cups & Peanut Butter Swirl Ice Cream - 48 Oz,6.99,,3132,2025-08-25T23:51:12Z,frozen-treats,True
0007283008107,Tillamook Coffee Almond Fudge Ice Cream - 48 Oz,7.99,,3132,2025-08-25T23:51:12Z,frozen-treats,True
0086000569529,Bobabam Boba Strawberry Kit 4pk - 9.2 OZ,9.49,,3132,2025-08-25T23:51:12Z,frozen-treats,True
0002113009851,Lucerne Frozen Dairy Dessert Vanilla 1 Gallon - 3.78 Liter,7.49,,3132,2025-08-25T23:51:12Z,frozen-treats,True
0085808900322,Halo Top Peanut Butter Cup Light Ice Cream Pint - 16 Fl. Oz.,5.99,,3132,2025-08-25T23:51:12Z,frozen-treats,True
0085808900305,Halo Top Low-Calorie Vanilla Bean Light Ice Cream Pint - 16 Fl. Oz.,5.99,,3132,2025-08-25T23:51:12Z,frozen-treats,True
0081841100046,Sambazon Organic Dragon Fruit Cubes - 12 Oz,6.49,,3132,2025-08-25T23:51:12Z,frozen-treats,True
0007457011400,Haagen-Dazss Butter Pecan Ice Cream - 14 Oz,3.5,,3132,2025-08-25T23:51:12Z,frozen-treats,True
0007756700390,Breyers Ice Cream Strawberry Shortcake - 1.5 QT,6.99,,3132,2025-08-25T23:51:12Z,frozen-treats,True
0007585602415,Klondike Reese's Frozen Dairy Dessert Bars - 4 Fl. Oz.,5.49,,3132,2025-08-25T23:51:12Z,frozen-treats,True
0007756700121,Popsicle Ice Pops Sugar Free Tropicals - 18 Count,6.99,,3132,2025-08-25T23:51:12Z,frozen-treats,True
0004154877219,Dreyers Cookie Cobblestone Container - 1.5 QT,6.49,,3132,2025-08-25T23:51:12Z,frozen-treats,True
0007283007539,Tillamook Mudslide Ice Cream - 16 Oz,4.49,,3132,2025-08-25T23:51:12Z,frozen-treats,True
0007990000123,Wymans Mango Berry With Wild Blues - 3 Lb,11.99,,3132,2025-08-25T23:51:12Z,frozen-treats,True
0078732520113,Bubbies Ice Cream Mochi Pistachio - 7.5 Oz,4.99,,3132,2025-08-25T23:51:12Z,frozen-treats,True
0007283007538,Tillamook Chocolate Peanut Butter Ice Cream - 16 Oz,4.49,,3132,2025-08-25T23:51:12Z,frozen-treats,True
0004154802785,Dreyers Edys Ice Cream Grand Strawberry - 1.5 Quart,6.49,,3132,2025-08-25T23:51:12Z,frozen-treats,True
0085000197478,"Yasso Ice Cream Creamy Pineapple Coconut, 4 Ct, 14 Fz - 14 FZ",6.79,,3132,2025-08-25T23:51:12Z,frozen-treats,True
0004154800185,Edy's And Dreyer's  Grand Vanilla Ice Cream - 1.5 Quart,6.49,,3132,2025-08-25T23:51:12Z,frozen-treats,True
0086000978011,CVT Soft Serve Ice Cream Chocolate - 6 OZ,3.49,,3132,2025-08-25T23:51:12Z,frozen-treats,True
0081009263027,Keto Pint Peanut Butter Caramel Ice Cream Bars Zero Sugar Added - 4-11 Fl. Oz.,5.99,,3132,2025-08-25T23:51:12Z,frozen-treats,True
0007457085717,"Haagen Dazs Vanilla Salted Caramel Belgian Waffle Cones  4ct, 14.88 Fz - 14.88 FZ",7.99,,3132,2025-08-25T23:51:12Z,frozen-treats,True
0004154875151,Outshine Cherry Tangerine And Grape Frozen Fruit Pops Variety Pack - 12 Count,6.99,,3132,2025-08-25T23:51:12Z,frozen-treats,True
0002113009415,Signature SELECT Raspberries - 12 Oz,4.99,,3132,2025-08-25T23:51:12Z,frozen-treats,True
0085000197456,Yasso Frozen Greek Yogurt Strawberry Chocolate Crunch - 4-10.6 Fl. Oz.,6.79,,3132,2025-08-25T23:51:12Z,frozen-treats,True
0007239285080,Otter Pops Original Assorted Ice Pops - 80-1 Oz,5.99,,3132,2025-08-25T23:51:12Z,frozen-treats,True
0004154806186,Edy's And Dreyer's Slow Churned Mint Chocolate Chip Light Ice Cream - 1.5 Quart,6.49,,3132,2025-08-25T23:51:12Z,frozen-treats,True
0004154855086,Dreyers Edys Ice Cream Slow Churned Light Cookie Dough - 1.5 Quart,6.49,,3132,2025-08-25T23:51:12Z,frozen-treats,True
0081529400020,Lyndys Homemade Italian Ice Fat Free Gluten Free Mango & Pineapple - 6 Fl. Oz.,2.5,,3132,2025-08-25T23:51:12Z,frozen-treats,True
0004410060990,Lactaid Cc Cookie Dough - 1 QT,6.49,,3132,2025-08-25T23:51:12Z,frozen-treats,True
0007990000169,Wymans Blueberries Wild - 3 Lb,11.99,,3132,2025-08-25T23:51:12Z,frozen-treats,True
0001182258330,Thrifty Ice Cream Rainbow Sherbet - 48 Fl. Oz.,3.99,,3132,2025-08-25T23:51:12Z,frozen-treats,True
0085000968212,Nick's Cookies & Cream Ice Cream - 16 Oz,4.99,,3132,2025-08-25T23:51:12Z,frozen-treats,True
0085001053890,Keto Pint Vanilla Almond Ice Cream Bars Zero Sugar Added - 4-11 Fl. Oz.,5.99,,3132,2025-08-25T23:51:12Z,frozen-treats,True
0002113009499,Signature SELECT Blueberries Whole Unsweetened - 48 Oz,8.99,,3132,2025-08-25T23:51:12Z,frozen-treats,True
0007684000354,Ben & Jerry's Dirt Cake Topped Ice Cream - 15.2 Oz,6.99,,3132,2025-08-25T23:51:12Z,frozen-treats,True
0007332105104,Dippin Dots Cookies & Cream Ice Cream Sundae Cups - 4-4.0FZ,7.99,,3132,2025-08-25T23:51:12Z,frozen-treats,True
0002113033999,Signature Select Sliced Strawberries - 48 Oz,10.49,,3132,2025-08-25T23:51:12Z,frozen-treats,True
0001182258320,Thrifty Ice Cream Pistachio Nut - 48 Fl. Oz.,3.99,,3132,2025-08-25T23:51:12Z,frozen-treats,True
0007283008104,Tillamook Mint Chocolate Chip Ice Cream - 48 Oz,7.99,,3132,2025-08-25T23:51:12Z,frozen-treats,True
0007283008111,Tillamook Chocolate Chip Cookie Dough Ice Cream - 48 Oz,7.99,,3132,2025-08-25T23:51:12Z,frozen-treats,True
0007684000276,Ben & Jerry's Chocolate Peanut Butter Split Ice Cream - 16 Oz,6.99,,3132,2025-08-25T23:51:12Z,frozen-treats,True
0007684010047,Ben & Jerry's Chocolate Fudge Brownie Ice Cream - 16 Oz,6.99,,3132,2025-08-25T23:51:12Z,frozen-treats,True
0085005510901,Baskin Robbins Ice Cream Cke Mnstr 14fz - 14 FZ,4.0,,3132,2025-08-25T23:51:12Z,frozen-treats,True
0007684000386,Ben & Jerry's Ice Cream Churray For Churros - Pint,6.99,,3132,2025-08-25T23:51:12Z,frozen-treats,True
0019064663048,Oatly Fudge Brownig Frozen Dessert - 16 Oz,3.99,,3132,2025-08-25T23:51:12Z,frozen-treats,True
0007684010012,Ben & Jerry's Chubby Hubby Ice Cream Pint - 16 Oz,6.99,,3132,2025-08-25T23:51:12Z,frozen-treats,True
0002113009200,Signature SELECT Mint Chocolate Cookie Crumble Ice Cream - 1.5 Quart,4.99,,3132,2025-08-25T23:51:12Z,frozen-treats,True
0007457036930,Häagen-Dazs Coffee Butter Cookie Ice Cream Cones 4 - 3.72 Fl. Oz.,9.99,,3132,2025-08-25T23:51:12Z,frozen-treats,True
0007255411186,Nestle Vanilla Frozen Dairy Dessert Sandwiches - 6 Count,6.49,,3132,2025-08-25T23:51:12Z,frozen-treats,True
0007255400005,Frollies Watermelon Bars - 6-2.5FZ,4.99,,3132,2025-08-25T23:51:12Z,frozen-treats,True
0007684010035,Ben & Jerry's Chunky Monkey Ice Cream - 16 Oz,6.99,,3132,2025-08-25T23:51:12Z,frozen-treats,True
0007255400154,Nestle Drumstick The Original Vanilla Sundae Cones - 8 Count,8.99,,3132,2025-08-25T23:51:12Z,frozen-treats,True
0078732540041,Bubbies Ice Cream Mochi Ube - 7.5 Oz,4.99,,3132,2025-08-25T23:51:12Z,frozen-treats,True
0002113009855,Lucerne Frozen Dairy Dessert Chocolate 1 Gallon - 3.78 Liter,7.49,,3132,2025-08-25T23:51:12Z,frozen-treats,True
0078732520063,Bubbies Ice Cream Mochi Mango - 7.5 Oz,4.99,,3132,2025-08-25T23:51:12Z,frozen-treats,True
0085103500331,Yasso Frozen Yogurt Greek Bars Chocolate Chip Cookie Dough - 4-3.5 Fl. Oz.,6.79,,3132,2025-08-25T23:51:12Z,frozen-treats,True
0007756700384,Popsicle Ice Cream Spiderman Facepiece 12.17 Fo - 12.17FZ,6.99,,3132,2025-08-25T23:51:12Z,frozen-treats,True
0007684007657,Ben & Jerry's Milk and Cookies Ice Cream - 16 Oz,6.99,,3132,2025-08-25T23:51:12Z,frozen-treats,True
0007684010011,Ben & Jerry's Coffee Toffee Bar Crunch Ice Cream - 16 Oz,6.99,,3132,2025-08-25T23:51:12Z,frozen-treats,True
0007457008005,Haagen-Dazs Mint Chip Ice Cream - 14 Oz,3.5,,3132,2025-08-25T23:51:12Z,frozen-treats,True
0007457070292,Haagen Dazs Triple Chocolate Fudge Belgian Waffle Cones - 14.88 FZ,7.99,,3132,2025-08-25T23:51:12Z,frozen-treats,True
0007255430204,Drumstick Mini Drums Vanilla Sundae Cones - 20 Count,8.99,,3132,2025-08-25T23:51:12Z,frozen-treats,True
0007283007537,Tillamook Vanilla Bean Ice Cream - 16 Oz,4.49,,3132,2025-08-25T23:51:12Z,frozen-treats,True
0007457065149,Haagen-Dazs Vanilla Milk Chocolate Almond Ice Cream Mini Bars - 6 Count,6.99,,3132,2025-08-25T23:51:12Z,frozen-treats,True
0004154816702,Edy's And Dreyer's Rocky Road Collection Salted Caramel Pretzel Path Ice Cream - 1.5 Quart,6.49,,3132,2025-08-25T23:51:12Z,frozen-treats,True
0007684036395,Ben & Jerry's Salted Caramel Core Ice Cream - 16 Oz,6.99,,3132,2025-08-25T23:51:12Z,frozen-treats,True
0002113009320,Signature SELECT Peaches Sliced - 16 Oz,4.99,,3132,2025-08-25T23:51:12Z,frozen-treats,True
0007283008121,Tillamook Udderly Chocolate Ice Cream - 48 Oz,7.99,,3132,2025-08-25T23:51:12Z,frozen-treats,True
0002113008802,Signature SELECT Ice Cream Rocky Road - 1.50 Quart,4.99,,3132,2025-08-25T23:51:12Z,frozen-treats,True
0004767730123,Twix Ice Cream Bars Vanilla Caramel Chocolatey Cookie Dessert Bar - 6 Count,4.49,,3132,2025-08-25T23:51:12Z,frozen-treats,True
0007684010014,Ben & Jerry's New York Super Fudge Chunk Ice Cream - 16 Oz,6.99,,3132,2025-08-25T23:51:12Z,frozen-treats,True
0007457065058,Haagen-Dazs Caramel Cone Ice Cream - 14 Oz,3.5,,3132,2025-08-25T23:51:12Z,frozen-treats,True
0004154804785,Edy's And Dreyer's Grand Cookies N Cream Ice Cream - 1.5 Quart,6.49,,3132,2025-08-25T23:51:12Z,frozen-treats,True
0007064001786,Blue Bunny Mini Swirls Strawberry Shortcake Cones Frozen Dessert - 8 Count,5.49,,3132,2025-08-25T23:51:12Z,frozen-treats,True
0085808900307,Halo Top Strawberry Light Ice Cream Pint - 16 Fl. Oz.,5.99,,3132,2025-08-25T23:51:12Z,frozen-treats,True
0074447347621,So Delicious Dairy Free Dark Chocolate Truffle Cashew Milk Frozen Dessert - 16 Ml,5.99,,3132,2025-08-25T23:51:12Z,frozen-treats,True
0085245500595,Baskin Robbins Ice Cream Bars Mint Chocolate Chip - 4-2.65 Fl. Oz.,7.99,,3132,2025-08-25T23:51:12Z,frozen-treats,True
0004300000953,Cool Whip Original Whipped Topping - 8 Oz,1.99,,3132,2025-08-25T23:51:12Z,frozen-treats,True
0007283008138,Tillamook Chocolate Collection Dark Chocolate Hazelnut Ice Cream - 48 Oz,7.99,,3132,2025-08-25T23:51:12Z,frozen-treats,True
0007684052987,Ben & Jerry's Brownie Batter Core Ice Cream - 16 Oz,6.99,,3132,2025-08-25T23:51:12Z,frozen-treats,True
0002113009272,Lucerne Frozen Dairy Dessert Sherbet Rainbow - 1 Gallon,7.49,,3132,2025-08-25T23:51:12Z,frozen-treats,True
0007684010015,Ben & Jerry's Cherry Garcia Ice Cream - 16 Oz,6.99,,3132,2025-08-25T23:51:12Z,frozen-treats,True
0085005510902,"Baskin Robbins Rainbow Sherbet Ice Cream Bar 4 Ct., 4-2.65 Fz, 10.6 Fz - 4-2.65FZ",7.99,,3132,2025-08-25T23:51:12Z,frozen-treats,True
0081009263033,Keto Pint Mint Crunch Ice Cream Bars Zero Sugar Added - 4-11 Fl. Oz.,5.99,,3132,2025-08-25T23:51:12Z,frozen-treats,True
0085000968266,Nick's Brownie Cookie Dough Ice Cream - 16 Oz,4.99,,3132,2025-08-25T23:51:12Z,frozen-treats,True
0007457000400,Haagen-Dazs Vanilla Ice Cream - 14 Oz,3.5,,3132,2025-08-25T23:51:12Z,frozen-treats,True
0002113009341,Signature SELECT Pineapple Chunks - 16 Oz,4.99,,3132,2025-08-25T23:51:12Z,frozen-treats,True
0076982817014,Melona Banana Ice Cream Tub 1.5 Qt - 1.5 QT,4.99,,3132,2025-08-25T23:51:12Z,frozen-treats,True
0007255485201,Drumstick Chocolate Round Top 8 Count - 36.8 Fl. Oz.,8.99,,3132,2025-08-25T23:51:12Z,frozen-treats,True
0002113020785,Signature SELECT Mango Chunks Family Size - 48 Oz,8.99,,3132,2025-08-25T23:51:12Z,frozen-treats,True
0085245500503,Baskin Robbins Ice Cream Pralines N Cream - 14 Fl. Oz.,4.0,,3132,2025-08-25T23:51:12Z,frozen-treats,True
0007283008136,Tillamook Sugar Cookie Ice Cream - 48 Oz,7.99,,3132,2025-08-25T23:51:12Z,frozen-treats,True
0088219301456,Nature's Premium Fruit Pearls Strawberry Banana - 9.2 Oz,8.49,,3132,2025-08-25T23:51:12Z,frozen-treats,True
0074447300028,So Delicious Dairy Free Chocolate Cookies N’ Cream Cashew Milk Frozen Dessert - Pint,5.99,,3132,2025-08-25T23:51:12Z,frozen-treats,True
0007786500152,FatBoy Vanilla Ice Cream Sandwich - 6 Count,6.99,,3132,2025-08-25T23:51:12Z,frozen-treats,True
0007457025117,Haagen-Dazs Ice Cream Destination Series belgian chocolate - 14 Fl. Oz.,3.5,,3132,2025-08-25T23:51:12Z,frozen-treats,True
0085000197480,"Yasso Ice Cream Fudge Poppables, 6.84 Fz - 6.84 FZ",6.79,,3132,2025-08-25T23:51:12Z,frozen-treats,True
0007684000383,Ben & Jerry's Ice Cream Non Dairy Oat Milk Oatmeal Dream Pie - Pint,6.99,,3132,2025-08-25T23:51:12Z,frozen-treats,True
0002113008795,Signature SELECT Ice Cream Sandwiches Vanilla - 6-3.5 Fl. Oz.,2.99,,3132,2025-08-25T23:51:12Z,frozen-treats,True
0085808900310,Halo Top Mint Chip Light Ice Cream Pint - 16 Fl. Oz.,5.99,,3132,2025-08-25T23:51:12Z,frozen-treats,True
0002113016442,Signature SELECT Lactose Free Cookies & Cream Ice Cream - 1.5 Qt.,4.99,,3132,2025-08-25T23:51:12Z,frozen-treats,True
0005252540427,Campoverde Acai Engergizing Power - 4-8 Oz,13.99,,3132,2025-08-25T23:51:12Z,frozen-treats,True
0003210003404,Sara Lee Cake Pound All Butter Family Size - 16 Oz,7.99,,3132,2025-08-25T23:51:12Z,frozen-treats,True
0007684000288,Ben & Jerry's The Tonight Dough Non-Dairy Frozen Dessert - 16 Oz,6.99,,3132,2025-08-25T23:51:12Z,frozen-treats,True
0004154817354,Oreo Mint Ice Cream - 48 Fl. Oz.,6.49,,3132,2025-08-25T23:51:12Z,frozen-treats,True
0085001211717,Hyper-chilled Nature's Bananas Frozen Fresh In Peanut Butter And Dark Choco - 8 OZ,6.99,,3132,2025-08-25T23:51:12Z,frozen-treats,True
0002113035257,Signature Select Dairy Dessert Sandwich Birthday Cake Mini 36 Fz - 16-2.25,5.99,,3132,2025-08-25T23:51:12Z,frozen-treats,True
0007283008123,Tillamook Oregon Dark Cherry Ice Cream - 48 Oz,7.99,,3132,2025-08-25T23:51:12Z,frozen-treats,True
0002113008822,Signature SELECT Denali Moose Tracks Brownie Ice Cream - 1.50 Quart,4.99,,3132,2025-08-25T23:51:12Z,frozen-treats,True
0007255420059,Disney Mickey Mouse Light Ice Cream Bars - 6 Count,9.99,,3132,2025-08-25T23:51:12Z,frozen-treats,True
0085103500322,Yasso Frozen Yogurt Greek Bars Chocolate Fudge - 4-3.5 Fl. Oz.,6.79,,3132,2025-08-25T23:51:12Z,frozen-treats,True
0007457052400,Haagen-Dazs Vanilla Chocolate Chip Ice Cream - 14 Fl. Oz.,3.5,,3132,2025-08-25T23:51:12Z,frozen-treats,True
0007457008400,Haagen-Dazs Ice Cream Chocolate Chocolate Chip - 14 Fl. Oz.,3.5,,3132,2025-08-25T23:51:12Z,frozen-treats,True
0007064002374,Blue Bunny Soft Mint Chocolate Chip Frozen Dairy Dessert - 46 Fl. Oz.,5.99,,3132,2025-08-25T23:51:12Z,frozen-treats,True
0004154876686,Dreyers Edys Ice Cream Slow Churned Light Chocolate Chip - 1.5 Quart,6.49,,3132,2025-08-25T23:51:12Z,frozen-treats,True
0085808900315,Halo Top Sea Salt Caramel Light Ice Cream Frozen Dessert For Summer - 16 Fl. Oz.,5.99,,3132,2025-08-25T23:51:12Z,frozen-treats,True
0007283002017,Tillamook Vanilla Bean Ice Cream Sandwiches Individually Wrapped Multipack - 4-12 Oz,6.99,,3132,2025-08-25T23:51:12Z,frozen-treats,True
0007120200412,"Dole Whip Mango Frozen Treat Cups 4-3.6 Fluid Ounces, 14.4 Fz - 4-3.6FZ",6.99,,3132,2025-08-25T23:51:12Z,frozen-treats,True
0007255494573,Drumstick We Love Peanut Butter Ice Cream Cones 8 Ct - 8 CT,8.99,,3132,2025-08-25T23:51:12Z,frozen-treats,True
0007585601120,Klondike Original No Sugar Added Dessert Bar Frozen Dairy Dessert Bars - 4 Fl. Oz.,5.49,,3132,2025-08-25T23:51:12Z,frozen-treats,True
0074236521685,Horizon Organic Heavy Whipping Cream Carton - 1 Pint,7.49,,3132,2025-08-25T23:51:12Z,frozen-treats,True
0007255411146,Nestle Drumstick Cookie Dipped Vanilla Fudge Vanilla Caramel Cones Variety Pack - 8 Count,8.99,,3132,2025-08-25T23:51:12Z,frozen-treats,True
0007756713227,Magnum Dark Chocolate Ice Cream Bars - 9.12 Oz,6.49,,3132,2025-08-25T23:51:12Z,frozen-treats,True
0007684000305,Ben & Jerry's Salted Caramel Brownie Topped Ice Cream - 15.2 Oz,6.99,,3132,2025-08-25T23:51:12Z,frozen-treats,True
0007064002154,Halo Top Chocolate Caramel Brownie Light Ice Cream Pint - 16 Fl. Oz.,5.99,,3132,2025-08-25T23:51:12Z,frozen-treats,True
0007756725443,Breyers Rocky Road Frozen Dairy Dessert - 48 Oz,6.99,,3132,2025-08-25T23:51:12Z,frozen-treats,True
0007453484110,"Budget Saver Monster Pops Rocket, 12ct - 12 CT",4.99,,3132,2025-08-25T23:51:12Z,frozen-treats,True
0085245500598,Baskin Robbins Jamoca Almond Fudge Ice Cream Bars - 4-2.65 Fl. Oz.,7.99,,3132,2025-08-25T23:51:12Z,frozen-treats,True
0007684022031,Ben & Jerry's Ice Cream Chocolate Therapy - 16 Oz,6.99,,3132,2025-08-25T23:51:12Z,frozen-treats,True
0007283008114,Tillamook Vanilla Bean Ice Cream - 48 Oz,7.99,,3132,2025-08-25T23:51:12Z,frozen-treats,True
0007283008103,Tillamook Chocolate Ice Cream - 48 Oz,7.99,,3132,2025-08-25T23:51:12Z,frozen-treats,True
0007718909281,Its-it Ice Cream Mini Vanilla Sandwich 6-pack - 6-2.75 OZ,5.49,,3132,2025-08-25T23:51:12Z,frozen-treats,True
0061278110119,Marie Callender's Chocolate Satin Pie Frozen Dessert - 25.6 Oz,9.99,,3132,2025-08-25T23:51:12Z,frozen-treats,True
0002113008738,Signature SELECT Ice Cream Bars Vanilla Sundae - 12-2.5 Fl. Oz.,3.99,,3132,2025-08-25T23:51:12Z,frozen-treats,True
0007064002526,Halo Top Chocolate Fudge Brownie Lower Calorie Light Ice Cream Pint - 16 Fl. Oz.,5.99,,3132,2025-08-25T23:51:12Z,frozen-treats,True
0007756725444,Breyers Chocolate Chip Cookie Dough Frozen Dairy Dessert - 48 Oz,6.99,,3132,2025-08-25T23:51:12Z,frozen-treats,True
0085000968210,Nick's Strawberry Swirl Ice Cream - 16 Oz,4.99,,3132,2025-08-25T23:51:12Z,frozen-treats,True
0005100007501,Pepperidge Farm Snowball Apple Turnovers - 12.5 Oz,6.79,,3132,2025-08-25T23:51:12Z,frozen-treats,True
0004767700051,SNICKERS Ice Cream Chocolatey Caramel Peanut Butter Ice Cream Bars - 6 Count,4.49,,3132,2025-08-25T23:51:12Z,frozen-treats,True
0007756728190,Breyers No Sugar Added Vanilla Frozen Dairy Dessert - 48 Oz,6.99,,3132,2025-08-25T23:51:12Z,frozen-treats,True
0085316900267,Jenis Splended Ice Cream Lemon Blueberry - 16 OZ,8.99,,3132,2025-08-25T23:51:12Z,frozen-treats,True
0007283008105,Tillamook Cookies and Cream Ice Cream - 48 Oz,7.99,,3132,2025-08-25T23:51:12Z,frozen-treats,True
0007756700412,"Popsicle Ice Cream Transformers Facepiece, 12.17 Fz, 6 Count - 12.17FZ",6.99,,3132,2025-08-25T23:51:12Z,frozen-treats,True
0074447347055,So Delicious Frozen Dessert Dairy Free Coconut Milk Mint Chip - 1 Pint,5.99,,3132,2025-08-25T23:51:12Z,frozen-treats,True
0004154800186,Edy's And Dreyer's Slow Churned Classic Vanilla Light Ice Cream - 1.5 Quart,6.49,,3132,2025-08-25T23:51:12Z,frozen-treats,True
0085103500324,Yasso Frozen Yogurt Greek Bars Sea Salt Caramel - 4-3.5 Fl. Oz.,6.79,,3132,2025-08-25T23:51:12Z,frozen-treats,True
0085000968206,Nick's Chocolate Chip Cookie Dough Ice Cream - 16 Oz,4.99,,3132,2025-08-25T23:51:12Z,frozen-treats,True
0007453484400,Budget Saver Cherry Mango Pop - 12 Count,4.99,,3132,2025-08-25T23:51:12Z,frozen-treats,True
0002113019919,Signature SELECT Blueberries Wild Whole Family Size - 40 Oz,8.99,,3132,2025-08-25T23:51:12Z,frozen-treats,True
0007332104406,LUIGIS Real Italian Ice Fat Free Blue Raspberry & Watermelon - 6-6 Fl. Oz.,4.49,,3132,2025-08-25T23:51:12Z,frozen-treats,True
0007283007535,Tillamook Coffee Almond Fudge Ice Cream - 16 Oz,4.49,,3132,2025-08-25T23:51:12Z,frozen-treats,True
0002113008820,Signature SELECT Denali Caramel Caribou Ice Cream - 1.50 Quart,4.99,,3132,2025-08-25T23:51:12Z,frozen-treats,True
0007684000403,Ben & Jerry's Non Dairy Strawberry Cheesecake Ice Cream - Pint,6.99,,3132,2025-08-25T23:51:12Z,frozen-treats,True
0004154801485,Dreyers Edys Ice Cream Grand Chocolate Chip - 1.5 Quart,6.49,,3132,2025-08-25T23:51:12Z,frozen-treats,True
0007684000289,Ben & Jerry's Karamel Sutra Core Non Dairy Frozen Dessert - 16 Oz,6.99,,3132,2025-08-25T23:51:12Z,frozen-treats,True
0007064002371,Blue Bunny Soft Cookies & Creme Frozen Dairy Dessert - 46 Fl. Oz.,5.99,,3132,2025-08-25T23:51:12Z,frozen-treats,True
0007283008144,Tillamook Orange & Cream Ice Cream - 48 Oz,7.99,,3132,2025-08-25T23:51:12Z,frozen-treats,True
0007255460988,Nestle Drumstick Minis Vanilla Frozen Dairy Dessert Cones 20ct .85oz - 16.9 FZ,9.99,,3132,2025-08-25T23:51:12Z,frozen-treats,True
0085808900313,Halo Top Cookies and Cream Light Ice Cream Pint - 16 Fl. Oz.,5.99,,3132,2025-08-25T23:51:12Z,frozen-treats,True
0085316900201,Jenis Splended Ice Creams Ice Cream Dark - PT,8.99,,3132,2025-08-25T23:51:12Z,frozen-treats,True
0007283008132,Tillamook Neapolitan Ice Cream - 48 Oz,7.99,,3132,2025-08-25T23:51:12Z,frozen-treats,True
0007255487026,Nestle Drumstick Crunch Dipped Vanilla Caramel And Vanilla Fudge Cones - 8 Count,8.99,,3132,2025-08-25T23:51:12Z,frozen-treats,True
0004410060986,Lactaid Mint Chocolate Chip Ice Cream - 1 Quart,6.49,,3132,2025-08-25T23:51:12Z,frozen-treats,True
0007684000066,Ben & Jerry's Peanut Butter Half Baked Non Dairy Frozen Dessert - 16 Oz,6.99,,3132,2025-08-25T23:51:12Z,frozen-treats,True
0086001055723,Protein Pints Ice Cream 30g Protein Chocolate - 16 OZ,5.99,,3132,2025-08-25T23:51:12Z,frozen-treats,True
0007283007536,Tillamook Oregon Strawberry Ice Cream - 16 Oz,4.49,,3132,2025-08-25T23:51:12Z,frozen-treats,True
0085000968211,Nick's Cherry Chocolate Ice Cream - 16 Oz,4.99,,3132,2025-08-25T23:51:12Z,frozen-treats,True
0007457058676,Häagen-Dazs Chocolate Butter Cookie Ice Cream Cones 4 - 3.72 Fl. Oz.,9.99,,3132,2025-08-25T23:51:12Z,frozen-treats,True
0085024100883,Tru Fru Raspberries In White & Milk Choc - 8 Oz,6.99,,3132,2025-08-25T23:51:12Z,frozen-treats,True
0002113009972,Signature SELECT Ice Cream Bars Strawberry Flavored Sundae Crunch - 6-3 Fl. Oz.,3.99,,3132,2025-08-25T23:51:12Z,frozen-treats,True
0007756725426,Breyers Original Vanilla Chocolate Strawberry Ice Cream - 48 Oz,6.99,,3132,2025-08-25T23:51:12Z,frozen-treats,True
0002113024246,Signature SELECT Ice Cream With Almonds Pistachio - 1.5 Quart,4.99,,3132,2025-08-25T23:51:12Z,frozen-treats,True
0088219301551,Natures Premium Dessert Pearls Cookies & Cream - 9.2 OZ,8.49,,3132,2025-08-25T23:51:12Z,frozen-treats,True
0007684000431,Ben & Jerry's Ice Cream Turtle Sundae - 14.4 FZ,6.99,,3132,2025-08-25T23:51:12Z,frozen-treats,True
0002113035361,Signature Select Lemon Flower Ice Cream Sandwiches 4-3.38 Fz - 4-3.38F,6.49,,3132,2025-08-25T23:51:12Z,frozen-treats,True
0007064002515,Butterfinger 2.0 Ice Cream Cndy Bar - 6 CT,5.99,,3132,2025-08-25T23:51:12Z,frozen-treats,True
0007064002531,Halo Top Chocolate Chip Cookie Dough Lower Calorie Vanilla Light Ice Cream Pint - 16 Fl. Oz.,5.99,,3132,2025-08-25T23:51:12Z,frozen-treats,True
0007457046203,Haagen-Dazs Ice Cream Destination Series mango - 14 Fl. Oz.,3.5,,3132,2025-08-25T23:51:12Z,frozen-treats,True
0007989311174,Open Nature Fruit Bars Lime - 6 - 2.45 Oz.,4.99,,3132,2025-08-25T23:51:12Z,frozen-treats,True
0007756725420,Breyers Classics Chocolate Ice Cream - 48 Oz,6.99,,3132,2025-08-25T23:51:12Z,frozen-treats,True
0004154875092,Outshine Fruit Ice Bars Pomegranate - 6-2.68 Fl. Oz.,5.99,,3132,2025-08-25T23:51:12Z,frozen-treats,True
0007064002470,Blue Bunny Soft Salted Caramel Frozen Dessert - 46 Fl. Oz.,5.99,,3132,2025-08-25T23:51:12Z,frozen-treats,True
0004100000767,Good Humor Creamsicle Ice Cream Bars - 16.5 Oz,6.49,,3132,2025-08-25T23:51:12Z,frozen-treats,True
0076982817016,Melona Mango Ice Cream Tub 1.5 Qt - 1.5 QT,4.99,,3132,2025-08-25T23:51:12Z,frozen-treats,True
0007786500156,FatBoy Cookies And Cream Ice Cream Sandwich - 6 Count,6.99,,3132,2025-08-25T23:51:12Z,frozen-treats,True
0007585613901,Klondike Mint Chocolate Chip Frozen Dairy Dessert Bars - 4 Fl. Oz.,5.49,,3132,2025-08-25T23:51:12Z,frozen-treats,True
0007457031995,Haagen Dazs City Sweets Black & White Cookie Ice Cream - 14 FZ,7.79,,3132,2025-08-25T23:51:12Z,frozen-treats,True
0007064002369,Blue Bunny Soft Vanilla Frozen Dessert - 46 Fl. Oz.,5.99,,3132,2025-08-25T23:51:12Z,frozen-treats,True
0074447347211,So Delicious Coconut Milk Vanilla Mini Sandwich - 8-2.3 Fl. Oz.,6.49,,3132,2025-08-25T23:51:12Z,frozen-treats,True
0004767748310,M&Ms Vanilla Ice Cream Cookie Sandwiches Reduced Fat Vanilla Ice Cream Cookie Sandwich - 4 Count,5.49,,3132,2025-08-25T23:51:12Z,frozen-treats,True
0004154836174,Dreyers Edys Ice Cream Classic Nestle KITKAT - 1.5 Quart,6.49,,3132,2025-08-25T23:51:12Z,frozen-treats,True
0001182258319,Thrifty Ice Cream Rocky Road - 48 Fl. Oz.,3.99,,3132,2025-08-25T23:51:12Z,frozen-treats,True
0002113008765,Signature SELECT Ice Cream Low Carb Vanilla Bean - 1.5 Quart,4.99,,3132,2025-08-25T23:51:12Z,frozen-treats,True
0007457089659,Haagen Dazs Dulce De Leche Churro Ice Cream Bars,7.49,,3132,2025-08-25T23:51:12Z,frozen-treats,True
0005100007502,Pepperidge Farm Snowball Raspberry Turnovers - 12.5 Oz,6.79,,3132,2025-08-25T23:51:12Z,frozen-treats,True
0007990000121,Wymans Triple Berry Blend Fresh Frozen - 3 Lb,13.99,,3132,2025-08-25T23:51:12Z,frozen-treats,True
0081009263070,Keto Pint Coffee Almond Ice Cream Bars Zero Sugar Added - 4-11 Fl. Oz.,5.99,,3132,2025-08-25T23:51:12Z,frozen-treats,True
0085245500505,Baskin Robbins Ice Cream Chocolate Chip - 14 Fl. Oz.,4.0,,3132,2025-08-25T23:51:12Z,frozen-treats,True
0007684010098,Ben & Jerry's Phish Food Ice Cream Pint - 16 Oz,6.99,,3132,2025-08-25T23:51:12Z,frozen-treats,True
0007283008127,Tillamook Caramel Swirl Ice Cream - 48 Oz,7.99,,3132,2025-08-25T23:51:12Z,frozen-treats,True
0007756722482,Breyers Cookies and Cream Frozen Dairy Dessert - 48 Oz,6.99,,3132,2025-08-25T23:51:12Z,frozen-treats,True
0007684000428,"Ben & Jerry's Non Dairy Chocolate Caramel Brownie,pt - PT",6.99,,3132,2025-08-25T23:51:12Z,frozen-treats,True
0007255427656,OREO Frozen Dairy Dessert Bars - 5 Count,4.99,,3132,2025-08-25T23:51:12Z,frozen-treats,True
0007684000402,Ben & Jerry's Ice Cream Vanilla Fudge Brownie 1 Qt - 1 QT,9.99,,3132,2025-08-25T23:51:12Z,frozen-treats,True
0007255472183,Nestle Drumstick Ice Cream We Love Chocolate Variety Pack -  8 Count,8.99,,3132,2025-08-25T23:51:12Z,frozen-treats,True
0074447347412,So Delicious Dairy Free Coconut Almond Coconut Milk Frozen Dessert Bar - 4-2.3 Oz,6.49,,3132,2025-08-25T23:51:12Z,frozen-treats,True
0007064002460,Blue Bunny Soft Peanut Butter Cup Frozen Dessert - 46 Fl. Oz.,5.99,,3132,2025-08-25T23:51:12Z,frozen-treats,True
0007585606101,Breyers CarbSmart Fudge Bars Frozen Dairy Dessert - 18 Oz,5.99,,3132,2025-08-25T23:51:12Z,frozen-treats,True
0007457097608,Haagen-dazs Coffee Chocolate Brownie Ice Cream - 14 Fl. Oz.,3.5,,3132,2025-08-25T23:51:12Z,frozen-treats,True
0007756700352,Breyers Carbsmart Chocolate Peanut Butter Ice Cream - 1.5 Quart,6.99,,3132,2025-08-25T23:51:12Z,frozen-treats,True
0007684010058,Ben & Jerry's Chocolate Chip Cookie Dough Ice Cream - 16 Oz,6.99,,3132,2025-08-25T23:51:12Z,frozen-treats,True
0007457009400,Haagen-Dazs Vanilla Swiss Almond Ice Cream - 14 Oz,3.5,,3132,2025-08-25T23:51:12Z,frozen-treats,True
0085245500501,Baskin Robbins Ice Cream Mint Chocolate Chip - 14 Fl. Oz.,4.0,,3132,2025-08-25T23:51:12Z,frozen-treats,True
0007457000700,Haagen-Dazs Vanilla Ice Cream - 28 Oz,8.99,,3132,2025-08-25T23:51:12Z,frozen-treats,True
0007684000291,Ben & Jerry's Phish Food Non-Dairy Frozen Dessert - 16 oz,6.99,,3132,2025-08-25T23:51:12Z,frozen-treats,True
0081006772796,REESE'S  Peanut Butter And Milk Chocolate Strawberry Slices Frozen Fruit - 8 Oz,8.49,,3132,2025-08-25T23:51:12Z,frozen-treats,True
0004154851718,Outshine Fruit Ice Bars Peach 6 Count - 14.7 Fl. Oz.,5.99,,3132,2025-08-25T23:51:12Z,frozen-treats,True
0007255411057,Nestle Drumstick Simply Dipped Vanilla Mint Vanilla Fudge Cones Variety Pack - 8 Count,8.99,,3132,2025-08-25T23:51:12Z,frozen-treats,True
0085245500596,Baskin Robbins Choc Chip Bars - 4-2.65 Fl. Oz.,7.99,,3132,2025-08-25T23:51:12Z,frozen-treats,True
0085245500512,Baskin Robbins Ice Cream Rocky Road - 14 Fl. Oz.,4.0,,3132,2025-08-25T23:51:12Z,frozen-treats,True
0007299207802,Mauna Loa Dessert Pops Mango Lilikoi - 2.5 Oz,7.99,,3132,2025-08-25T23:51:12Z,frozen-treats,True
0004145855099,Edwards Midnight Chocolate Pie Slices 2pk - 5.11 OZ,3.99,,3132,2025-08-25T23:51:12Z,frozen-treats,True
0004154802685,Edy's And Dreyer's The Original Rocky Road Ice Cream - 1.5 Quart,6.49,,3132,2025-08-25T23:51:12Z,frozen-treats,True
0002113008794,Signature SELECT Ice Cream Sandwiches Cookies N Cream - 12-3.5 Fl. Oz.,3.99,,3132,2025-08-25T23:51:12Z,frozen-treats,True
0003210008363,Sara Lee Pie Oven Fresh Dutch Apple - 34 Oz,8.49,,3132,2025-08-25T23:51:12Z,frozen-treats,True
0078732520073,Bubbies Ice Cream Mochi Strawberry - 7.5 Oz,4.99,,3132,2025-08-25T23:51:12Z,frozen-treats,True
0007684000297,Ben & Jerry's Colin Kaepernick's Change The Whirled Non-Dairy Frozen Dessert - 16 Oz,6.99,,3132,2025-08-25T23:51:12Z,frozen-treats,True
0086000978010,CVT Soft Serve Ice Cream Vanilla - 6 OZ,3.49,,3132,2025-08-25T23:51:12Z,frozen-treats,True
0085103500363,Yasso Frozen Yogurt Greek Bars Fudge Brownie - 4-3.5 Fl. Oz.,6.79,,3132,2025-08-25T23:51:12Z,frozen-treats,True
0002113035095,Signature Select Ice Cream Brookie Dough 1.5 Qt - 1.5 QT,4.99,,3132,2025-08-25T23:51:12Z,frozen-treats,True
0007989311188,Open Nature Citrus Pop Ups - 6 - 3 Fl. Oz.,4.99,,3132,2025-08-25T23:51:12Z,frozen-treats,True
0005100007625,Pepperidge Farm Frozen Coconut Layer Cake - 19.6 Oz,8.99,,3132,2025-08-25T23:51:12Z,frozen-treats,True
0085000197479,Yasso Ice Cream Cherry Chocolate Crunch 4 Ct. 10.6 Fz - 10.6 FZ,6.79,,3132,2025-08-25T23:51:12Z,frozen-treats,True
0007457065148,Haagen-Dazs Ice Cream Bars Coffee Almond Crunch Snack Size - 6-1.85 Oz,6.99,,3132,2025-08-25T23:51:12Z,frozen-treats,True
0007718901928,Its-It Ice Cream Sandwich - 16.5 Fl. Oz.,4.5,,3132,2025-08-25T23:51:12Z,frozen-treats,True
0007457065176,Haagen-Dazs Ice Cream Java Chip - 14 Fl. Oz.,3.5,,3132,2025-08-25T23:51:12Z,frozen-treats,True
0007457053268,Haagen-Dazs Vanilla Milk Chocolate Almond Ice Cream Bars - 6 Count,9.99,,3132,2025-08-25T23:51:12Z,frozen-treats,True
0004410019300,Lactaid Vanilla Ice Cream - 1 Quart,6.49,,3132,2025-08-25T23:51:12Z,frozen-treats,True
0007457002700,Haagen-Dazs Strawberry Ice Cream - 28 Oz,8.99,,3132,2025-08-25T23:51:12Z,frozen-treats,True
0085245500507,Baskin Robbins Ice Cream Peanut Butter N Chocolate - 14 Fl. Oz.,4.0,,3132,2025-08-25T23:51:12Z,frozen-treats,True
0007756700157,Popsicle Ice Pops Scribblers 18 Count - 21.6 Fl. Oz.,6.99,,3132,2025-08-25T23:51:12Z,frozen-treats,True
0085001211751,Tru Fru Pineapple White Chocolate & Coconut - 8 Oz,6.99,,3132,2025-08-25T23:51:12Z,frozen-treats,True
0001182258323,Thrifty Ice Cream Cookies And Cream - 48 Fl. Oz.,3.99,,3132,2025-08-25T23:51:12Z,frozen-treats,True
0007756725421,Breyers Coffee Frozen Dairy Dessert - 48 Oz,6.99,,3132,2025-08-25T23:51:12Z,frozen-treats,True
0085000968204,Nick's Mint Chocolate Chip Ice Cream - 16 Oz,4.99,,3132,2025-08-25T23:51:12Z,frozen-treats,True
0007457085222,"Haagen Dazs Toasted Almond Fudge Belgian Waffle Cones  4ct, 14.88 Fz - 14.88 FZ",7.99,,3132,2025-08-25T23:51:12Z,frozen-treats,True
0007756700363,Popsicle Ice Cream Spongebob Facepiece - 6 Count,6.99,,3132,2025-08-25T23:51:12Z,frozen-treats,True
0002113008824,Signature SELECT Ice Cream Premium Peanut Butter Chocolate Candy Crunch - 1.5 Quart,4.99,,3132,2025-08-25T23:51:12Z,frozen-treats,True
0088219301553,Nature’s Premium Dessert Pearls Strawberry Cheesecake - 9.2 Oz,8.49,,3132,2025-08-25T23:51:12Z,frozen-treats,True
0085245500543,Baskin Robbins Love Potion 31 Ice Cream - 14 FZ,4.0,,3132,2025-08-25T23:51:12Z,frozen-treats,True
0002113008767,Signature SELECT Ice Cream Low Carb Butter Pecan - 1.5 Quart,4.99,,3132,2025-08-25T23:51:12Z,frozen-treats,True
0002113008949,Signature SELECT Ice Cream Java Chip - 1.5 Quart,4.99,,3132,2025-08-25T23:51:12Z,frozen-treats,True
0002113008793,Signature SELECT Ice Cream Sandwiches Mint Chocolate Chip - 12-3.5 Fl. Oz.,3.99,,3132,2025-08-25T23:51:12Z,frozen-treats,True
0078732520093,Bubbies Ice Cream Mochi Passion Fruitt - 7.5 Oz,4.99,,3132,2025-08-25T23:51:12Z,frozen-treats,True
0004154841362,Outshine Watermelon Frozen Fruit Bars - 6 Count,5.99,,3132,2025-08-25T23:51:12Z,frozen-treats,True
0007585600089,Klondike Hershey Smores Sandwich - 4 CT,6.49,,3132,2025-08-25T23:51:12Z,frozen-treats,True
0003210002011,Sara Lee Cheesecake Original Cream Smooth & Creamy Classic - 17 Oz,7.99,,3132,2025-08-25T23:51:12Z,frozen-treats,True
0002113009951,Signature SELECT Strawberries - 48 Oz,8.99,,3132,2025-08-25T23:51:12Z,frozen-treats,True
0007989316418,O Organics Mixed Berries Family Size - 32 Oz,8.99,,3132,2025-08-25T23:51:12Z,frozen-treats,True
0004410019302,Lactaid Chocolate Ice Cream - 1 Quart,6.49,,3132,2025-08-25T23:51:12Z,frozen-treats,True
0005252540424,Campoverde Blenders Fruit & Veggie Fit & Wellness - 32 Oz,13.99,,3132,2025-08-25T23:51:12Z,frozen-treats,True
0088219301454,Nature's Premium Fruit Pearls Wild Berry - 9.2 Oz,8.49,,3132,2025-08-25T23:51:12Z,frozen-treats,True
0007756700327,Breyers Ice Cream Vanilla Chocolate Strawberry - 1.5 Quart,6.99,,3132,2025-08-25T23:51:12Z,frozen-treats,True
0007756728320,Breyers CarbSmart Chocolate Frozen Dairy Dessert - 48 Oz,6.99,,3132,2025-08-25T23:51:12Z,frozen-treats,True
0005252540552,Campoverde Mango On A Stick  - 4  Count,7.49,,3132,2025-08-25T23:51:12Z,frozen-treats,True
0007718901828,Its-It Mint Ice Cream Sandwich - 16.5 Oz,4.5,,3132,2025-08-25T23:51:12Z,frozen-treats,True
0004154879245,Outshine Creamy Coconut Container - 14.7 FZ,6.99,,3132,2025-08-25T23:51:12Z,frozen-treats,True
0004154800386,Edy's And Dreyer's Slow Churned Vanilla Bean Light Ice Cream - 1.5 Quart,6.49,,3132,2025-08-25T23:51:12Z,frozen-treats,True
0007453490194,Budget Saver Twin Pops Tropics - 18-2.35 Fl. Oz.,4.99,,3132,2025-08-25T23:51:12Z,frozen-treats,True
0007684040007,Ben & Jerry's Vanilla Caramel Fudge Ice Cream - 16 Oz,6.99,,3132,2025-08-25T23:51:12Z,frozen-treats,True
0001182258325,Thrifty Vanilla Ice Cream - 48 Fl. Oz.,3.99,,3132,2025-08-25T23:51:12Z,frozen-treats,True
0007064001086,Blue Bunny Mini Swirls Vanilla Cones Frozen Dessert - 8 Count,5.49,,3132,2025-08-25T23:51:12Z,frozen-treats,True
0002113008791,Signature SELECT Ice Cream Sandwiches Neapolitan - 12-3.5 Fl. Oz.,3.99,,3132,2025-08-25T23:51:12Z,frozen-treats,True
0002113008732,Signature SELECT Frozen Dairy Dessert Fudge Bars Chocolaty - 12-2.5 Fl. Oz.,3.99,,3132,2025-08-25T23:51:12Z,frozen-treats,True
0085000197405,Yasso Bar Frz Vanilla Choc 4pk - 4-2.65 FZ,6.79,,3132,2025-08-25T23:51:12Z,frozen-treats,True
0002113030012,Signature SELECT Ice Cream Sundae Cones Variety Pack - 8-4.6 Fl. Oz.,7.49,,3132,2025-08-25T23:51:12Z,frozen-treats,True
0002113008725,Signature SELECT Ice Cream Bars Root Beer Float Light - 6-2.5 Fl. Oz.,2.99,,3132,2025-08-25T23:51:12Z,frozen-treats,True
0085000968294,Nick's Cheesecake Brownie Ice Cream - 16 Oz,4.99,,3132,2025-08-25T23:51:12Z,frozen-treats,True
0007283008112,Tillamook Chocolate Chip Ice Cream - 48 Oz,7.99,,3132,2025-08-25T23:51:12Z,frozen-treats,True
0007684063503,Ben & Jerry's Ice Cream Pint Salted Caramel Almond - 16 Oz,6.99,,3132,2025-08-25T23:51:12Z,frozen-treats,True
0002113013355,Signature SELECT Ice Cream Black Raspberry Chip - 1.5 QT,4.99,,3132,2025-08-25T23:51:12Z,frozen-treats,True
0085245500502,Baskin Robbins Ice Cream Cookies N Cream - 14 Fl. Oz.,4.0,,3132,2025-08-25T23:51:12Z,frozen-treats,True
0007756722600,Breyers Classics Homemade Vanilla Ice Cream - 48 Oz,6.99,,3132,2025-08-25T23:51:12Z,frozen-treats,True
0068208206011,Helados Mexico Fresa Strawberry Premium Ice & Paleta De Crema Bar All Natur - 18 Fl. Oz.,7.49,,3132,2025-08-25T23:51:12Z,frozen-treats,True
0007756700381,Popsicle Ice Cream Jolly Rancher Sour Patch 29.7 Fz 8ct - 29.7 FZ,6.99,,3132,2025-08-25T23:51:12Z,frozen-treats,True
0007684000430,Ben & Jerry's Ice Cream Dulce Delish - 14.4 FZ,6.99,,3132,2025-08-25T23:51:12Z,frozen-treats,True
0007684000432,Ben & Jerrys Chocolatta Cheesecake - 14.4 FZ,6.99,,3132,2025-08-25T23:51:12Z,frozen-treats,True
0002113035256,Signature Selet Dairy Dessert Sandwich Strawberry Chocolate Chip Mini 36 Fz - 16-2.25,5.99,,3132,2025-08-25T23:51:12Z,frozen-treats,True
0081015151337,Rice Krispies Treats Original Ice Cream - 14 Fl. Oz.,3.99,,3132,2025-08-25T23:51:12Z,frozen-treats,True
0007684010118,Ben & Jerry's Pistachio Ice Cream Pint - 16 Oz,6.99,,3132,2025-08-25T23:51:12Z,frozen-treats,True
0004100000969,"Breyers Hershey Ice Cream Smores Bar, 6-3fz, 18 Fz - 6-3 FZ",7.49,,3132,2025-08-25T23:51:12Z,frozen-treats,True
0007585600051,Klondike Ice Cream Cone Classic Vanilla Chocolate - 8 Count,10.99,,3132,2025-08-25T23:51:12Z,frozen-treats,True
0004767733645,SNICKERS Ice Cream Chocolatey Caramel Peanut Butter Ice Cream Bars - 12 Count,11.99,,3132,2025-08-25T23:51:12Z,frozen-treats,True
0002113007996,Signature SELECT Ice Cream Cups Chocolaty Sundae - 12-3 Oz,6.99,,3132,2025-08-25T23:51:12Z,frozen-treats,True
0007684058076,Ben & Jerry's Peanut Butter and Cookies Non Dairy Frozen Dessert - 16 Oz,6.99,,3132,2025-08-25T23:51:12Z,frozen-treats,True
0003663207398,Silk Dairy Free Heavy Whipping Cream Alternative - 16 Fl. Oz.,4.99,,3132,2025-08-25T23:51:12Z,frozen-treats,True
0007684000177,Ben & Jerry's Chocolate Chip Cookie Dough Core Ice Cream - 16 Oz,6.99,,3132,2025-08-25T23:51:12Z,frozen-treats,True
0007684010004,Ben & Jerry's Mint Chocolate Cookie Ice Cream - 16 Oz,6.99,,3132,2025-08-25T23:51:12Z,frozen-treats,True
0074447347613,So Delicious Frozen Dessert Dairy Free Cashewmilk Salted Caramel Cluster - 1 Pint,5.99,,3132,2025-08-25T23:51:12Z,frozen-treats,True
0002113009261,Signature SELECT Ice Cream Vanilla Bean - 1.5 Quart,4.99,,3132,2025-08-25T23:51:12Z,frozen-treats,True
0007064002462,Blue Bunny Mint Chocolate Twist Pint - 16 Fl. Oz.,5.99,,3132,2025-08-25T23:51:12Z,frozen-treats,True
0007453484200,Budget Saver Cherry Pineapple Monster Pops - 12 Count,4.99,,3132,2025-08-25T23:51:12Z,frozen-treats,True
0074447300030,So Delicious Frozen Dessert Bars Cashewmilk Dipped Salted Caramel - 4-2.3 Fl. Oz.,6.49,,3132,2025-08-25T23:51:12Z,frozen-treats,True
0004154802686,Dreyers Edys Ice Cream Slow Churned Light Rocky Road - 1.5 Quart,6.49,,3132,2025-08-25T23:51:12Z,frozen-treats,True
0007756745728,Breyers Original Chocolate Truffle Light Ice Cream - 48 Oz,6.99,,3132,2025-08-25T23:51:12Z,frozen-treats,True
0007786500171,FatBoy Cookies N Cream Sea Salt Ice Cream Sandwich Package - 4-16 Fl. Oz.,6.99,,3132,2025-08-25T23:51:12Z,frozen-treats,True
0007756700351,Breyers Ice Cream Pistachio Almond - 1.5 Qt,6.99,,3132,2025-08-25T23:51:12Z,frozen-treats,True
0007684000235,Ben & Jerry's Gimme Smore Ice Cream - 16 Oz,6.99,,3132,2025-08-25T23:51:12Z,frozen-treats,True
0007064002351,Bomb Pop Candy Clash Ice Pops - 12 Count,4.49,,3132,2025-08-25T23:51:12Z,frozen-treats,True
0002113017620,Signature SELECT Ice Cream Cones Vanilla Original - 8 CT,7.49,,3132,2025-08-25T23:51:12Z,frozen-treats,True
0007989311173,Open Nature Fruit Bars Strawberry - 6-2.45 Oz,4.99,,3132,2025-08-25T23:51:12Z,frozen-treats,True
0007299207801,Mauna Loa Dessert Pops Strawberry Guava - 2.5 Oz,7.99,,3132,2025-08-25T23:51:12Z,frozen-treats,True
0085245500510,Baskin Robbins Ice Cream Chocolate Fudge - 14 Fl. Oz.,4.0,,3132,2025-08-25T23:51:12Z,frozen-treats,True
0007786500107,FatBoy Premium Vanilla Mini Jr. Ice Cream Sandwich - 9 Count,6.99,,3132,2025-08-25T23:51:12Z,frozen-treats,True
0007756725438,Breyers Classics French Vanilla Ice Cream - 48 Oz,6.99,,3132,2025-08-25T23:51:12Z,frozen-treats,True
0085314900813,Rebel Ice Cream Salted Caramel 1 Pint - 473 Ml,6.99,,3132,2025-08-25T23:51:12Z,frozen-treats,True
0005100007623,Pepperidge Farm Frozen Chocolate Fudge Layer Cake - 19.6 Oz,8.99,,3132,2025-08-25T23:51:12Z,frozen-treats,True
0004410019313,Lactaid Cookies And Cream Ice Cream - 1 Quart,6.49,,3132,2025-08-25T23:51:12Z,frozen-treats,True
0086001055725,Protein Pints Ice Cream 30g Protein Peanut Butter Cup - 16 OZ,5.99,,3132,2025-08-25T23:51:12Z,frozen-treats,True
0002113008800,Signature SELECT Ice Cream Vanilla - 1.50 Quart,4.99,,3132,2025-08-25T23:51:12Z,frozen-treats,True
0007064001347,Weight Watchers Chocolate Fudge Ice Cream Giant Bar Pack - 6 Count,6.49,,3132,2025-08-25T23:51:12Z,frozen-treats,True
0081006772798,REESE'S Peanut Butter And Milk Chocolate Banana Slices Frozen Fruit - 8 Oz,8.49,,3132,2025-08-25T23:51:12Z,frozen-treats,True
0085001211727,Tru Fru Strawberry Milk Chocolate Frozen - 20 OZ,16.99,,3132,2025-08-25T23:51:12Z,frozen-treats,True
0007457092849,Haagen Dazs Vanilla Caramel Pecan Ice Cream - 14 Fl. Oz.,3.5,,3132,2025-08-25T23:51:12Z,frozen-treats,True
0081529400036,Lindys Homemade Italian Ice Rspbry Chry - 36 OZ,2.5,,3132,2025-08-25T23:51:12Z,frozen-treats,True
0007255427399,OREO Frozen Dairy Dessert Cones - 8 Count,8.99,,3132,2025-08-25T23:51:12Z,frozen-treats,True
0004300001084,Cool Whip Zero Sugar Whipped Topping - 8 Oz,1.99,,3132,2025-08-25T23:51:12Z,frozen-treats,True
0007457030605,Haagen-dazs Chocolate Dark Chocolate 1.85floz Container - 11.1 FZ,8.29,,3132,2025-08-25T23:51:12Z,frozen-treats,True
0002113008881,Signature SELECT Dulche De Leche Premium Ice Cream - 1.50 Quart,4.99,,3132,2025-08-25T23:51:12Z,frozen-treats,True
0007457081011,Haagen-Dazs Dulce de Leche Ice Cream - 14 Oz,3.5,,3132,2025-08-25T23:51:12Z,frozen-treats,True
0002113009136,Signature SELECT Ice Cream Fudge Bars - 24-2.5 Fl. Oz.,8.99,,3132,2025-08-25T23:51:12Z,frozen-treats,True
0007064002546,Trolli Cherry Lemon Frozen Gummi Pop 10 Ct 1.65oz - 10 CT,5.99,,3132,2025-08-25T23:51:12Z,frozen-treats,True
0007064002523,Halo Top Caramel Dark Chocolate Cookie Crunch Lower Calorie Light Ice Cream Pint - 16 Fl. Oz.,5.99,,3132,2025-08-25T23:51:12Z,frozen-treats,True
0004767739129,DOVE Vanilla Ice Cream Bars Coated With Dark Chocolate Dessert - 3 Count,4.5,,3132,2025-08-25T23:51:12Z,frozen-treats,True
0002113009948,Signature SELECT Blackberries Whole Frozen - 12 Oz,4.99,,3132,2025-08-25T23:51:12Z,frozen-treats,True
0007255411119,Drumstick Lil Drums Vanilla And Chocolate With Chocolatey Swirls Cones - 12 Count,8.99,,3132,2025-08-25T23:51:12Z,frozen-treats,True
0007684010081,Ben & Jerry's Peanut Butter Cup Ice Cream - 16 Oz,6.99,,3132,2025-08-25T23:51:12Z,frozen-treats,True
0004154806185,Edy's And Dreyer's  Grand Mint Chocolate Chip Ice Cream - 1.5 Quart,6.49,,3132,2025-08-25T23:51:12Z,frozen-treats,True
0019064663018,Oatly Strawberry Frozen Dessert - 16 Oz,3.99,,3132,2025-08-25T23:51:12Z,frozen-treats,True
0002113035255,Signature Select Dairy Dessert Sandwich Peanut Butter Chocolate Chip Mini 36 Fz - 16-2.25,5.99,,3132,2025-08-25T23:51:12Z,frozen-treats,True
0085314900821,Rebel Ice Cream Pistachio - 1 PT,6.99,,3132,2025-08-25T23:51:12Z,frozen-treats,True
0002113009852,Lucerne Frozen Dairy Dessert Neapolitan 1 Gallon - 3.78 Liter,7.49,,3132,2025-08-25T23:51:12Z,frozen-treats,True
0002113009949,Signature SELECT Cherries Dark Unsweetened - 12 Oz,4.99,,3132,2025-08-25T23:51:12Z,frozen-treats,True
0007756725427,Breyers Ice Cream Original Cherry Vanilla - 48 Oz,6.99,,3132,2025-08-25T23:51:12Z,frozen-treats,True
0002113008826,Signature SELECT Ice Cream Cookies & Cream - 1.50 Quart,4.99,,3132,2025-08-25T23:51:12Z,frozen-treats,True
0061278110150,Marie Callender's Razzleberry Pie Frozen Dessert - 40 Oz,9.99,,3132,2025-08-25T23:51:12Z,frozen-treats,True
0007027248011,Reddi Wip Keto Friendly Gluten Free Zero Sugar Whipped Topping Spray Can - 6.65 Oz,3.0,,3132,2025-08-25T23:51:12Z,frozen-treats,True
0081010216052,Nick's Swedish Choklad Swirl Ice Cream Stick Bar 4 Count - 11.2 Oz,8.49,,3132,2025-08-25T23:51:12Z,frozen-treats,True
0007756727105,Magnum Double Raspberry Ice Cream Bar - 3 Count,6.49,,3132,2025-08-25T23:51:12Z,frozen-treats,True
0074447349213,So Delicious Dairy Free Dipped Mocha Almond Fudge Almond Milk Frozen Dessert Bar - 4-1 Ml,6.49,,3132,2025-08-25T23:51:12Z,frozen-treats,True
0007255400003,"Frollies Pineapple Bars, 6 Ct, 15 Fz - 6-2.5 FZ",4.99,,3132,2025-08-25T23:51:12Z,frozen-treats,True
0002113008862,Signature SELECT Ice Cream Vanilla Bean Churned Light - 1.50 Quart,4.99,,3132,2025-08-25T23:51:12Z,frozen-treats,True
0002113009313,Signature SELECT Berries Whole Mixed - 12 Oz,4.99,,3132,2025-08-25T23:51:12Z,frozen-treats,True
0007684058074,Ben & Jerry's Chocolate Fudge Brownie Non-Dairy Frozen Dessert - 16 oz,6.99,,3132,2025-08-25T23:51:12Z,frozen-treats,True
0007756726530,Breyers Snickers Light Ice Cream - 48 Oz,6.99,,3132,2025-08-25T23:51:12Z,frozen-treats,True
0002113008808,Signature SELECT Butter Pecan Ice Cream - 1.50 Quart,4.99,,3132,2025-08-25T23:51:12Z,frozen-treats,True
0085245500565,Baskin Robbins Icing On The Cake - 14 FZ,4.0,,3132,2025-08-25T23:51:12Z,frozen-treats,True
0002113008830,Signature SELECT Ice Cream Vanilla Light - 1.50 Quart,4.99,,3132,2025-08-25T23:51:12Z,frozen-treats,True
0002113009854,Lucerne Frozen Dairy Dessert Cookies & Cream 1 Gallon - 3.78 Liter,7.49,,3132,2025-08-25T23:51:12Z,frozen-treats,True
0007684010154,Ben & Jerry's Karamel Sutra Core Ice Cream Pint - 16 Oz,6.99,,3132,2025-08-25T23:51:12Z,frozen-treats,True
0085314900837,Rebel Ice Cream Chocolate Dipped Vanilla Bar - 10.6 OZ,5.99,,3132,2025-08-25T23:51:12Z,frozen-treats,True
0003260102608,Earthbound Farm Organic Frozen Blueberries - 2 Lb,9.99,,3132,2025-08-25T23:51:12Z,frozen-treats,True
0007585600105,Klondike Ice Cream Cone Strawberry Shortcake - 30 FZ,10.99,,3132,2025-08-25T23:51:12Z,frozen-treats,True
0085003702225,Dr Bombay Ice Cream Rollin In The Dough - 1 Pint,7.99,,3132,2025-08-25T23:51:12Z,frozen-treats,True
0007989316371,Open Nature Watermelon Fruit Bars - 6-2.45 Fl. Oz.,4.99,,3132,2025-08-25T23:51:12Z,frozen-treats,True
0085314900822,Rebel Chocolate Caramel Nut Ice Cream - 16 Fl. Oz.,6.99,,3132,2025-08-25T23:51:12Z,frozen-treats,True
0085000968202,Nick's Coffee Chocolate Chip Ice Cream - 16 Oz,4.99,,3132,2025-08-25T23:51:12Z,frozen-treats,True
0004154891274,Outshine Strawberry Fruit Bars - 12-2.5 Fl. Oz.,9.49,,3132,2025-08-25T23:51:12Z,frozen-treats,True
0085316900253,Jenis Ice Cream Brown Butter Almond Brittle 1 Pint - 16 Oz,8.99,,3132,2025-08-25T23:51:12Z,frozen-treats,True
0007756725434,Breyers Natural Strawberry Ice Cream - 48 Oz,6.99,,3132,2025-08-25T23:51:12Z,frozen-treats,True
0007457003700,Haagen-Dazs Coffee Ice Cream - 28 Oz,8.99,,3132,2025-08-25T23:51:12Z,frozen-treats,True
0007989316415,O Organcis Blueberries Family Size - 32 Oz,9.99,,3132,2025-08-25T23:51:12Z,frozen-treats,True
0007756700365,Popsicle Ice Cream Minions Facepiece - 12.17 Fl. Oz.,6.99,,3132,2025-08-25T23:51:12Z,frozen-treats,True
0002113008810,Signature SELECT Ice Cream Strawberry Cheesecake - 1.5 Quart,4.99,,3132,2025-08-25T23:51:12Z,frozen-treats,True
0002113008819,Signature SELECT Denali Chocolate Moose Tracks Ice Cream - 1.50 Quart,4.99,,3132,2025-08-25T23:51:12Z,frozen-treats,True
0081015151301,Kellogg’s Froot Loop Ice Cream - 14 Fl. Oz.,3.99,,3132,2025-08-25T23:51:12Z,frozen-treats,True
0085245500554,Baskin Robbins Ice Cream Daiquiri Ice - 14 Fl. Oz.,4.0,,3132,2025-08-25T23:51:12Z,frozen-treats,True
0061278110109,Marie Callender's Banana Cream Pie Frozen Dessert - 34.9 Oz,9.99,,3132,2025-08-25T23:51:12Z,frozen-treats,True
0002113016418,Signature SELECT Ice Cream Chocolate Fudge Brownie - 1.5 QT,4.99,,3132,2025-08-25T23:51:12Z,frozen-treats,True
0002113008790,Signature SELECT/Lucerne Ice Cream Sandwiches Vanila Flavored - 24-3.5 Fl. Oz.,8.99,,3132,2025-08-25T23:51:12Z,frozen-treats,True
0085000968213,Nick's Birthday Cake Ice Cream - 16 Oz,4.99,,3132,2025-08-25T23:51:12Z,frozen-treats,True
0007255400004,Frollies Strawberry Bars 6 Ct - 6-2.5 FZ,4.99,,3132,2025-08-25T23:51:12Z,frozen-treats,True
0007064002465,Blue Bunny Strawberries And Cream Twist Pint - 16 Fl. Oz.,5.99,,3132,2025-08-25T23:51:12Z,frozen-treats,True
0019064663122,Oatly Dessert Frozen Vanilla No Dairy - 32 OZ,6.99,,3132,2025-08-25T23:51:12Z,frozen-treats,True
0086001055726,Protein Pints Ice Cream 30g Protein Strawberry - 16 OZ,5.99,,3132,2025-08-25T23:51:12Z,frozen-treats,True
0002113016419,Signature SELECT Ice Cream Peach Cobbler - 1.5 QT,4.99,,3132,2025-08-25T23:51:12Z,frozen-treats,True
0007453490164,Budget Saver Twin Pops Assorted - 18 Count,4.99,,3132,2025-08-25T23:51:12Z,frozen-treats,True
0007684000254,Ben & Jerry's Netflix And Chilll'D Ice Cream - 16 Oz,6.99,,3132,2025-08-25T23:51:12Z,frozen-treats,True
0007457022403,Haagen Dazs Dulce De Leche 3 Count Bar - 9 Oz,3.5,,3132,2025-08-25T23:51:12Z,frozen-treats,True
0007093499601,My Mochi Sweet Mango Mochi Ice Cream 6 Count - 9.1 Oz,3.49,,3132,2025-08-25T23:51:12Z,frozen-treats,True
0007064002527,Halo Top Cherry Chocolate Chunk Lower Calorie Light Ice Cream Pint - 16 Fl. Oz.,5.99,,3132,2025-08-25T23:51:12Z,frozen-treats,True
0002113008813,Signature SELECT Black Walnut Ice Cream - 1.50 Quart,4.99,,3132,2025-08-25T23:51:12Z,frozen-treats,True
0007283007534,Tillamook Mint Chocolate Chip Ice Cream - 16 Oz,4.49,,3132,2025-08-25T23:51:12Z,frozen-treats,True
0007457008205,Haagen-Dazs Ice Cream Cup Dulce De Leche Cup - 3.6 Fl. Oz.,1.25,,3132,2025-08-25T23:51:12Z,frozen-treats,True
0007684040005,Ben & Jerry's Vanilla Ice Cream Pint - 16 Oz,6.99,,3132,2025-08-25T23:51:12Z,frozen-treats,True
0007457061739,Haagen-Dazs City Sweets Dulce De Leche Churro Ice Cream - 14 Fl. Oz.,7.79,,3132,2025-08-25T23:51:12Z,frozen-treats,True
0085003267702,Sweet Nothings Kid Strawberry Beet Smoothie - 12 Fl. Oz.,6.99,,3132,2025-08-25T23:51:12Z,frozen-treats,True
0081015151116,Mounds Coconut Creme Pie 23.5 Oz - 23.5 OZ,10.49,,3132,2025-08-25T23:51:12Z,frozen-treats,True
0007684000405,Ben & Jerry's Ice Cream Peanut Butter Smore - Pint,6.99,,3132,2025-08-25T23:51:12Z,frozen-treats,True
0007093499605,My/Mo Ice Crm Mochi Cookie Crm - 6 Count,3.49,,3132,2025-08-25T23:51:12Z,frozen-treats,True
0061278110104,Marie Callender's Dutch Apple Pie Frozen Dessert - 38 Oz,9.99,,3132,2025-08-25T23:51:12Z,frozen-treats,True
0085003267703,Sweet Nothings Kid Mango Carrot Smoothie - 12 Fl. Oz.,6.99,,3132,2025-08-25T23:51:12Z,frozen-treats,True
0007457001700,Haagen-Dazs Ice Cream Chocolate - 28 Fl. Oz.,8.99,,3132,2025-08-25T23:51:12Z,frozen-treats,True
0007064002461,Blue Bunny Chocolate Vanilla Twist Pint - 16 Fl. Oz.,5.99,,3132,2025-08-25T23:51:12Z,frozen-treats,True
0085003702232,Dr Bombay Ice Cream Almond Fudge - 1 Pint,7.99,,3132,2025-08-25T23:51:12Z,frozen-treats,True
0081006772751,HERSHEY'S Milk Chocolate Covered Strawberries Frozen Fruit - 8 Oz,8.49,,3132,2025-08-25T23:51:12Z,frozen-treats,True
0081006772749,HERSHEY'S Cookies N' Crème Strawberries Frozen Fruit - 8 Oz,8.49,,3132,2025-08-25T23:51:12Z,frozen-treats,True
0081015151122,HEATH Toffee Apple Pie - 33 Oz,10.49,,3132,2025-08-25T23:51:12Z,frozen-treats,True
0007756725005,Breyers Ice Cream Original Extra Creamy Chocolate - 48 Oz,6.99,,3132,2025-08-25T23:51:12Z,frozen-treats,True
0002113007995,Signature SELECT Ice Cream Cup Strawberry Sundae - 12-3 Oz,6.99,,3132,2025-08-25T23:51:12Z,frozen-treats,True
0004154864807,Outshine Lime Tangerine Lemon Fruit Bar - 18 Fl. Oz.,7.79,,3132,2025-08-25T23:51:12Z,frozen-treats,True
0004154873886,Dreyers Edys Ice Cream Slow Churned Light Chocolate - 1.5 Quart,6.49,,3132,2025-08-25T23:51:12Z,frozen-treats,True
0002113150901,Marie Callender's Apple Pie Frozen Dessert -2-10 Oz,3.79,,3132,2025-08-25T23:51:12Z,frozen-treats,True
0002113013353,Signature SELECT Ice Cream Unicorn Cotton Candy - 1.5 QT,4.99,,3132,2025-08-25T23:51:12Z,frozen-treats,True
0004145854891,Edwards Singles Cheesecake Cheesecake - 5.4 Oz,3.99,,3132,2025-08-25T23:51:12Z,frozen-treats,True
0085000968215,Nick's Peanut Butter Cup Ice Cream - 16 Oz,4.99,,3132,2025-08-25T23:51:12Z,frozen-treats,True
0002113007937,Lucerne Whipped Topping Original - 13 Oz,4.99,,3132,2025-08-25T23:51:12Z,frozen-treats,True
0002113008857,Signature SELECT Light Caribou Caramel Ice Cream - 1.50 Quart,4.99,,3132,2025-08-25T23:51:12Z,frozen-treats,True
0004767747229,MILKY WAY Chocolatey Ice Cream Bars with Caramel and a Milk Chocolatey Coating - 6 Count,4.49,,3132,2025-08-25T23:51:12Z,frozen-treats,True
0007064002528,Halo Top Strawberry Cheesecake Lower Calorie Light Ice Cream Pint - 16 Fl. Oz.,5.99,,3132,2025-08-25T23:51:12Z,frozen-treats,True
0007756725425,Breyers Vanilla Chocolate Ice Cream - 48 Oz,6.99,,3132,2025-08-25T23:51:12Z,frozen-treats,True
0081015151295,Kellogg’s Frosted Flake Ice Cream - 14 Fl. Oz.,3.99,,3132,2025-08-25T23:51:12Z,frozen-treats,True
0007064002372,Blue Bunny Soft Strawberry Flavored Frozen Dairy Dessert - 46 Fl. Oz.,5.99,,3132,2025-08-25T23:51:12Z,frozen-treats,True
0004767739128,DOVE Vanilla Ice Cream Bars Coated With Milk Chocolate Dessert - 3 Count,4.5,,3132,2025-08-25T23:51:12Z,frozen-treats,True
0078732520223,Bubbies Chocolate Peanut Butter - 7.5 Oz,7.49,,3132,2025-08-25T23:51:12Z,frozen-treats,True
0068208206010,Helados Mexico Coconut Ice Cream Bars - 18 Fl. Oz.,7.49,,3132,2025-08-25T23:51:12Z,frozen-treats,True
0007585600170,Klondike Dark Chocolate Frozen Dairy Dessert Bars - 4.5 Fl. Oz.,5.49,,3132,2025-08-25T23:51:12Z,frozen-treats,True
0007756713228,Magnum Double Caramel Ice Cream Bars - 9.13 Oz,6.49,,3132,2025-08-25T23:51:12Z,frozen-treats,True
0007064001088,Blue Bunny Mini Swirls Caramel Cones Frozen Dessert - 8 Count,5.49,,3132,2025-08-25T23:51:12Z,frozen-treats,True
0004410060988,Lactaid Peanut Butter Chip Ice Cream - 1 Quart,6.49,,3132,2025-08-25T23:51:12Z,frozen-treats,True
0019064663020,Oatly Mint Chip Frozen Dessert - 16 Oz,3.99,,3132,2025-08-25T23:51:12Z,frozen-treats,True
0007756725450,Breyers Double Cookie Crumble Frozen Dairy Dessert - 48 Oz,6.99,,3132,2025-08-25T23:51:12Z,frozen-treats,True
0085314900804,Rebel Ice Ice Cream Mint Chip - Pint,6.99,,3132,2025-08-25T23:51:12Z,frozen-treats,True
0007027223202,Reddi Wip Original Whipped Topping Made With Real Cream Spray Can - 6.5 Oz,3.0,,3132,2025-08-25T23:51:12Z,frozen-treats,True
0007756725004,Breyers Extra Creamy Vanilla Frozen Dairy Dessert - 48 Oz,6.99,,3132,2025-08-25T23:51:12Z,frozen-treats,True
0002113008884,Signature SELECT Ice Cream Alaskan Classics Premium Mint Moose Tracks - 1.50 Quart,4.99,,3132,2025-08-25T23:51:12Z,frozen-treats,True
0004154833385,Dreyers Edys Ice Cream Classic Nestle Drumstick - 1.5 Quart,6.49,,3132,2025-08-25T23:51:12Z,frozen-treats,True
0002113009416,Signature SELECT Pomegranate Arils - 8 Oz,4.99,,3132,2025-08-25T23:51:12Z,frozen-treats,True
0085245500506,Baskin Robbins Ice Cream Gold Medal Ribbon - 14 Fl. Oz.,4.0,,3132,2025-08-25T23:51:12Z,frozen-treats,True
0002113100068,Marie Callender's Chocolate Satin Frozen Mini Pies - 6 Oz,3.79,,3132,2025-08-25T23:51:12Z,frozen-treats,True
0078732540021,Bubbies Mochi Ice Cream Cookies & Cream - 6 CT,4.99,,3132,2025-08-25T23:51:12Z,frozen-treats,True
0007027223204,Reddi Wip Original Whipped Topping Made With Real Cream Spray Can - 13 Oz,7.49,,3132,2025-08-25T23:51:12Z,frozen-treats,True
0085368700491,Pitaya Foods Smoothie Pop Acai Blueberry Organic - 12 FZ,4.99,,3132,2025-08-25T23:51:12Z,frozen-treats,True
0002113009950,Signature SELECT Blueberries Whole Unsweetened - 12 Oz,4.99,,3132,2025-08-25T23:51:12Z,frozen-treats,True
0007457000900,Haagen-Dazs Vanilla Ice Cream - 64 Oz,17.49,,3132,2025-08-25T23:51:12Z,frozen-treats,True
0002113008714,Signature SELECT Ice Cream Bars Krunch - 6-3 Fl. Oz.,2.99,,3132,2025-08-25T23:51:12Z,frozen-treats,True
0085368700490,Pitaya Foods Smoothie Pop Mango Dairy Free Organic - 12 FZ,4.99,,3132,2025-08-25T23:51:12Z,frozen-treats,True
0085245500553,Baskin Robbins Ice Cream Cotton Candy - 14 Fl. Oz.,4.0,,3132,2025-08-25T23:51:12Z,frozen-treats,True
0007989311194,Open Nature Mango Fruit Bar 6 Count - 2.45 Fl. Oz.,4.99,,3132,2025-08-25T23:51:12Z,frozen-treats,True
0007085200028,Clover Organic Heavy Whipping Cream - 16 Fl. Oz.,6.99,,3132,2025-08-25T23:51:12Z,frozen-treats,True
0085245500564,Baskin Robbins Cherries Jubilee - 14 FZ,4.0,,3132,2025-08-25T23:51:12Z,frozen-treats,True
0007064002512,B46 Bb Soft Churro - 46 OZ,5.99,,3132,2025-08-25T23:51:12Z,frozen-treats,True
0007064002530,Halo Top Sweet Cream Cold Brew Coffee Lower Calorie Light Ice Cream Pint - 16 Fl. Oz.,5.99,,3132,2025-08-25T23:51:12Z,frozen-treats,True
0002113007940,Lucerne Whipped Topping Extra Creamy - 6.5 Oz,3.99,,3132,2025-08-25T23:51:12Z,frozen-treats,True
0085000968208,Nick's Triple Chocolate Brownie Ice Cream - 16 Oz,4.99,,3132,2025-08-25T23:51:12Z,frozen-treats,True
0085000968203,Nicks Swedish Choklad Ice Cream - 16 Oz,4.99,,3132,2025-08-25T23:51:12Z,frozen-treats,True
0085245500538,Baskin Robbins Ice Cream Pistachio Almond - 14 Fl. Oz.,4.0,,3132,2025-08-25T23:51:12Z,frozen-treats,True
0019064663016,Oatly Vanilla Frozen Dessert - 16 Oz,3.99,,3132,2025-08-25T23:51:12Z,frozen-treats,True
0085000968216,Nick's Apple Pie Swedish Ice Cream - 16 Oz,8.49,,3132,2025-08-25T23:51:12Z,frozen-treats,True
0081841100176,Sambazon Acai Bowl Amzn Superberry - 6.1 OZ,4.5,,3132,2025-08-25T23:51:12Z,frozen-treats,True
0085314900814,Rebel Ice Cream Chocolate Peanut Butter - 1 PT,6.99,,3132,2025-08-25T23:51:12Z,frozen-treats,True
0019064663043,Oatly  Frozen Dessert Salted Caramel - 16 OZ,3.99,,3132,2025-08-25T23:51:12Z,frozen-treats,True
0002113009342,Signature SELECT Whole Cranberries - 16 Oz,4.99,,3132,2025-08-25T23:51:12Z,frozen-treats,True
0007989340655,O Organics Raspberries Frozen - 10 Oz,5.49,,3132,2025-08-25T23:51:12Z,frozen-treats,True
0007684000392,Ben & Jerry's Lights Caramel Action Vanilla Non Dairy Frozen Dessert - 16 Oz,6.99,,3132,2025-08-25T23:51:12Z,frozen-treats,True
0085808900311,Halo Top Chocolate Mocha Chip Light Ice Cream For Summer - 16 Fl. Oz.,5.99,,3132,2025-08-25T23:51:12Z,frozen-treats,True
0002113008785,Signature SELECT Ice Cream Sundae Cones Mini Vanilla - 10-2.25 Fl. Oz.,7.49,,3132,2025-08-25T23:51:12Z,frozen-treats,True
0085245500581,Baskin Robbins Baseball Nut Ice Cream - 14 Oz,4.0,,3132,2025-08-25T23:51:12Z,frozen-treats,True
0085245500579,Baskin Robbins Strawberry Cheesecake Ice Cream - Fl. Oz.,4.0,,3132,2025-08-25T23:51:12Z,frozen-treats,True
0002113008801,Signature SELECT French Vanilla Ice Cream - 1.50 Quart,4.99,,3132,2025-08-25T23:51:12Z,frozen-treats,True
0007064002370,Blue Bunny Soft Chocolate Frozen Dessert - 46 Fl. Oz.,5.99,,3132,2025-08-25T23:51:12Z,frozen-treats,True
0007064001087,Blue Bunny Mini Swirls Chocolate Cones Frozen Dessert - 8 Count,5.49,,3132,2025-08-25T23:51:12Z,frozen-treats,True
0085808900314,Halo Top Chocolate Chip Cookie Dough Light Ice Cream Frozen Dessert For Summer Pint - 16 Fl. Oz.,6.79,,3132,2025-08-25T23:51:12Z,frozen-treats,True
0007989340652,O Organics Strawberries Whole - 10 Oz,5.49,,3132,2025-08-25T23:51:12Z,frozen-treats,True
0085314900818,Rebel Ice Cream Orange Cream - 1 PT,6.99,,3132,2025-08-25T23:51:12Z,frozen-treats,True
0019064663019,Oatly Coffee Frozen Dessert - 16 Oz,3.99,,3132,2025-08-25T23:51:12Z,frozen-treats,True
0081015151347,Eggo Buttery Maple Ice Cream - 14 Fl. Oz.,3.99,,3132,2025-08-25T23:51:12Z,frozen-treats,True
0019568000016,Unlimeat Cake Chapsaruni Chocolate Mochi - 6.4 OZ,5.99,,3132,2025-08-25T23:51:12Z,frozen-treats,True
0002113008720,Signature SELECT Ice Cream Bars Toffee Brittle - 6-2.5 Fl. Oz.,2.99,,3132,2025-08-25T23:51:12Z,frozen-treats,True
0007684000410,Ben & Jerry's Ice Cream Chocolate Fudge Swirl 1 Qt - 1 QT,9.99,,3132,2025-08-25T23:51:12Z,frozen-treats,True
0085245500534,Baskin Robbins Ice Cream World Class Chocolate - 14 Oz,4.0,,3132,2025-08-25T23:51:12Z,frozen-treats,True
0002113150903,Marie Callender's Peach Pie Frozen Dessert - 10 Oz,3.79,,3132,2025-08-25T23:51:12Z,frozen-treats,True
0002113008970,Signature SELECT Ice Cream Salted Caramel - 1.5 Quart,4.99,,3132,2025-08-25T23:51:12Z,frozen-treats,True
0002113009853,Lucerne Frozen Dairy Dessert Marble Fudge 1 Gallon - 3.78 Liter,7.49,,3132,2025-08-25T23:51:12Z,frozen-treats,True
0002113016440,Signature SELECT Ice Cream Vanila Bean Lactose Free - 1.5 Quart,4.99,,3132,2025-08-25T23:51:12Z,frozen-treats,True
0085368700492,Pitaya Foods Smoothie Pop Passionfruit Peach Organic - 12 FZ,4.99,,3132,2025-08-25T23:51:12Z,frozen-treats,True
0085314900819,Rebel Ice Cream Peanut Butter Crml Chip - 1 PT,6.99,,3132,2025-08-25T23:51:12Z,frozen-treats,True
0007027223205,Reddi Wip Fat Free Whipped Topping Made With Real Cream Spray Can - 6.5 Oz,3.0,,3132,2025-08-25T23:51:12Z,frozen-treats,True
0076982817015,Melona Strawberry Ice Cream Tub 1.5 Qt - 1.5 QT,4.99,,3132,2025-08-25T23:51:12Z,frozen-treats,True
0007453484500,Budget Saver Monster Pops Lemon-Lime - 12-3 Count,4.99,,3132,2025-08-25T23:51:12Z,frozen-treats,True
0002113008815,Signature SELECT Ice Cream Neapolitan - 1.5 Quart,4.99,,3132,2025-08-25T23:51:12Z,frozen-treats,True
0004154800175,Dreyers Edys Ice Cream Slow Churned Light No Sugar Added Vanilla - 1.5 Quart,6.49,,3132,2025-08-25T23:51:12Z,frozen-treats,True
0074447347011,So Delicious Dairy Free Vanilla Bean Coconut Milk Frozen Dessert - 1 Pint,5.99,,3132,2025-08-25T23:51:12Z,frozen-treats,True
0085580200374,Jenis Splended Ice Creams Ice Cream Salt - PT,8.99,,3132,2025-08-25T23:51:12Z,frozen-treats,True
0089880600284,Welchs Smoothie Strawberry Banana Drink In A Pouch - 6 Fl. Oz.,3.33,,3132,2025-08-25T23:51:12Z,frozen-treats,True
0002113008803,Signature SELECT Chocolate Chip Cookie Dough Ice Cream - 1.50 Quart,4.99,,3132,2025-08-25T23:51:12Z,frozen-treats,True
0002113009414,Signature SELECT Papaya Chunks - 12 Oz,4.99,,3132,2025-08-25T23:51:12Z,frozen-treats,True
0089880600286,Welchs Smoothie Peach Mango Drink In A Pouch - 6 Fl. Oz.,3.33,,3132,2025-08-25T23:51:12Z,frozen-treats,True
0002113008809,Signature SELECT Chocolate Ice Cream - 1.50 Quart,4.99,,3132,2025-08-25T23:51:12Z,frozen-treats,True
0007457010895,Haagen-Dazs Ice Cream Caramel Cone - 28 Fl. Oz.,8.99,,3132,2025-08-25T23:51:12Z,frozen-treats,True
0081015151307,Kellogg’s Corn Pop Ice Cream - 14 Fl. Oz.,3.99,,3132,2025-08-25T23:51:12Z,frozen-treats,True
0003210008361,Sara Lee Pie Oven Fresh Cherry - 34 Oz,8.49,,3132,2025-08-25T23:51:12Z,frozen-treats,True
0007093499865,My Mochi Ice Cream Mochi Cookie Dough 6pk - 6 CT,3.49,,3132,2025-08-25T23:51:12Z,frozen-treats,True
0002113016439,Signature SELECT Ice Cream Caramel Swirl Apple Pie - 1.5 QT,4.99,,3132,2025-08-25T23:51:12Z,frozen-treats,True
0002113035104,Signature Select Ice Cream Brownie Moose Tracks 1 Pt - 1 PT,2.99,,3132,2025-08-25T23:51:12Z,frozen-treats,True
0004300000274,Cool Whip Extra Creamy Whipped Topping - 8 Oz,1.99,,3132,2025-08-25T23:51:12Z,frozen-treats,True
0007064002467,Blue Bunny Cherry Chocolate Twist Pint - 16 Fl. Oz.,5.99,,3132,2025-08-25T23:51:12Z,frozen-treats,True
0007457015566,Haagen-dazs Vanilla Milk Chocolate Ice Cream Snack Bars Mini - 6-11.1 Fl. Oz.,6.99,,3132,2025-08-25T23:51:12Z,frozen-treats,True
0007585600095,Klondike Birthday Cake Ice Cream Cone - 8 Count,10.99,,3132,2025-08-25T23:51:12Z,frozen-treats,True
0002113024247,Signature SELECT Ice Cream Premium Strawberry - 1.5 Quart,4.99,,3132,2025-08-25T23:51:12Z,frozen-treats,True
0007093499613,My Mo Ice Crm Mochi Green Tea - 6 Count,3.49,,3132,2025-08-25T23:51:12Z,frozen-treats,True
0085314900806,Rebel Ice Ice Cream Butter Pecan - 1 Pint,6.99,,3132,2025-08-25T23:51:12Z,frozen-treats,True
0007457065109,Haagen-Dazs Ice Cream Cup Strawberry - 3.6 Fl. Oz.,1.25,,3132,2025-08-25T23:51:12Z,frozen-treats,True
0085314900800,Rebel Ice Ice Cream Vanilla - 1 Pint,6.99,,3132,2025-08-25T23:51:12Z,frozen-treats,True
0085316900200,Jenis Spl Ice Cream Salty Caramel - 16 OZ,8.99,,3132,2025-08-25T23:51:12Z,frozen-treats,True
0085314900810,Rebel Ice Cream Triple Chocolate 1 Pint - 473 Ml,6.99,,3132,2025-08-25T23:51:12Z,frozen-treats,True
0085000968200,Nick's Vanilla Bean Ice Cream - 16 Oz,4.99,,3132,2025-08-25T23:51:12Z,frozen-treats,True
0085314900816,Rebel Ice Cream Snickerdoodle - 1 PT,6.99,,3132,2025-08-25T23:51:12Z,frozen-treats,True
0007989340260,O Organics Cherries Dark Sweet - 10 Oz,4.99,,3132,2025-08-25T23:51:12Z,frozen-treats,True
0002113030332,Signature SELECT Boston Creme Pie - 4 Oz,1.5,,3132,2025-08-25T23:51:12Z,frozen-treats,True
0007064002464,Blue Bunny Candy Bar Twist Pint - 16 Fl. Oz.,5.99,,3132,2025-08-25T23:51:12Z,frozen-treats,True
0007989340654,O Organics Blueberries Wild - 10 Oz,5.49,,3132,2025-08-25T23:51:12Z,frozen-treats,True
0007989340810,O Organics Whipping Cream Heavy - 16 Fl. Oz.,5.99,,3132,2025-08-25T23:51:12Z,frozen-treats,True
0007989312278,Open Nature Peach Fruit Bar 6 Count - 2.45 Fl. Oz.,4.99,,3132,2025-08-25T23:51:12Z,frozen-treats,True
0007786500178,"Fatboy Mint Cookies & Cream Ice Cream Sandwich Pop  14 Fz, 4-3.5 Fz - 4-3.5 FZ",6.99,,3132,2025-08-25T23:51:12Z,frozen-treats,True
0007684000174,Ben & Jerry's Chocolate Chip Cookie Dough Non Dairy Frozen Dessert - 16 Oz,6.99,,3132,2025-08-25T23:51:12Z,frozen-treats,True
0007457081209,Haagen-Dazs Ice Cream Dulce De Leche - 28 Fl. Oz.,8.99,,3132,2025-08-25T23:51:12Z,frozen-treats,True
0007989340298,O Organics Mango - 32 Oz,9.99,,3132,2025-08-25T23:51:12Z,frozen-treats,True
0074447347046,So Delicious Dairy Free Cookie Dough Coconut Milk Frozen Dessert - Pint,5.99,,3132,2025-08-25T23:51:12Z,frozen-treats,True
0004154841009,Disney Le Mickey Mouse Vanilla Fudge Ha - 1.5 QT,7.49,,3132,2025-08-25T23:51:12Z,frozen-treats,True
0007299207006,Mauna Loa Ice Cream Seasalt Macadamia Caramel - 16 OZ,7.99,,3132,2025-08-25T23:51:12Z,frozen-treats,True
0002113009973,Signature SELECT Ice Cream Bars Fudge Sundae Crunch - 6-3 Fl. Oz.,3.99,,3132,2025-08-25T23:51:12Z,frozen-treats,True
0002113009262,Signature SELECT Chocolate Peanut Butter Ice Cream Cup - 1.5 Quart,4.99,,3132,2025-08-25T23:51:12Z,frozen-treats,True
0007064002294,Bomb Pop NERDS Ice Pop - 12 Count,4.49,,3132,2025-08-25T23:51:12Z,frozen-treats,True
0007064002466,Blue Bunny Cookies And Cream Twist Pint - 16 Fl. Oz.,5.99,,3132,2025-08-25T23:51:12Z,frozen-treats,True
0007457065220,Haagen-Dazs City Sweets Summer Berry Waffle Ice Cream Bars - 3-3 Fl. Oz.,7.49,,3132,2025-08-25T23:51:12Z,frozen-treats,True
0085003702228,Dr Bombay Ice Cream Iced Out Orange Dream - 1 Pint,7.99,,3132,2025-08-25T23:51:12Z,frozen-treats,True
0002113008490,Signature SELECT Mint Chocolate Chip Light Ice Cream - 1.50 Quart,4.99,,3132,2025-08-25T23:51:12Z,frozen-treats,True
0085000968205,Nick's Sea Salt Caramel Ice Cream - 16 Oz,4.99,,3132,2025-08-25T23:51:12Z,frozen-treats,True
0002113033024,Signature Select Chocolate Fudge Sundae Ice Cream Cups - 12-3 Fl. Oz.,6.99,,3132,2025-08-25T23:51:12Z,frozen-treats,True
0081015151305,Kellogg’s Honey Smack Ice Cream - 14 Fl. Oz.,3.99,,3132,2025-08-25T23:51:12Z,frozen-treats,True
0007989340653,O Organics Mango - 10 Oz,5.49,,3132,2025-08-25T23:51:12Z,frozen-treats,True
0007457008201,Haagen-Dazs Ice Cream Cup Chocolate - 3.6 Fl. Oz.,1.25,,3132,2025-08-25T23:51:12Z,frozen-treats,True
0007064002349,Halo Top Chocolate Ice Cream Cake Light Ice Cream - 1 Pint,5.99,,3132,2025-08-25T23:51:12Z,frozen-treats,True
0002113035103,Signature Select Ice Cream Mint Moose Tracks 1 Pt - 1 PT,2.99,,3132,2025-08-25T23:51:12Z,frozen-treats,True
0061278110141,Marie Callender's Pumpkin Pie Frozen Dessert  - 36 Oz,9.99,,3132,2025-08-25T23:51:12Z,frozen-treats,True
0002113009126,Signature SELECT Chocolate Chips Ice Cream - 1.5 Quart,4.99,,3132,2025-08-25T23:51:12Z,frozen-treats,True
0007756700388,"Popsicle Buzz Light Year Pop, 10.96 Fz, 6 Count - 10.96 FZ",6.99,,3132,2025-08-25T23:51:12Z,frozen-treats,True
0074447389997,So Delicious Dairy Free CocoWhip Coconut Whipped Topping - 9 Oz,5.99,,3132,2025-08-25T23:51:12Z,frozen-treats,True
0086000026875,Keto Pint Peanut Butter Cup Ice Cream Pint - 473 Ml,7.49,,3132,2025-08-25T23:51:12Z,frozen-treats,True
0025379000000,Coconut Cream Pie 5 Inch - Each,4.99,,3132,2025-08-25T23:51:12Z,frozen-treats,True
0002113009327,Signature SELECT Sliced Strawberries And Bananas - 16 Oz,4.99,,3132,2025-08-25T23:51:12Z,frozen-treats,True
0003210008362,Sara Lee Pie Oven Fresh Apple - 34 Oz,8.49,,3132,2025-08-25T23:51:12Z,frozen-treats,True
0004154873786,Dreyers Edys Ice Cream Slow Churned Light French Vanilla - 1.5 Quart,6.49,,3132,2025-08-25T23:51:12Z,frozen-treats,True
0002113034693,Signature Select Whipped Topping Zero Sugar 8 Oz - 8 OZ,2.79,,3132,2025-08-25T23:51:12Z,frozen-treats,True
0002113035101,Signature Select Ice Cream Moose Tracks 1 Pt - 1 PT,2.99,,3132,2025-08-25T23:51:12Z,frozen-treats,True
0002113007939,Lucerne Whipped Topping Extra Creamy - 13 Fl. Oz.,4.99,,3132,2025-08-25T23:51:12Z,frozen-treats,True
0063585100640,Bindi Retail Tiramisu In Cup - 3.9 Oz,3.99,,3132,2025-08-25T23:51:12Z,frozen-treats,True
0007989312255,O Organics Whipping Cream Heavy - 32 Fl. Oz.,8.99,,3132,2025-08-25T23:51:12Z,frozen-treats,True
0002113030333,Signature SELECT Lemon Pie - 4 Oz,1.5,,3132,2025-08-25T23:51:12Z,frozen-treats,True
0002113007938,Lucerne Whipped Topping Original - 6.5 Oz,3.99,,3132,2025-08-25T23:51:12Z,frozen-treats,True
0007989316359,O Organics Strawberries & Bananas Sliced Family Size - 32 Oz,9.99,,3132,2025-08-25T23:51:12Z,frozen-treats,True
0002113013527,Signature SELECT Caramel Flavored Mini Sundae Cones - 10-2.25 Fl. Oz.,7.49,,3132,2025-08-25T23:51:12Z,frozen-treats,True
0089112300233,Village Piemaker Pumpkin Pie - 40 OZ,19.99,,3132,2025-08-25T23:51:12Z,frozen-treats,True
0007989340650,O Organics Peaches Sliced - 10 Oz,5.49,,3132,2025-08-25T23:51:12Z,frozen-treats,True
0007756700368,Magnum Ice Cream Mini White Chocolate Cookies - 6 Count,6.99,,3132,2025-08-25T23:51:12Z,frozen-treats,True
0002113035102,Signature Select Ice Cream Extreme Moose Tracks 1 Pt - 1 PT,2.99,,3132,2025-08-25T23:51:12Z,frozen-treats,True
0007989340651,O Organics Pineapple Chunks - 10 Oz,5.49,,3132,2025-08-25T23:51:12Z,frozen-treats,True
0081015151303,Kellogg’s Apple Jack Ice Cream - 14 Fl. Oz.,3.99,,3132,2025-08-25T23:51:12Z,frozen-treats,True
0002113008834,Signature SELECT Mocha Almond Fudge Light Ice Cream - 1.50 Quart,4.99,,3132,2025-08-25T23:51:12Z,frozen-treats,True
0002113008638,Signature SELECT Extra Creamy Whipped Topping - 8 Oz,2.79,,3132,2025-08-25T23:51:12Z,frozen-treats,True
0085808900306,Halo Top Chocolate Light Ice Cream Frozen Dessert For Summer - 16 Fl. Oz.,5.99,,3132,2025-08-25T23:51:12Z,frozen-treats,True
0002113012207,Signature SELECT Ice Cream Sandwich Peppermint - 6-3.5 Fl. Oz.,3.99,,3132,2025-08-25T23:51:12Z,frozen-treats,True
0002113030330,Signature SELECT Cherry Pie - 4 Oz,1.5,,3132,2025-08-25T23:51:12Z,frozen-treats,True
0002113035106,Signature Select Ice Cream Salted Caramel 1 Pt - 1 PT,2.99,,3132,2025-08-25T23:51:12Z,frozen-treats,True
0007457008202,Haagen-Dazs Ice Cream Cup Vanilla - 3.6 Fl. Oz.,1.25,,3132,2025-08-25T23:51:12Z,frozen-treats,True
0007457065110,Haagen-Dazs Ice Cream Cup Coffee - 3.6 Fl. Oz.,1.25,,3132,2025-08-25T23:51:12Z,frozen-treats,True
0007027223203,Reddi Wip Extra Creamy Whipped Topping Made With Real Cream Spray Can - 6.5 Oz,3.0,,3132,2025-08-25T23:51:12Z,frozen-treats,True
0007989316416,O Organics Strawberries Family Size - 32 Oz,9.99,,3132,2025-08-25T23:51:12Z,frozen-treats,True
0002113035100,Signature Select Ice Cream Vanilla Bean 1 Pt - 1 PT,2.99,,3132,2025-08-25T23:51:12Z,frozen-treats,True
0002113008632,Signature SELECT Dairy Whipped Topping - 8 Oz,2.79,,3132,2025-08-25T23:51:12Z,frozen-treats,True
0002113030329,Signature SELECT Apple Pie - 4 Oz,1.5,,3132,2025-08-25T23:51:12Z,frozen-treats,True
0002113035105,Signature Select Ice Cream Strawberry 1 Pt - 1 PT,2.99,,3132,2025-08-25T23:51:12Z,frozen-treats,True
0004400008378,CHIPS AHOY! Limited Edition Stranger Things Chewy Chocolatey Strawberry-Flavored Filled Soft Cookies - 9.9 Oz,5.99,,3132,2025-08-25T23:51:34Z,trending-treats,True
0004142008746,Trolli Limited Edition Mountain Dew Sour Bite Crawlers Gummy Candy - 6.3 Oz,3.29,,3132,2025-08-25T23:51:34Z,trending-treats,True
0004000060298,Twix Snickerdoodle Single 1.4 Ounces Each - 1.41 OZ,1.99,,3132,2025-08-25T23:51:34Z,trending-treats,True
0002840077732,Ruffles Variety Pack - 18 Count,11.99,,3132,2025-08-25T23:51:34Z,trending-treats,True
0081029100795,Tate's Bake Shop Limited Edition Pumpkin Spice Cookies - 6.5 Oz,6.49,,3132,2025-08-25T23:51:34Z,trending-treats,True
0002840078400,Lay's Hot Sauce Potatoe Chips - 7.75 Oz,4.99,,3132,2025-08-25T23:51:34Z,trending-treats,True
0004900002890,Coca-Cola Soda Pop Classic - 12-12 Fl. Oz.,13.43,,3132,2025-08-25T23:51:34Z,trending-treats,True
0004900004255,Coca-Cola Zero Sugar Soda Fridge Pack Cans - 12-12 Fl. Oz.,11.99,,3132,2025-08-25T23:51:34Z,trending-treats,True
0004900001278,Coca-Cola Soda Pop Classic - 24-12 Fl. Oz.,19.87,,3132,2025-08-25T23:51:34Z,trending-treats,True
0004900004284,Coca-Cola Zero Sugar Soda Cans - 24-12 Fl. Oz.,16.99,,3132,2025-08-25T23:51:34Z,trending-treats,True
0002113618163,Topo Chico Sabores Tangerine Flavored Sparkling Water - 8-12 Fl. Oz.,8.99,,3132,2025-08-25T23:51:34Z,trending-treats,True
0088939200093,Celsius Energy Drink Sparkling Variety Pack - 12-12 Fl Oz,23.99,,3132,2025-08-25T23:51:34Z,trending-treats,True
0002840075460,Frito Lay Puffed & Popped Mix - 35 Ct,22.99,,3132,2025-08-25T23:51:34Z,trending-treats,True
0001200024058,Pepsi Wild Cherry & Cream Zero Sugar 12-12fz - 12-12 FZ,11.99,,3132,2025-08-25T23:51:34Z,trending-treats,True
0002840077748,Cheetos Flamin' Hot Fiery Skulls Cheese Flavored Snacks - 7.5 Oz,5.79,,3132,2025-08-25T23:51:34Z,trending-treats,True
0003600056284,Poise Ut Xabs Wing Pad Convenience Pack Long Length 20 - 20 CT,19.99,,3132,2025-08-25T23:51:34Z,trending-treats,True
0003600051124,Depend Night Defense Overnight S/M Men's Adult Incontinence Underwear - 16 Count,19.99,,3132,2025-08-25T23:51:34Z,trending-treats,True
0088939202139,Celsuis Tropical Vibe - 12 Oz,2.79,,3132,2025-08-25T23:51:34Z,trending-treats,True
0005150000630,"Smucker's Uncrustables Peanut Butter And Raspberry 4 Pack, 8 Oz - 8 OZ",3.99,,3132,2025-08-25T23:51:34Z,trending-treats,True
0002840076380,Smartfood Cheetos Flamin Hot - 6.5 Oz,5.19,,3132,2025-08-25T23:51:34Z,trending-treats,True
0004200044607,Brawny Tear-a-Square Triple Roll Paper Towels - 6 Count,20.99,,3132,2025-08-25T23:51:34Z,trending-treats,True
0001200016010,Starbucks Pumpkin Spice Frappuccino Coffee Drink - 13.7 Fl. Oz.,4.43,,3132,2025-08-25T23:51:34Z,trending-treats,True
0002113618162,Topo Chico Sabores Lime Flavored Sparkling Water - 8-12 Fl. Oz.,8.99,,3132,2025-08-25T23:51:34Z,trending-treats,True
0088939200095,Celsius Vibe Variety - 12-12 FZ,23.99,,3132,2025-08-25T23:51:34Z,trending-treats,True
0002840073994,Rold Gold Selects Preztel Twists Oven Baked Cool Ranch - 16 Oz,6.49,,3132,2025-08-25T23:51:34Z,trending-treats,True
0004900055883,Coca-Cola Zero Sugar Orange Cream Fridge Pack Cans - 12-12 Fl. Oz.,11.99,,3132,2025-08-25T23:51:34Z,trending-treats,True
0002840075081,Doritos Dinamita Xxtra Flamin Hot - 10.75 Oz,6.29,,3132,2025-08-25T23:51:34Z,trending-treats,True
0007084789814,Monster Energy Ultra Vice Guava - 16 Oz,3.29,,3132,2025-08-25T23:51:34Z,trending-treats,True
0004400008168,Oreo Limited Edition Selena Gomez Chocolate & Cinnamon Creme Cookies - 10.68 Oz,5.99,,3132,2025-08-25T23:51:34Z,trending-treats,True
0005150004816,Smuckers Uncrustables Sandwich Peanut Butter and Strawberry Jam - 4 Count,3.99,,3132,2025-08-25T23:51:34Z,trending-treats,True
0009810010009,Starbucks Strawberry Acai Pink Drink - 14 Fl. Oz.,4.13,,3132,2025-08-25T23:51:34Z,trending-treats,True
0002840077732,Ruffles Variety Pack - 18 Count,11.99,,3132,2025-08-25T23:51:34Z,trending-treats,True
0007800067980,A&W Ice Cream Sundae Soda - 20 Fl. Oz.,2.99,,3132,2025-08-25T23:51:34Z,trending-treats,True
0001200024082,Pepsi Wild Cherry & Cream Soda - 12 - 12 Fl. Oz.,13.43,,3132,2025-08-25T23:51:34Z,trending-treats,True
0084259513508,Bloom Energy Raspberry Lemon - 12 Oz,2.79,,3132,2025-08-25T23:51:34Z,trending-treats,True
0002840076177,Miss Vickies Dill Pickle 8oz - 8 OZ,5.29,,3132,2025-08-25T23:51:34Z,trending-treats,True
0004400007975,OREO Chocolate Covered Pretzel Cookies - 10.68 Oz,5.99,,3132,2025-08-25T23:51:34Z,trending-treats,True
0004400008378,CHIPS AHOY! Limited Edition Stranger Things Chewy Chocolatey Strawberry-Flavored Filled Soft Cookies - 9.9 Oz,5.99,,3132,2025-08-25T23:51:34Z,trending-treats,True
0081016162013,Mas Plus Variety Pack - 12-12 Oz,19.99,,3132,2025-08-25T23:51:34Z,trending-treats,True
0001410005537,Goldfish Spicy Dill Pickle Flavored Baked Snacks - 6.25 Oz,4.49,,3132,2025-08-25T23:51:34Z,trending-treats,True
0002113618161,Topo Chico Sabores Blueberry Flavored Sparkling Water - 8-12 Fl. Oz.,8.99,,3132,2025-08-25T23:51:34Z,trending-treats,True
0004400003219,Chips Ahoy! Original Chocolate Chip Cookies - 13 Oz,4.49,,3132,2025-08-25T23:51:34Z,trending-treats,True
0004400006921,Wheat Thins Original Whole Grain Wheat Crackers Family Size - 14 Oz,5.99,,3132,2025-08-25T23:51:34Z,trending-treats,True
0002410012418,Cheez-It Baked Snack Crackers Smoked Gouda Lunch Snacks - 12.4 Oz,5.99,,3132,2025-08-25T23:51:34Z,trending-treats,True
0002410044087,Cheez-It Cheese Crackers White Cheddar Baked Snack Crackers - 21 Oz,6.49,,3132,2025-08-25T23:51:34Z,trending-treats,True
0084259513507,Bloom Energy Peach Mango - 12 Oz,2.79,,3132,2025-08-25T23:51:34Z,trending-treats,True
0081029100795,Tate's Bake Shop Limited Edition Pumpkin Spice Cookies - 6.5 Oz,6.49,,3132,2025-08-25T23:51:34Z,trending-treats,True
0002780006970,Keebler Harry Potter Fudge Stripe Butterbeer - 9.5 Oz,5.79,,3132,2025-08-25T23:51:34Z,trending-treats,True
0088939201017,Celsius Sparkling Fuji Apple Pear - 12 Fl. Oz.,2.79,,3132,2025-08-25T23:51:34Z,trending-treats,True
0081006371001,Poppi Prebiotic  Strawberry Lemon - 4 - 12 Fl. Oz.,8.47,,3132,2025-08-25T23:51:34Z,trending-treats,True
0081829001238,Chobani 20g Protein Strawberry Kiwi - 6.7 Oz,1.67,,3132,2025-08-25T23:51:34Z,trending-treats,True
0002410012435,Cheez It Wendy's Baconator Snack Crackers - 12.4 Oz,5.99,,3132,2025-08-25T23:51:34Z,trending-treats,True
0001600022635,Cheerios Protein Strawberry Family Size Breakfast Cereal - 15 Oz,6.99,,3132,2025-08-25T23:51:34Z,trending-treats,True
0075752800911,Takis Fuego Hot Chili Pepper & Lime Rolled Tortilla Chips - 25 - 1.2 Oz,15.99,,3132,2025-08-25T23:51:34Z,trending-treats,True
0001600022637,Cheerios Protein Cinnamon Family Size Breakfast Cereal - 15 Oz,6.99,,3132,2025-08-25T23:51:34Z,trending-treats,True
0088939201038,Celsius Sparkling Peace Vibe Drink 4pk - 48 FZ,10.99,,3132,2025-08-25T23:51:34Z,trending-treats,True
0002840076554,Doritos White Cheddar Nacho - 7.5 Oz,4.99,,3132,2025-08-25T23:51:34Z,trending-treats,True
0003663208065,Stok Decaf Unsweetened Cold Brew 48 Fz - 48 FZ,5.99,,3132,2025-08-25T23:51:34Z,trending-treats,True
0002840050895,Frito Lay Fritos Flavor Twists Queso Corn Snacks - 9.25 Oz,5.89,,3132,2025-08-25T23:51:34Z,trending-treats,True
0003400014220,HERSHEY'S KISSES Milk Chocolate Pokemon Candy Share Pack - 10.1 oz,6.99,,3132,2025-08-25T23:51:34Z,trending-treats,True
0084259513509,Bloom Energy Strawberry Watermelon - 12 Oz,2.79,,3132,2025-08-25T23:51:34Z,trending-treats,True
0004900004086,Coca-Cola Zero Sugar Soda Bottle - 20 Fl. Oz.,3.29,,3132,2025-08-25T23:51:34Z,trending-treats,True
0001410005522,Goldfish Barbecue Flavored Crisps - 6.25 Oz,4.49,,3132,2025-08-25T23:51:34Z,trending-treats,True
0081005180797,Peelerz Gummy Mango - Each,4.49,,3132,2025-08-25T23:51:34Z,trending-treats,True
0002840076462,Cheetos Crunchy Flamin' Hot Dill Pickle Cheese Snacks - 8.5 Oz,5.79,,3132,2025-08-25T23:51:34Z,trending-treats,True
0004400006041,OREO Birthday Cake Chocolate Sandwich Cookies Family Size - 17 Oz,5.99,,3132,2025-08-25T23:51:34Z,trending-treats,True
0088939202141,Celsius Sparkling Arctic Vibe Energy Drink Can - 12 Fl Oz,2.79,,3132,2025-08-25T23:51:34Z,trending-treats,True
0002840076644,Sunchips Variety Pack - 18 Count,11.99,,3132,2025-08-25T23:51:34Z,trending-treats,True
0004400008107,Wheat Thins Spicy Sweet Chili Whole Grain Wheat Crackers - 8.5 Oz,5.49,,3132,2025-08-25T23:51:34Z,trending-treats,True
0004400008194,Chips Ahoy! Chewy Ice Cream Sandwich Cookies - 9.9 Oz,5.99,,3132,2025-08-25T23:51:34Z,trending-treats,True
0002113035361,Signature Select Lemon Flower Ice Cream Sandwiches 4-3.38 Fz - 4-3.38F,6.49,,3132,2025-08-25T23:51:34Z,trending-treats,True
0061126900192,Red Bull Green Edition Curuba Elderflower Energy Drink - 12 Fl. Oz.,3.12,,3132,2025-08-25T23:51:34Z,trending-treats,True
0088939200042,Celsius Beverage Wild Berry - 4-12 Oz,10.99,,3132,2025-08-25T23:51:34Z,trending-treats,True
0088939201014,Celsius Sparkling Drink Kiwi Guava - 12 Fl. Oz.,2.79,,3132,2025-08-25T23:51:34Z,trending-treats,True
0004900000044,Coca-Cola Soda Pop Classic - 20 Fl. Oz.,3.49,,3132,2025-08-25T23:51:34Z,trending-treats,True
0004400008142,Oreo Loaded - 13.37 Oz,5.99,,3132,2025-08-25T23:51:34Z,trending-treats,True
0088939200362,Celsius Energy Drink Watermelon - 12 Fl. Oz.,2.79,,3132,2025-08-25T23:51:34Z,trending-treats,True
0004000042431,Snickers Chocolate Candy Bar - 1.86 Oz,1.99,,3132,2025-08-25T23:51:34Z,trending-treats,True
0004850020729,Tropicana Essentials Orange Juice Beverage Blend With Other Fruit No Pulp - 46 Fl. Oz.,3.99,,3132,2025-08-25T23:51:34Z,trending-treats,True
0081829001516,Chobani 20g Protein Raspberry Lemon - 6.7 Oz,1.67,,3132,2025-08-25T23:51:34Z,trending-treats,True
0081829001515,Chobani 20g Protein Vanilla - 6.7 Oz,1.67,,3132,2025-08-25T23:51:34Z,trending-treats,True
0088939201001,Celsius Calorie Reducing Drink Green Tea Peach Mango - 12 Oz,2.79,,3132,2025-08-25T23:51:34Z,trending-treats,True
0004850020731,Tropicana Essentials Orange Mango Juice Beverage Blend With Other Fruit No Pulp - 46 Fl. Oz.,3.99,,3132,2025-08-25T23:51:34Z,trending-treats,True
0085002101544,ZOA Wild White Peach Zero Sugar Energy Drink  - 12 Oz,2.0,,3132,2025-08-25T23:51:34Z,trending-treats,True
0004400008078,Triscuit Cinnamon Brown Sugar Crackers - 8.5 Oz,5.49,,3132,2025-08-25T23:51:34Z,trending-treats,True
0088939200032,Celsius Calorie Reducing Drink Sparkling Wild Berry - 12 Oz,2.79,,3132,2025-08-25T23:51:34Z,trending-treats,True
0003010012977,Club Crackers Sweet Hawaiian Lunch Snacks - 13.7 Oz,5.29,,3132,2025-08-25T23:51:34Z,trending-treats,True
0081829001239,Chobani 20g Protein Cherry Berry - 6.7 Oz,1.67,,3132,2025-08-25T23:51:34Z,trending-treats,True
0085002101543,ZOA Tropical Punch Zero Sugar Energy Drink - 12 Oz,2.0,,3132,2025-08-25T23:51:34Z,trending-treats,True
0085002101562,Zoa Frosted Grape Zero Sugar Energy Drink - 12 Oz,2.0,,3132,2025-08-25T23:51:34Z,trending-treats,True
0003800028153,Pringles Mingles Puffed Snacks Cheddar and Sour Cream Cheese Puffs - 5.5 Oz,3.99,,3132,2025-08-25T23:51:34Z,trending-treats,True
0084259513506,Bloom Energy Cherry Lime - 12 Oz,2.79,,3132,2025-08-25T23:51:34Z,trending-treats,True
0003663208064,"Stok Decaf Not Too Sweet Cold Brew, 48 Fz - 48 FZ",6.47,,3132,2025-08-25T23:51:34Z,trending-treats,True
0004400008343,RITZ Sunkissed With a Nice Tan Crackers - 13.7 Oz,4.99,,3132,2025-08-25T23:51:34Z,trending-treats,True
0002840076538,La Cocina De Josefina Sazonados Lightly Seasoned - 11.5 Oz,3.99,,3132,2025-08-25T23:51:34Z,trending-treats,True
0082951532653,Sensible Portions Nacho Cheese Tortilla Chips - 10 Oz.,6.99,,3132,2025-08-25T23:51:34Z,trending-treats,True
0082951532226,Sensible Portions Garden Veggie Straws Sea Salt - 12 Oz,7.99,,3132,2025-08-25T23:51:34Z,trending-treats,True
0002840076887,Tostitos Simply Sea Salt - 8.25 Oz,4.99,,3132,2025-08-25T23:51:34Z,trending-treats,True
0002840076809,Miss Vickies Kettle Cooked Sea Salt & Vinegar Potato Chips - 8 Oz,5.29,,3132,2025-08-25T23:51:34Z,trending-treats,True
0002840076296,Frito Lay Doritos Experience Mix - 18 Count,11.99,,3132,2025-08-25T23:51:34Z,trending-treats,True
0002410012424,Cheez-It Baked Snack Crackers Smoked Cheddar Lunch Snacks - 12.4 Oz,5.99,,3132,2025-08-25T23:51:34Z,trending-treats,True
0004000060557,M&m's Peanut Butter And Jelly Stand Up Pouch - 8.6 Oz,6.99,,3132,2025-08-25T23:51:34Z,trending-treats,True
0693595336174,Little Sheep Hot Pot Soup Base - 8.29 Oz,7.99,,3132,2025-08-25T23:51:34Z,trending-treats,True
0002780006570,Keebler Fudge Stripes Cookies Original - 11.5 Oz,4.99,,3132,2025-08-25T23:51:34Z,trending-treats,True
0002840076721,Chesters Fries Honey BBQ - 4.25 Oz,2.99,,3132,2025-08-25T23:51:34Z,trending-treats,True
0002840077949,Lay's Kettle Cooked Cheesy Buffalo Dip - 8 Oz,4.79,,3132,2025-08-25T23:51:34Z,trending-treats,True
0002840073997,Rold Gold Selects Preztel Twists Oven Baked Garlic Parmesan - 16 Oz,6.49,,3132,2025-08-25T23:51:34Z,trending-treats,True
0004000060298,Twix Snickerdoodle Single 1.4 Ounces Each - 1.41 OZ,1.99,,3132,2025-08-25T23:51:34Z,trending-treats,True
0081006371027,Poppi Prebiotic Cherry Limeade - 4 - 12 Fl. Oz.,8.47,,3132,2025-08-25T23:51:34Z,trending-treats,True
0088939200031,Celsius Calorie Reducing Drink Orange - 12 Oz,2.79,,3132,2025-08-25T23:51:34Z,trending-treats,True
0004000059537,Snickers Pecan Singles Candy Bar - 1.41 Oz,1.99,,3132,2025-08-25T23:51:34Z,trending-treats,True
0000980056020,Kinder Kinderini Cookies Shortbread Cookies - 8.8 Oz,5.49,,3132,2025-08-25T23:51:34Z,trending-treats,True
0070958651485,Poppi Strawberry Lemon Prebiotic Soda - 12 Fl. Oz.,2.12,,3132,2025-08-25T23:51:34Z,trending-treats,True
0085002344647,Gimme Korean Bbq Seaweed Snack - 0.7 Oz,3.99,,3132,2025-08-25T23:51:34Z,trending-treats,True
0002113035287,Soleil Sparkling Water Lemon Lime 8-12fz - 8-12 FZ,3.79,,3132,2025-08-25T23:51:34Z,trending-treats,True
0085002344644,Gimme Chile Lime Seaweed Snack  - 0.7 Oz,3.99,,3132,2025-08-25T23:51:34Z,trending-treats,True
0070958651487,Poppi Ginger Lime Prebiotic Soda - 12 Fl. Oz.,2.12,,3132,2025-08-25T23:51:34Z,trending-treats,True
0002840075904,Doritos Golden Sriracha 9.25oz - 9.25 OZ,6.29,,3132,2025-08-25T23:51:34Z,trending-treats,True
0002840076898,Chesters Fries Cheddar Jalapeno  - 4.25 Oz,2.99,,3132,2025-08-25T23:51:34Z,trending-treats,True
0004142008746,Trolli Limited Edition Mountain Dew Sour Bite Crawlers Gummy Candy - 6.3 Oz,3.29,,3132,2025-08-25T23:51:34Z,trending-treats,True
0002840076548,Lays Baked - 9.25 Oz,6.49,,3132,2025-08-25T23:51:34Z,trending-treats,True
0001070053005,"Shaq-a-licious Gummies Pouch Peach, Orange And Berry Punch Flavors - 11.8 Oz",6.49,,3132,2025-08-25T23:51:34Z,trending-treats,True
0072225206971,Clif Builders Oreo Protein Bar - 2.4 OZ,1.67,,3132,2025-08-25T23:51:34Z,trending-treats,True
0002840074003,Rold Gold Selects Preztel Twists Oven Baked Dill Pickle - 16 Oz,6.49,,3132,2025-08-25T23:51:34Z,trending-treats,True
0004900055873,Coca-Cola Zero Sugar Orange Cream Bottle - 20 Fl. Oz.,3.29,,3132,2025-08-25T23:51:34Z,trending-treats,True
0697039992578,Chi Forest Sparkling Water Fizzy Lychee - 11.16 FZ,2.49,,3132,2025-08-25T23:51:34Z,trending-treats,True
0081006371006,Poppi Prebiotic Raspberry Rose - 4 - 12 Fl. Oz.,8.47,,3132,2025-08-25T23:51:34Z,trending-treats,True
0002840076389,Funyuns Sour Cream - 5.25 Oz,5.19,,3132,2025-08-25T23:51:34Z,trending-treats,True
0002840076312,Chesters Fries Chili Cheese - 5.25 Oz,2.99,,3132,2025-08-25T23:51:34Z,trending-treats,True
0002840078400,Lay's Hot Sauce Potatoe Chips - 7.75 Oz,4.99,,3132,2025-08-25T23:51:34Z,trending-treats,True
0003800028159,Pringles Mingles Puffed Snacks Sharp White Cheddar and Ranch Cheese Puffs - 5.5 Oz,3.99,,3132,2025-08-25T23:51:34Z,trending-treats,True
0003600001247,U By Kotex Fresh & Dry Pantiliners Long - 16 CT,1.79,,3132,2025-08-25T23:51:34Z,trending-treats,True
0085002788026,Feastables Mrbeast Milk Chocolate Crunch Bar - 2.1 OZ,2.99,,3132,2025-08-25T23:51:34Z,trending-treats,True
0002840076722,Chesters Fries Original - 4.25 Oz,2.99,,3132,2025-08-25T23:51:34Z,trending-treats,True
0061126900194,Red Bull Green Edition Curuba Elderflower Energy Drink - 8.4 Fl. Oz.,2.58,,3132,2025-08-25T23:51:34Z,trending-treats,True
0081016162001,Mas+ by Messi Orange d'Or Bottle - 16.9 Fl. Oz.,2.79,,3132,2025-08-25T23:51:34Z,trending-treats,True
0002840069851,Ruffles Dill Pickle Potato Chips - 8 Oz,5.79,,3132,2025-08-25T23:51:34Z,trending-treats,True
0085002788028,Feastables MrBeast Peanut Butter Milk Chocolate Bar - 2.1 OZ,2.99,,3132,2025-08-25T23:51:34Z,trending-treats,True
0081006371039,Poppi Grape Prebiotic Soda - 12 Fl. Oz.,2.12,,3132,2025-08-25T23:51:34Z,trending-treats,True
0003800030792,Pringles Potato Buffalo Wing Crisp Chips  - 5.5 Oz,2.5,,3132,2025-08-25T23:51:34Z,trending-treats,True
0005200006340,Gatorade Mashup Thirst Quencher Cool Blue Fruit Punch - 28 Fl. Oz.,1.94,,3132,2025-08-25T23:51:34Z,trending-treats,True
0002200030128,Skittles Pop'd Sour Stand Up Pouch - 5.5 Oz,7.99,,3132,2025-08-25T23:51:34Z,trending-treats,True
0085002788017,Feastables Mrbeast Milk Chocolate Bar 35g - 1.2OZ,1.49,,3132,2025-08-25T23:51:34Z,trending-treats,True
0002840075908,Cheetos Puffs Pizza 8oz - 8 OZ,5.79,,3132,2025-08-25T23:51:34Z,trending-treats,True
0072419081287,Poppi Orange Prebiotic Soda - 12 Fl. Oz.,2.12,,3132,2025-08-25T23:51:34Z,trending-treats,True
0003800030236,Pringles Mingles Puffed Snacks Dill Pickle and Ranch Salty Snacks - 5.5 Oz,3.99,,3132,2025-08-25T23:51:34Z,trending-treats,True
0002840069128,Santitas Salsa Mild  - 15.5 Oz,3.79,,3132,2025-08-25T23:51:34Z,trending-treats,True
0085002788012,Feastables MrBeast Milk Chocolate Bar - 2.1 OZ,2.99,,3132,2025-08-25T23:51:34Z,trending-treats,True
0081006371007,Poppi Cherry Limeade Prebiotic Soda - 12 Fl. Oz.,2.12,,3132,2025-08-25T23:51:34Z,trending-treats,True
0697039992057,Chi Forest Sparkling Water White Peach - 11.16 Oz,2.49,,3132,2025-08-25T23:51:34Z,trending-treats,True
0081016162002,Mas+ by Messi Miami Punch Bottle - 16.9 Fl. Oz.,2.79,,3132,2025-08-25T23:51:34Z,trending-treats,True
0002840076212,Chesters Fries Carolina Style BBQ - 5.25 Oz,2.99,,3132,2025-08-25T23:51:34Z,trending-treats,True
0004850020730,Tropicana Essentials Orange Juice Beverage Blend With Other Fruit Some Pulp - 46 Fl. Oz.,3.99,,3132,2025-08-25T23:51:34Z,trending-treats,True
0081016162003,Mas+ by Messi Limon Lime League Bottle - 16.9 Fl. Oz.,2.79,,3132,2025-08-25T23:51:34Z,trending-treats,True
0081016162000,Mas+ by Messi Berry Copa Crush Bottle - 16.9 Fl. Oz.,2.79,,3132,2025-08-25T23:51:34Z,trending-treats,True
0002200030125,Skittles Pop'd Originals Stand Up Pouch - 5.5 Oz,7.99,,3132,2025-08-25T23:51:34Z,trending-treats,True
0002840073067,Doritos Late Night Loaded Taco - 9 Oz,6.29,,3132,2025-08-25T23:51:34Z,trending-treats,True
0002840076350,Lays Poppables Veggie Sea Salt 5oz - 5 OZ,4.99,,3132,2025-08-25T23:51:34Z,trending-treats,True
0005200006342,Gatorade Mashups Lemon Lime Orange Thirst Quencher - 28 Fl. Oz.,1.94,,3132,2025-08-25T23:51:34Z,trending-treats,True
0004000060553,M&ms Peanut Butter And Jelly Singles - 1.63 Oz,1.99,,3132,2025-08-25T23:51:34Z,trending-treats,True
0002840075901,Lays All Dressed 7.75oz - 7.75 OZ,4.99,,3132,2025-08-25T23:51:34Z,trending-treats,True
0002840069130,Santitas Salsa Hot - 15.5 Oz,3.79,,3132,2025-08-25T23:51:34Z,trending-treats,True
0002840068373,Ruffles Smokehouse BBQ Potato Chips - 8 Oz,5.79,,3132,2025-08-25T23:51:34Z,trending-treats,True
0004400008175,RITZ Hot Honey Crackers - 13.7 Oz,4.99,,3132,2025-08-25T23:51:34Z,trending-treats,True
0004900055533,Costa Signature Blend Sweetened Cold Brew - 40 FL. Oz.,5.39,,3132,2025-08-25T23:51:34Z,trending-treats,True
